E:\008-datasets\mcv-scripted-nan-tw-v23.0\cv-corpus-23.0-2025-09-05\nan-tw\single_speaker\wavs\common_voice_nan-tw_32135920.wav|nan_tw_01|yue|公館
E:\008-datasets\mcv-scripted-nan-tw-v23.0\cv-corpus-23.0-2025-09-05\nan-tw\single_speaker\wavs\common_voice_nan-tw_32135921.wav|nan_tw_01|yue|三觀五覆
E:\008-datasets\mcv-scripted-nan-tw-v23.0\cv-corpus-23.0-2025-09-05\nan-tw\single_speaker\wavs\common_voice_nan-tw_32135922.wav|nan_tw_01|yue|蟮蟲仔
E:\008-datasets\mcv-scripted-nan-tw-v23.0\cv-corpus-23.0-2025-09-05\nan-tw\single_speaker\wavs\common_voice_nan-tw_32135923.wav|nan_tw_01|yue|反抗期
E:\008-datasets\mcv-scripted-nan-tw-v23.0\cv-corpus-23.0-2025-09-05\nan-tw\single_speaker\wavs\common_voice_nan-tw_32135924.wav|nan_tw_01|yue|門掣
E:\008-datasets\mcv-scripted-nan-tw-v23.0\cv-corpus-23.0-2025-09-05\nan-tw\single_speaker\wavs\common_voice_nan-tw_32135925.wav|nan_tw_01|yue|十三股
E:\008-datasets\mcv-scripted-nan-tw-v23.0\cv-corpus-23.0-2025-09-05\nan-tw\single_speaker\wavs\common_voice_nan-tw_32135926.wav|nan_tw_01|yue|山鼻仔
E:\008-datasets\mcv-scripted-nan-tw-v23.0\cv-corpus-23.0-2025-09-05\nan-tw\single_speaker\wavs\common_voice_nan-tw_32135927.wav|nan_tw_01|yue|腌屁
E:\008-datasets\mcv-scripted-nan-tw-v23.0\cv-corpus-23.0-2025-09-05\nan-tw\single_speaker\wavs\common_voice_nan-tw_32135928.wav|nan_tw_01|yue|密婆坑
E:\008-datasets\mcv-scripted-nan-tw-v23.0\cv-corpus-23.0-2025-09-05\nan-tw\single_speaker\wavs\common_voice_nan-tw_32135929.wav|nan_tw_01|yue|警示燈
E:\008-datasets\mcv-scripted-nan-tw-v23.0\cv-corpus-23.0-2025-09-05\nan-tw\single_speaker\wavs\common_voice_nan-tw_32135930.wav|nan_tw_01|yue|雞油龜
E:\008-datasets\mcv-scripted-nan-tw-v23.0\cv-corpus-23.0-2025-09-05\nan-tw\single_speaker\wavs\common_voice_nan-tw_32135931.wav|nan_tw_01|yue|想欲
E:\008-datasets\mcv-scripted-nan-tw-v23.0\cv-corpus-23.0-2025-09-05\nan-tw\single_speaker\wavs\common_voice_nan-tw_32135932.wav|nan_tw_01|yue|上愛
E:\008-datasets\mcv-scripted-nan-tw-v23.0\cv-corpus-23.0-2025-09-05\nan-tw\single_speaker\wavs\common_voice_nan-tw_32135933.wav|nan_tw_01|yue|無要意
E:\008-datasets\mcv-scripted-nan-tw-v23.0\cv-corpus-23.0-2025-09-05\nan-tw\single_speaker\wavs\common_voice_nan-tw_32135934.wav|nan_tw_01|yue|玉兔
E:\008-datasets\mcv-scripted-nan-tw-v23.0\cv-corpus-23.0-2025-09-05\nan-tw\single_speaker\wavs\common_voice_nan-tw_32135935.wav|nan_tw_01|yue|鰆魚
E:\008-datasets\mcv-scripted-nan-tw-v23.0\cv-corpus-23.0-2025-09-05\nan-tw\single_speaker\wavs\common_voice_nan-tw_32135936.wav|nan_tw_01|yue|全班
E:\008-datasets\mcv-scripted-nan-tw-v23.0\cv-corpus-23.0-2025-09-05\nan-tw\single_speaker\wavs\common_voice_nan-tw_32135937.wav|nan_tw_01|yue|鉤股
E:\008-datasets\mcv-scripted-nan-tw-v23.0\cv-corpus-23.0-2025-09-05\nan-tw\single_speaker\wavs\common_voice_nan-tw_32135938.wav|nan_tw_01|yue|魑魅魍魎
E:\008-datasets\mcv-scripted-nan-tw-v23.0\cv-corpus-23.0-2025-09-05\nan-tw\single_speaker\wavs\common_voice_nan-tw_32135939.wav|nan_tw_01|yue|囡仔仙，扮大仙
E:\008-datasets\mcv-scripted-nan-tw-v23.0\cv-corpus-23.0-2025-09-05\nan-tw\single_speaker\wavs\common_voice_nan-tw_32135940.wav|nan_tw_01|yue|銅鉎
E:\008-datasets\mcv-scripted-nan-tw-v23.0\cv-corpus-23.0-2025-09-05\nan-tw\single_speaker\wavs\common_voice_nan-tw_32135941.wav|nan_tw_01|yue|昏頭
E:\008-datasets\mcv-scripted-nan-tw-v23.0\cv-corpus-23.0-2025-09-05\nan-tw\single_speaker\wavs\common_voice_nan-tw_32135942.wav|nan_tw_01|yue|三跤鱉
E:\008-datasets\mcv-scripted-nan-tw-v23.0\cv-corpus-23.0-2025-09-05\nan-tw\single_speaker\wavs\common_voice_nan-tw_32135943.wav|nan_tw_01|yue|火戛仔
E:\008-datasets\mcv-scripted-nan-tw-v23.0\cv-corpus-23.0-2025-09-05\nan-tw\single_speaker\wavs\common_voice_nan-tw_32135944.wav|nan_tw_01|yue|筊會跋，屎嘛會食得
E:\008-datasets\mcv-scripted-nan-tw-v23.0\cv-corpus-23.0-2025-09-05\nan-tw\single_speaker\wavs\common_voice_nan-tw_32135945.wav|nan_tw_01|yue|阿里史
E:\008-datasets\mcv-scripted-nan-tw-v23.0\cv-corpus-23.0-2025-09-05\nan-tw\single_speaker\wavs\common_voice_nan-tw_32135946.wav|nan_tw_01|yue|鎮星
E:\008-datasets\mcv-scripted-nan-tw-v23.0\cv-corpus-23.0-2025-09-05\nan-tw\single_speaker\wavs\common_voice_nan-tw_32135947.wav|nan_tw_01|yue|吉林
E:\008-datasets\mcv-scripted-nan-tw-v23.0\cv-corpus-23.0-2025-09-05\nan-tw\single_speaker\wavs\common_voice_nan-tw_32135948.wav|nan_tw_01|yue|暗號貨幣
E:\008-datasets\mcv-scripted-nan-tw-v23.0\cv-corpus-23.0-2025-09-05\nan-tw\single_speaker\wavs\common_voice_nan-tw_32135949.wav|nan_tw_01|yue|喙是風，字是蹤
E:\008-datasets\mcv-scripted-nan-tw-v23.0\cv-corpus-23.0-2025-09-05\nan-tw\single_speaker\wavs\common_voice_nan-tw_32135950.wav|nan_tw_01|yue|勻位字
E:\008-datasets\mcv-scripted-nan-tw-v23.0\cv-corpus-23.0-2025-09-05\nan-tw\single_speaker\wavs\common_voice_nan-tw_32135951.wav|nan_tw_01|yue|拍瀑拉族
E:\008-datasets\mcv-scripted-nan-tw-v23.0\cv-corpus-23.0-2025-09-05\nan-tw\single_speaker\wavs\common_voice_nan-tw_32135952.wav|nan_tw_01|yue|水濺仔
E:\008-datasets\mcv-scripted-nan-tw-v23.0\cv-corpus-23.0-2025-09-05\nan-tw\single_speaker\wavs\common_voice_nan-tw_32135953.wav|nan_tw_01|yue|丸仔蟲
E:\008-datasets\mcv-scripted-nan-tw-v23.0\cv-corpus-23.0-2025-09-05\nan-tw\single_speaker\wavs\common_voice_nan-tw_32135954.wav|nan_tw_01|yue|一還一，二還二
E:\008-datasets\mcv-scripted-nan-tw-v23.0\cv-corpus-23.0-2025-09-05\nan-tw\single_speaker\wavs\common_voice_nan-tw_32135955.wav|nan_tw_01|yue|莊頂路
E:\008-datasets\mcv-scripted-nan-tw-v23.0\cv-corpus-23.0-2025-09-05\nan-tw\single_speaker\wavs\common_voice_nan-tw_32135956.wav|nan_tw_01|yue|求神問佛
E:\008-datasets\mcv-scripted-nan-tw-v23.0\cv-corpus-23.0-2025-09-05\nan-tw\single_speaker\wavs\common_voice_nan-tw_32135957.wav|nan_tw_01|yue|埤仔跤
E:\008-datasets\mcv-scripted-nan-tw-v23.0\cv-corpus-23.0-2025-09-05\nan-tw\single_speaker\wavs\common_voice_nan-tw_32135958.wav|nan_tw_01|yue|頂流
E:\008-datasets\mcv-scripted-nan-tw-v23.0\cv-corpus-23.0-2025-09-05\nan-tw\single_speaker\wavs\common_voice_nan-tw_32135959.wav|nan_tw_01|yue|聖潔石
E:\008-datasets\mcv-scripted-nan-tw-v23.0\cv-corpus-23.0-2025-09-05\nan-tw\single_speaker\wavs\common_voice_nan-tw_32135960.wav|nan_tw_01|yue|衝紅燈
E:\008-datasets\mcv-scripted-nan-tw-v23.0\cv-corpus-23.0-2025-09-05\nan-tw\single_speaker\wavs\common_voice_nan-tw_32135961.wav|nan_tw_01|yue|太上老君
E:\008-datasets\mcv-scripted-nan-tw-v23.0\cv-corpus-23.0-2025-09-05\nan-tw\single_speaker\wavs\common_voice_nan-tw_32135962.wav|nan_tw_01|yue|富陽生態公園
E:\008-datasets\mcv-scripted-nan-tw-v23.0\cv-corpus-23.0-2025-09-05\nan-tw\single_speaker\wavs\common_voice_nan-tw_32135963.wav|nan_tw_01|yue|細喙壺
E:\008-datasets\mcv-scripted-nan-tw-v23.0\cv-corpus-23.0-2025-09-05\nan-tw\single_speaker\wavs\common_voice_nan-tw_32135964.wav|nan_tw_01|yue|金華公園
E:\008-datasets\mcv-scripted-nan-tw-v23.0\cv-corpus-23.0-2025-09-05\nan-tw\single_speaker\wavs\common_voice_nan-tw_32135975.wav|nan_tw_01|yue|栗美國
E:\008-datasets\mcv-scripted-nan-tw-v23.0\cv-corpus-23.0-2025-09-05\nan-tw\single_speaker\wavs\common_voice_nan-tw_32135976.wav|nan_tw_01|yue|山牛犅
E:\008-datasets\mcv-scripted-nan-tw-v23.0\cv-corpus-23.0-2025-09-05\nan-tw\single_speaker\wavs\common_voice_nan-tw_32135977.wav|nan_tw_01|yue|滅火
E:\008-datasets\mcv-scripted-nan-tw-v23.0\cv-corpus-23.0-2025-09-05\nan-tw\single_speaker\wavs\common_voice_nan-tw_32135978.wav|nan_tw_01|yue|十指迵心肝
E:\008-datasets\mcv-scripted-nan-tw-v23.0\cv-corpus-23.0-2025-09-05\nan-tw\single_speaker\wavs\common_voice_nan-tw_32135979.wav|nan_tw_01|yue|名號表嘛咧欲用了
E:\008-datasets\mcv-scripted-nan-tw-v23.0\cv-corpus-23.0-2025-09-05\nan-tw\single_speaker\wavs\common_voice_nan-tw_32135980.wav|nan_tw_01|yue|查某囝飼大別人个
E:\008-datasets\mcv-scripted-nan-tw-v23.0\cv-corpus-23.0-2025-09-05\nan-tw\single_speaker\wavs\common_voice_nan-tw_32135981.wav|nan_tw_01|yue|台北
E:\008-datasets\mcv-scripted-nan-tw-v23.0\cv-corpus-23.0-2025-09-05\nan-tw\single_speaker\wavs\common_voice_nan-tw_32135982.wav|nan_tw_01|yue|戇虎咬炮紙
E:\008-datasets\mcv-scripted-nan-tw-v23.0\cv-corpus-23.0-2025-09-05\nan-tw\single_speaker\wavs\common_voice_nan-tw_32135983.wav|nan_tw_01|yue|藉著
E:\008-datasets\mcv-scripted-nan-tw-v23.0\cv-corpus-23.0-2025-09-05\nan-tw\single_speaker\wavs\common_voice_nan-tw_32135984.wav|nan_tw_01|yue|涼腔仔話
E:\008-datasets\mcv-scripted-nan-tw-v23.0\cv-corpus-23.0-2025-09-05\nan-tw\single_speaker\wavs\common_voice_nan-tw_32135985.wav|nan_tw_01|yue|登山客
E:\008-datasets\mcv-scripted-nan-tw-v23.0\cv-corpus-23.0-2025-09-05\nan-tw\single_speaker\wavs\common_voice_nan-tw_32135986.wav|nan_tw_01|yue|阿本仔
E:\008-datasets\mcv-scripted-nan-tw-v23.0\cv-corpus-23.0-2025-09-05\nan-tw\single_speaker\wavs\common_voice_nan-tw_32135987.wav|nan_tw_01|yue|頭銜
E:\008-datasets\mcv-scripted-nan-tw-v23.0\cv-corpus-23.0-2025-09-05\nan-tw\single_speaker\wavs\common_voice_nan-tw_32135988.wav|nan_tw_01|yue|伊已經倒轉去下港矣
E:\008-datasets\mcv-scripted-nan-tw-v23.0\cv-corpus-23.0-2025-09-05\nan-tw\single_speaker\wavs\common_voice_nan-tw_32135989.wav|nan_tw_01|yue|欠貨
E:\008-datasets\mcv-scripted-nan-tw-v23.0\cv-corpus-23.0-2025-09-05\nan-tw\single_speaker\wavs\common_voice_nan-tw_32135990.wav|nan_tw_01|yue|千甲
E:\008-datasets\mcv-scripted-nan-tw-v23.0\cv-corpus-23.0-2025-09-05\nan-tw\single_speaker\wavs\common_voice_nan-tw_32135991.wav|nan_tw_01|yue|在你行
E:\008-datasets\mcv-scripted-nan-tw-v23.0\cv-corpus-23.0-2025-09-05\nan-tw\single_speaker\wavs\common_voice_nan-tw_32135992.wav|nan_tw_01|yue|傳病蠓
E:\008-datasets\mcv-scripted-nan-tw-v23.0\cv-corpus-23.0-2025-09-05\nan-tw\single_speaker\wavs\common_voice_nan-tw_32135993.wav|nan_tw_01|yue|孤?的
E:\008-datasets\mcv-scripted-nan-tw-v23.0\cv-corpus-23.0-2025-09-05\nan-tw\single_speaker\wavs\common_voice_nan-tw_32135994.wav|nan_tw_01|yue|雞翼
E:\008-datasets\mcv-scripted-nan-tw-v23.0\cv-corpus-23.0-2025-09-05\nan-tw\single_speaker\wavs\common_voice_nan-tw_32135995.wav|nan_tw_01|yue|跩折
E:\008-datasets\mcv-scripted-nan-tw-v23.0\cv-corpus-23.0-2025-09-05\nan-tw\single_speaker\wavs\common_voice_nan-tw_32135996.wav|nan_tw_01|yue|撨價數
E:\008-datasets\mcv-scripted-nan-tw-v23.0\cv-corpus-23.0-2025-09-05\nan-tw\single_speaker\wavs\common_voice_nan-tw_32135997.wav|nan_tw_01|yue|白耳龍
E:\008-datasets\mcv-scripted-nan-tw-v23.0\cv-corpus-23.0-2025-09-05\nan-tw\single_speaker\wavs\common_voice_nan-tw_32135998.wav|nan_tw_01|yue|二酸化炭素
E:\008-datasets\mcv-scripted-nan-tw-v23.0\cv-corpus-23.0-2025-09-05\nan-tw\single_speaker\wavs\common_voice_nan-tw_32135999.wav|nan_tw_01|yue|縉雲
E:\008-datasets\mcv-scripted-nan-tw-v23.0\cv-corpus-23.0-2025-09-05\nan-tw\single_speaker\wavs\common_voice_nan-tw_32136000.wav|nan_tw_01|yue|獅仔鄉
E:\008-datasets\mcv-scripted-nan-tw-v23.0\cv-corpus-23.0-2025-09-05\nan-tw\single_speaker\wavs\common_voice_nan-tw_32136001.wav|nan_tw_01|yue|山院
E:\008-datasets\mcv-scripted-nan-tw-v23.0\cv-corpus-23.0-2025-09-05\nan-tw\single_speaker\wavs\common_voice_nan-tw_32136002.wav|nan_tw_01|yue|佮肩胛頭平闊
E:\008-datasets\mcv-scripted-nan-tw-v23.0\cv-corpus-23.0-2025-09-05\nan-tw\single_speaker\wavs\common_voice_nan-tw_32136003.wav|nan_tw_01|yue|咖啡園
E:\008-datasets\mcv-scripted-nan-tw-v23.0\cv-corpus-23.0-2025-09-05\nan-tw\single_speaker\wavs\common_voice_nan-tw_32136064.wav|nan_tw_01|yue|怙
E:\008-datasets\mcv-scripted-nan-tw-v23.0\cv-corpus-23.0-2025-09-05\nan-tw\single_speaker\wavs\common_voice_nan-tw_32136065.wav|nan_tw_01|yue|輸贏
E:\008-datasets\mcv-scripted-nan-tw-v23.0\cv-corpus-23.0-2025-09-05\nan-tw\single_speaker\wavs\common_voice_nan-tw_32136066.wav|nan_tw_01|yue|孔教
E:\008-datasets\mcv-scripted-nan-tw-v23.0\cv-corpus-23.0-2025-09-05\nan-tw\single_speaker\wavs\common_voice_nan-tw_32136067.wav|nan_tw_01|yue|透明片
E:\008-datasets\mcv-scripted-nan-tw-v23.0\cv-corpus-23.0-2025-09-05\nan-tw\single_speaker\wavs\common_voice_nan-tw_32136068.wav|nan_tw_01|yue|花白sut-sut
E:\008-datasets\mcv-scripted-nan-tw-v23.0\cv-corpus-23.0-2025-09-05\nan-tw\single_speaker\wavs\common_voice_nan-tw_32136465.wav|nan_tw_01|yue|歹面相看
E:\008-datasets\mcv-scripted-nan-tw-v23.0\cv-corpus-23.0-2025-09-05\nan-tw\single_speaker\wavs\common_voice_nan-tw_32136466.wav|nan_tw_01|yue|鳳山區
E:\008-datasets\mcv-scripted-nan-tw-v23.0\cv-corpus-23.0-2025-09-05\nan-tw\single_speaker\wavs\common_voice_nan-tw_32136467.wav|nan_tw_01|yue|番鼠
E:\008-datasets\mcv-scripted-nan-tw-v23.0\cv-corpus-23.0-2025-09-05\nan-tw\single_speaker\wavs\common_voice_nan-tw_32136468.wav|nan_tw_01|yue|囡仔人，大人心肝
E:\008-datasets\mcv-scripted-nan-tw-v23.0\cv-corpus-23.0-2025-09-05\nan-tw\single_speaker\wavs\common_voice_nan-tw_32136469.wav|nan_tw_01|yue|頭綴
E:\008-datasets\mcv-scripted-nan-tw-v23.0\cv-corpus-23.0-2025-09-05\nan-tw\single_speaker\wavs\common_voice_nan-tw_32136470.wav|nan_tw_01|yue|相駛
E:\008-datasets\mcv-scripted-nan-tw-v23.0\cv-corpus-23.0-2025-09-05\nan-tw\single_speaker\wavs\common_voice_nan-tw_32136471.wav|nan_tw_01|yue|偷微
E:\008-datasets\mcv-scripted-nan-tw-v23.0\cv-corpus-23.0-2025-09-05\nan-tw\single_speaker\wavs\common_voice_nan-tw_32136472.wav|nan_tw_01|yue|袂假會
E:\008-datasets\mcv-scripted-nan-tw-v23.0\cv-corpus-23.0-2025-09-05\nan-tw\single_speaker\wavs\common_voice_nan-tw_32136473.wav|nan_tw_01|yue|頷頸
E:\008-datasets\mcv-scripted-nan-tw-v23.0\cv-corpus-23.0-2025-09-05\nan-tw\single_speaker\wavs\common_voice_nan-tw_32136474.wav|nan_tw_01|yue|報路
E:\008-datasets\mcv-scripted-nan-tw-v23.0\cv-corpus-23.0-2025-09-05\nan-tw\single_speaker\wavs\common_voice_nan-tw_32136480.wav|nan_tw_01|yue|新園鄉
E:\008-datasets\mcv-scripted-nan-tw-v23.0\cv-corpus-23.0-2025-09-05\nan-tw\single_speaker\wavs\common_voice_nan-tw_32136481.wav|nan_tw_01|yue|目降鬚聳
E:\008-datasets\mcv-scripted-nan-tw-v23.0\cv-corpus-23.0-2025-09-05\nan-tw\single_speaker\wavs\common_voice_nan-tw_32136482.wav|nan_tw_01|yue|鳳山區
E:\008-datasets\mcv-scripted-nan-tw-v23.0\cv-corpus-23.0-2025-09-05\nan-tw\single_speaker\wavs\common_voice_nan-tw_32136483.wav|nan_tw_01|yue|予人看現現
E:\008-datasets\mcv-scripted-nan-tw-v23.0\cv-corpus-23.0-2025-09-05\nan-tw\single_speaker\wavs\common_voice_nan-tw_32136484.wav|nan_tw_01|yue|仁愛國小
E:\008-datasets\mcv-scripted-nan-tw-v23.0\cv-corpus-23.0-2025-09-05\nan-tw\single_speaker\wavs\common_voice_nan-tw_32136485.wav|nan_tw_01|yue|華山公園
E:\008-datasets\mcv-scripted-nan-tw-v23.0\cv-corpus-23.0-2025-09-05\nan-tw\single_speaker\wavs\common_voice_nan-tw_32136486.wav|nan_tw_01|yue|無定著彼件代誌就是伊做的
E:\008-datasets\mcv-scripted-nan-tw-v23.0\cv-corpus-23.0-2025-09-05\nan-tw\single_speaker\wavs\common_voice_nan-tw_32136487.wav|nan_tw_01|yue|游泳箍仔
E:\008-datasets\mcv-scripted-nan-tw-v23.0\cv-corpus-23.0-2025-09-05\nan-tw\single_speaker\wavs\common_voice_nan-tw_32136488.wav|nan_tw_01|yue|后里區
E:\008-datasets\mcv-scripted-nan-tw-v23.0\cv-corpus-23.0-2025-09-05\nan-tw\single_speaker\wavs\common_voice_nan-tw_32136490.wav|nan_tw_01|yue|魚嶺
E:\008-datasets\mcv-scripted-nan-tw-v23.0\cv-corpus-23.0-2025-09-05\nan-tw\single_speaker\wavs\common_voice_nan-tw_32136495.wav|nan_tw_01|yue|後尾仔
E:\008-datasets\mcv-scripted-nan-tw-v23.0\cv-corpus-23.0-2025-09-05\nan-tw\single_speaker\wavs\common_voice_nan-tw_32136496.wav|nan_tw_01|yue|碧藍幻想
E:\008-datasets\mcv-scripted-nan-tw-v23.0\cv-corpus-23.0-2025-09-05\nan-tw\single_speaker\wavs\common_voice_nan-tw_32136497.wav|nan_tw_01|yue|自樂岫
E:\008-datasets\mcv-scripted-nan-tw-v23.0\cv-corpus-23.0-2025-09-05\nan-tw\single_speaker\wavs\common_voice_nan-tw_32136498.wav|nan_tw_01|yue|蔭酒
E:\008-datasets\mcv-scripted-nan-tw-v23.0\cv-corpus-23.0-2025-09-05\nan-tw\single_speaker\wavs\common_voice_nan-tw_32136499.wav|nan_tw_01|yue|一碗飯來分我好無？
E:\008-datasets\mcv-scripted-nan-tw-v23.0\cv-corpus-23.0-2025-09-05\nan-tw\single_speaker\wavs\common_voice_nan-tw_32136505.wav|nan_tw_01|yue|食較䆀
E:\008-datasets\mcv-scripted-nan-tw-v23.0\cv-corpus-23.0-2025-09-05\nan-tw\single_speaker\wavs\common_voice_nan-tw_32136506.wav|nan_tw_01|yue|溝仔
E:\008-datasets\mcv-scripted-nan-tw-v23.0\cv-corpus-23.0-2025-09-05\nan-tw\single_speaker\wavs\common_voice_nan-tw_32136507.wav|nan_tw_01|yue|有心，無氣力
E:\008-datasets\mcv-scripted-nan-tw-v23.0\cv-corpus-23.0-2025-09-05\nan-tw\single_speaker\wavs\common_voice_nan-tw_32136508.wav|nan_tw_01|yue|臺北大巨蛋
E:\008-datasets\mcv-scripted-nan-tw-v23.0\cv-corpus-23.0-2025-09-05\nan-tw\single_speaker\wavs\common_voice_nan-tw_32136509.wav|nan_tw_01|yue|網紗
E:\008-datasets\mcv-scripted-nan-tw-v23.0\cv-corpus-23.0-2025-09-05\nan-tw\single_speaker\wavs\common_voice_nan-tw_32136515.wav|nan_tw_01|yue|市立體育場
E:\008-datasets\mcv-scripted-nan-tw-v23.0\cv-corpus-23.0-2025-09-05\nan-tw\single_speaker\wavs\common_voice_nan-tw_32136516.wav|nan_tw_01|yue|松柏樹
E:\008-datasets\mcv-scripted-nan-tw-v23.0\cv-corpus-23.0-2025-09-05\nan-tw\single_speaker\wavs\common_voice_nan-tw_32136517.wav|nan_tw_01|yue|爸母生成
E:\008-datasets\mcv-scripted-nan-tw-v23.0\cv-corpus-23.0-2025-09-05\nan-tw\single_speaker\wavs\common_voice_nan-tw_32136518.wav|nan_tw_01|yue|一手包辦
E:\008-datasets\mcv-scripted-nan-tw-v23.0\cv-corpus-23.0-2025-09-05\nan-tw\single_speaker\wavs\common_voice_nan-tw_32136519.wav|nan_tw_01|yue|頂頂下下
E:\008-datasets\mcv-scripted-nan-tw-v23.0\cv-corpus-23.0-2025-09-05\nan-tw\single_speaker\wavs\common_voice_nan-tw_32136520.wav|nan_tw_01|yue|五結鄉
E:\008-datasets\mcv-scripted-nan-tw-v23.0\cv-corpus-23.0-2025-09-05\nan-tw\single_speaker\wavs\common_voice_nan-tw_32136521.wav|nan_tw_01|yue|山坪
E:\008-datasets\mcv-scripted-nan-tw-v23.0\cv-corpus-23.0-2025-09-05\nan-tw\single_speaker\wavs\common_voice_nan-tw_32136522.wav|nan_tw_01|yue|臭柑吐籠
E:\008-datasets\mcv-scripted-nan-tw-v23.0\cv-corpus-23.0-2025-09-05\nan-tw\single_speaker\wavs\common_voice_nan-tw_32136523.wav|nan_tw_01|yue|松山路
E:\008-datasets\mcv-scripted-nan-tw-v23.0\cv-corpus-23.0-2025-09-05\nan-tw\single_speaker\wavs\common_voice_nan-tw_32136524.wav|nan_tw_01|yue|字卡
E:\008-datasets\mcv-scripted-nan-tw-v23.0\cv-corpus-23.0-2025-09-05\nan-tw\single_speaker\wavs\common_voice_nan-tw_32136525.wav|nan_tw_01|yue|落水頭
E:\008-datasets\mcv-scripted-nan-tw-v23.0\cv-corpus-23.0-2025-09-05\nan-tw\single_speaker\wavs\common_voice_nan-tw_32136526.wav|nan_tw_01|yue|二八張
E:\008-datasets\mcv-scripted-nan-tw-v23.0\cv-corpus-23.0-2025-09-05\nan-tw\single_speaker\wavs\common_voice_nan-tw_32136527.wav|nan_tw_01|yue|山里
E:\008-datasets\mcv-scripted-nan-tw-v23.0\cv-corpus-23.0-2025-09-05\nan-tw\single_speaker\wavs\common_voice_nan-tw_32136528.wav|nan_tw_01|yue|隘寮坑
E:\008-datasets\mcv-scripted-nan-tw-v23.0\cv-corpus-23.0-2025-09-05\nan-tw\single_speaker\wavs\common_voice_nan-tw_32136529.wav|nan_tw_01|yue|腎盂
E:\008-datasets\mcv-scripted-nan-tw-v23.0\cv-corpus-23.0-2025-09-05\nan-tw\single_speaker\wavs\common_voice_nan-tw_32136530.wav|nan_tw_01|yue|竹坑口
E:\008-datasets\mcv-scripted-nan-tw-v23.0\cv-corpus-23.0-2025-09-05\nan-tw\single_speaker\wavs\common_voice_nan-tw_32136531.wav|nan_tw_01|yue|赤跤仙仔
E:\008-datasets\mcv-scripted-nan-tw-v23.0\cv-corpus-23.0-2025-09-05\nan-tw\single_speaker\wavs\common_voice_nan-tw_32136532.wav|nan_tw_01|yue|飽流
E:\008-datasets\mcv-scripted-nan-tw-v23.0\cv-corpus-23.0-2025-09-05\nan-tw\single_speaker\wavs\common_voice_nan-tw_32136533.wav|nan_tw_01|yue|深山林內
E:\008-datasets\mcv-scripted-nan-tw-v23.0\cv-corpus-23.0-2025-09-05\nan-tw\single_speaker\wavs\common_voice_nan-tw_32136534.wav|nan_tw_01|yue|吳興街
E:\008-datasets\mcv-scripted-nan-tw-v23.0\cv-corpus-23.0-2025-09-05\nan-tw\single_speaker\wavs\common_voice_nan-tw_32136535.wav|nan_tw_01|yue|扯
E:\008-datasets\mcv-scripted-nan-tw-v23.0\cv-corpus-23.0-2025-09-05\nan-tw\single_speaker\wavs\common_voice_nan-tw_32136536.wav|nan_tw_01|yue|岐山
E:\008-datasets\mcv-scripted-nan-tw-v23.0\cv-corpus-23.0-2025-09-05\nan-tw\single_speaker\wavs\common_voice_nan-tw_32136537.wav|nan_tw_01|yue|餘姚
E:\008-datasets\mcv-scripted-nan-tw-v23.0\cv-corpus-23.0-2025-09-05\nan-tw\single_speaker\wavs\common_voice_nan-tw_32136538.wav|nan_tw_01|yue|隔腹阿姊
E:\008-datasets\mcv-scripted-nan-tw-v23.0\cv-corpus-23.0-2025-09-05\nan-tw\single_speaker\wavs\common_voice_nan-tw_32136539.wav|nan_tw_01|yue|塗角厝
E:\008-datasets\mcv-scripted-nan-tw-v23.0\cv-corpus-23.0-2025-09-05\nan-tw\single_speaker\wavs\common_voice_nan-tw_32136540.wav|nan_tw_01|yue|你去共門開開
E:\008-datasets\mcv-scripted-nan-tw-v23.0\cv-corpus-23.0-2025-09-05\nan-tw\single_speaker\wavs\common_voice_nan-tw_32136541.wav|nan_tw_01|yue|馬卡龍
E:\008-datasets\mcv-scripted-nan-tw-v23.0\cv-corpus-23.0-2025-09-05\nan-tw\single_speaker\wavs\common_voice_nan-tw_32136542.wav|nan_tw_01|yue|國民黨
E:\008-datasets\mcv-scripted-nan-tw-v23.0\cv-corpus-23.0-2025-09-05\nan-tw\single_speaker\wavs\common_voice_nan-tw_32136543.wav|nan_tw_01|yue|報鳥鼠冤
E:\008-datasets\mcv-scripted-nan-tw-v23.0\cv-corpus-23.0-2025-09-05\nan-tw\single_speaker\wavs\common_voice_nan-tw_32136544.wav|nan_tw_01|yue|燒褲
E:\008-datasets\mcv-scripted-nan-tw-v23.0\cv-corpus-23.0-2025-09-05\nan-tw\single_speaker\wavs\common_voice_nan-tw_32136550.wav|nan_tw_01|yue|真讚
E:\008-datasets\mcv-scripted-nan-tw-v23.0\cv-corpus-23.0-2025-09-05\nan-tw\single_speaker\wavs\common_voice_nan-tw_32136551.wav|nan_tw_01|yue|小可事變做大曠臼
E:\008-datasets\mcv-scripted-nan-tw-v23.0\cv-corpus-23.0-2025-09-05\nan-tw\single_speaker\wavs\common_voice_nan-tw_32136552.wav|nan_tw_01|yue|花痴
E:\008-datasets\mcv-scripted-nan-tw-v23.0\cv-corpus-23.0-2025-09-05\nan-tw\single_speaker\wavs\common_voice_nan-tw_32136553.wav|nan_tw_01|yue|掰喙
E:\008-datasets\mcv-scripted-nan-tw-v23.0\cv-corpus-23.0-2025-09-05\nan-tw\single_speaker\wavs\common_voice_nan-tw_32136554.wav|nan_tw_01|yue|看無上目
E:\008-datasets\mcv-scripted-nan-tw-v23.0\cv-corpus-23.0-2025-09-05\nan-tw\single_speaker\wavs\common_voice_nan-tw_32137066.wav|nan_tw_01|yue|幼齒
E:\008-datasets\mcv-scripted-nan-tw-v23.0\cv-corpus-23.0-2025-09-05\nan-tw\single_speaker\wavs\common_voice_nan-tw_32137067.wav|nan_tw_01|yue|崇德
E:\008-datasets\mcv-scripted-nan-tw-v23.0\cv-corpus-23.0-2025-09-05\nan-tw\single_speaker\wavs\common_voice_nan-tw_32137068.wav|nan_tw_01|yue|插車
E:\008-datasets\mcv-scripted-nan-tw-v23.0\cv-corpus-23.0-2025-09-05\nan-tw\single_speaker\wavs\common_voice_nan-tw_32137069.wav|nan_tw_01|yue|福星國小
E:\008-datasets\mcv-scripted-nan-tw-v23.0\cv-corpus-23.0-2025-09-05\nan-tw\single_speaker\wavs\common_voice_nan-tw_32137070.wav|nan_tw_01|yue|池上鄉
E:\008-datasets\mcv-scripted-nan-tw-v23.0\cv-corpus-23.0-2025-09-05\nan-tw\single_speaker\wavs\common_voice_nan-tw_32137084.wav|nan_tw_01|yue|啥物命，食甲竹塹餅
E:\008-datasets\mcv-scripted-nan-tw-v23.0\cv-corpus-23.0-2025-09-05\nan-tw\single_speaker\wavs\common_voice_nan-tw_32137085.wav|nan_tw_01|yue|牯嶺街
E:\008-datasets\mcv-scripted-nan-tw-v23.0\cv-corpus-23.0-2025-09-05\nan-tw\single_speaker\wavs\common_voice_nan-tw_32137086.wav|nan_tw_01|yue|我來揀菜，揀好才予你洗
E:\008-datasets\mcv-scripted-nan-tw-v23.0\cv-corpus-23.0-2025-09-05\nan-tw\single_speaker\wavs\common_voice_nan-tw_32137087.wav|nan_tw_01|yue|法人
E:\008-datasets\mcv-scripted-nan-tw-v23.0\cv-corpus-23.0-2025-09-05\nan-tw\single_speaker\wavs\common_voice_nan-tw_32137088.wav|nan_tw_01|yue|灣潭
E:\008-datasets\mcv-scripted-nan-tw-v23.0\cv-corpus-23.0-2025-09-05\nan-tw\single_speaker\wavs\common_voice_nan-tw_32137109.wav|nan_tw_01|yue|焦燥花
E:\008-datasets\mcv-scripted-nan-tw-v23.0\cv-corpus-23.0-2025-09-05\nan-tw\single_speaker\wavs\common_voice_nan-tw_32137110.wav|nan_tw_01|yue|棧船
E:\008-datasets\mcv-scripted-nan-tw-v23.0\cv-corpus-23.0-2025-09-05\nan-tw\single_speaker\wavs\common_voice_nan-tw_32137112.wav|nan_tw_01|yue|魚池仔
E:\008-datasets\mcv-scripted-nan-tw-v23.0\cv-corpus-23.0-2025-09-05\nan-tw\single_speaker\wavs\common_voice_nan-tw_32137113.wav|nan_tw_01|yue|趨溜廊
E:\008-datasets\mcv-scripted-nan-tw-v23.0\cv-corpus-23.0-2025-09-05\nan-tw\single_speaker\wavs\common_voice_nan-tw_32137115.wav|nan_tw_01|yue|放盡磅
E:\008-datasets\mcv-scripted-nan-tw-v23.0\cv-corpus-23.0-2025-09-05\nan-tw\single_speaker\wavs\common_voice_nan-tw_32137147.wav|nan_tw_01|yue|大極大，細極細
E:\008-datasets\mcv-scripted-nan-tw-v23.0\cv-corpus-23.0-2025-09-05\nan-tw\single_speaker\wavs\common_voice_nan-tw_32137149.wav|nan_tw_01|yue|伊真凍霜，連一屑仔物都毋甘予人
E:\008-datasets\mcv-scripted-nan-tw-v23.0\cv-corpus-23.0-2025-09-05\nan-tw\single_speaker\wavs\common_voice_nan-tw_32137152.wav|nan_tw_01|yue|冊型電腦
E:\008-datasets\mcv-scripted-nan-tw-v23.0\cv-corpus-23.0-2025-09-05\nan-tw\single_speaker\wavs\common_voice_nan-tw_32137153.wav|nan_tw_01|yue|瑞源
E:\008-datasets\mcv-scripted-nan-tw-v23.0\cv-corpus-23.0-2025-09-05\nan-tw\single_speaker\wavs\common_voice_nan-tw_32137155.wav|nan_tw_01|yue|熟悉
E:\008-datasets\mcv-scripted-nan-tw-v23.0\cv-corpus-23.0-2025-09-05\nan-tw\single_speaker\wavs\common_voice_nan-tw_32137157.wav|nan_tw_01|yue|蠹魚
E:\008-datasets\mcv-scripted-nan-tw-v23.0\cv-corpus-23.0-2025-09-05\nan-tw\single_speaker\wavs\common_voice_nan-tw_32137158.wav|nan_tw_01|yue|寒帽
E:\008-datasets\mcv-scripted-nan-tw-v23.0\cv-corpus-23.0-2025-09-05\nan-tw\single_speaker\wavs\common_voice_nan-tw_32137159.wav|nan_tw_01|yue|魔鏡
E:\008-datasets\mcv-scripted-nan-tw-v23.0\cv-corpus-23.0-2025-09-05\nan-tw\single_speaker\wavs\common_voice_nan-tw_32137160.wav|nan_tw_01|yue|愛斯提
E:\008-datasets\mcv-scripted-nan-tw-v23.0\cv-corpus-23.0-2025-09-05\nan-tw\single_speaker\wavs\common_voice_nan-tw_32137161.wav|nan_tw_01|yue|三姓橋
E:\008-datasets\mcv-scripted-nan-tw-v23.0\cv-corpus-23.0-2025-09-05\nan-tw\single_speaker\wavs\common_voice_nan-tw_32137188.wav|nan_tw_01|yue|大武窟部落
E:\008-datasets\mcv-scripted-nan-tw-v23.0\cv-corpus-23.0-2025-09-05\nan-tw\single_speaker\wavs\common_voice_nan-tw_32137189.wav|nan_tw_01|yue|做會到
E:\008-datasets\mcv-scripted-nan-tw-v23.0\cv-corpus-23.0-2025-09-05\nan-tw\single_speaker\wavs\common_voice_nan-tw_32137190.wav|nan_tw_01|yue|袂接力
E:\008-datasets\mcv-scripted-nan-tw-v23.0\cv-corpus-23.0-2025-09-05\nan-tw\single_speaker\wavs\common_voice_nan-tw_32137191.wav|nan_tw_01|yue|後壠
E:\008-datasets\mcv-scripted-nan-tw-v23.0\cv-corpus-23.0-2025-09-05\nan-tw\single_speaker\wavs\common_voice_nan-tw_32137192.wav|nan_tw_01|yue|紅記記
E:\008-datasets\mcv-scripted-nan-tw-v23.0\cv-corpus-23.0-2025-09-05\nan-tw\single_speaker\wavs\common_voice_nan-tw_32137196.wav|nan_tw_01|yue|毋畏寒
E:\008-datasets\mcv-scripted-nan-tw-v23.0\cv-corpus-23.0-2025-09-05\nan-tw\single_speaker\wavs\common_voice_nan-tw_32137197.wav|nan_tw_01|yue|統埔
E:\008-datasets\mcv-scripted-nan-tw-v23.0\cv-corpus-23.0-2025-09-05\nan-tw\single_speaker\wavs\common_voice_nan-tw_32137198.wav|nan_tw_01|yue|匯水
E:\008-datasets\mcv-scripted-nan-tw-v23.0\cv-corpus-23.0-2025-09-05\nan-tw\single_speaker\wavs\common_voice_nan-tw_32137199.wav|nan_tw_01|yue|分袂平，拍甲二九暝
E:\008-datasets\mcv-scripted-nan-tw-v23.0\cv-corpus-23.0-2025-09-05\nan-tw\single_speaker\wavs\common_voice_nan-tw_32137200.wav|nan_tw_01|yue|迂拘
E:\008-datasets\mcv-scripted-nan-tw-v23.0\cv-corpus-23.0-2025-09-05\nan-tw\single_speaker\wavs\common_voice_nan-tw_32137202.wav|nan_tw_01|yue|山巖
E:\008-datasets\mcv-scripted-nan-tw-v23.0\cv-corpus-23.0-2025-09-05\nan-tw\single_speaker\wavs\common_voice_nan-tw_32137203.wav|nan_tw_01|yue|有歲
E:\008-datasets\mcv-scripted-nan-tw-v23.0\cv-corpus-23.0-2025-09-05\nan-tw\single_speaker\wavs\common_voice_nan-tw_32137204.wav|nan_tw_01|yue|向頭族
E:\008-datasets\mcv-scripted-nan-tw-v23.0\cv-corpus-23.0-2025-09-05\nan-tw\single_speaker\wavs\common_voice_nan-tw_32137205.wav|nan_tw_01|yue|隔壁位
E:\008-datasets\mcv-scripted-nan-tw-v23.0\cv-corpus-23.0-2025-09-05\nan-tw\single_speaker\wavs\common_voice_nan-tw_32137206.wav|nan_tw_01|yue|拍第一
E:\008-datasets\mcv-scripted-nan-tw-v23.0\cv-corpus-23.0-2025-09-05\nan-tw\single_speaker\wavs\common_voice_nan-tw_32145876.wav|nan_tw_01|yue|光洘山
E:\008-datasets\mcv-scripted-nan-tw-v23.0\cv-corpus-23.0-2025-09-05\nan-tw\single_speaker\wavs\common_voice_nan-tw_32145877.wav|nan_tw_01|yue|陂內坑
E:\008-datasets\mcv-scripted-nan-tw-v23.0\cv-corpus-23.0-2025-09-05\nan-tw\single_speaker\wavs\common_voice_nan-tw_32145878.wav|nan_tw_01|yue|離櫥
E:\008-datasets\mcv-scripted-nan-tw-v23.0\cv-corpus-23.0-2025-09-05\nan-tw\single_speaker\wavs\common_voice_nan-tw_32145879.wav|nan_tw_01|yue|海岸
E:\008-datasets\mcv-scripted-nan-tw-v23.0\cv-corpus-23.0-2025-09-05\nan-tw\single_speaker\wavs\common_voice_nan-tw_32145880.wav|nan_tw_01|yue|打猫
E:\008-datasets\mcv-scripted-nan-tw-v23.0\cv-corpus-23.0-2025-09-05\nan-tw\single_speaker\wavs\common_voice_nan-tw_32145881.wav|nan_tw_01|yue|公館鄉
E:\008-datasets\mcv-scripted-nan-tw-v23.0\cv-corpus-23.0-2025-09-05\nan-tw\single_speaker\wavs\common_voice_nan-tw_32145882.wav|nan_tw_01|yue|戛仔頭
E:\008-datasets\mcv-scripted-nan-tw-v23.0\cv-corpus-23.0-2025-09-05\nan-tw\single_speaker\wavs\common_voice_nan-tw_32145883.wav|nan_tw_01|yue|水湳
E:\008-datasets\mcv-scripted-nan-tw-v23.0\cv-corpus-23.0-2025-09-05\nan-tw\single_speaker\wavs\common_voice_nan-tw_32145884.wav|nan_tw_01|yue|電蠓拍
E:\008-datasets\mcv-scripted-nan-tw-v23.0\cv-corpus-23.0-2025-09-05\nan-tw\single_speaker\wavs\common_voice_nan-tw_32145885.wav|nan_tw_01|yue|神岡
E:\008-datasets\mcv-scripted-nan-tw-v23.0\cv-corpus-23.0-2025-09-05\nan-tw\single_speaker\wavs\common_voice_nan-tw_32145896.wav|nan_tw_01|yue|媠甲十全
E:\008-datasets\mcv-scripted-nan-tw-v23.0\cv-corpus-23.0-2025-09-05\nan-tw\single_speaker\wavs\common_voice_nan-tw_32145897.wav|nan_tw_01|yue|溪口國小
E:\008-datasets\mcv-scripted-nan-tw-v23.0\cv-corpus-23.0-2025-09-05\nan-tw\single_speaker\wavs\common_voice_nan-tw_32145898.wav|nan_tw_01|yue|正規
E:\008-datasets\mcv-scripted-nan-tw-v23.0\cv-corpus-23.0-2025-09-05\nan-tw\single_speaker\wavs\common_voice_nan-tw_32145899.wav|nan_tw_01|yue|眵眵
E:\008-datasets\mcv-scripted-nan-tw-v23.0\cv-corpus-23.0-2025-09-05\nan-tw\single_speaker\wavs\common_voice_nan-tw_32145900.wav|nan_tw_01|yue|橐袋仔袋磅子
E:\008-datasets\mcv-scripted-nan-tw-v23.0\cv-corpus-23.0-2025-09-05\nan-tw\single_speaker\wavs\common_voice_nan-tw_32145906.wav|nan_tw_01|yue|電火戲
E:\008-datasets\mcv-scripted-nan-tw-v23.0\cv-corpus-23.0-2025-09-05\nan-tw\single_speaker\wavs\common_voice_nan-tw_32145907.wav|nan_tw_01|yue|兩句半話
E:\008-datasets\mcv-scripted-nan-tw-v23.0\cv-corpus-23.0-2025-09-05\nan-tw\single_speaker\wavs\common_voice_nan-tw_32145908.wav|nan_tw_01|yue|佬仔
E:\008-datasets\mcv-scripted-nan-tw-v23.0\cv-corpus-23.0-2025-09-05\nan-tw\single_speaker\wavs\common_voice_nan-tw_32145909.wav|nan_tw_01|yue|烏屎
E:\008-datasets\mcv-scripted-nan-tw-v23.0\cv-corpus-23.0-2025-09-05\nan-tw\single_speaker\wavs\common_voice_nan-tw_32145910.wav|nan_tw_01|yue|喙較密閣菜籃
E:\008-datasets\mcv-scripted-nan-tw-v23.0\cv-corpus-23.0-2025-09-05\nan-tw\single_speaker\wavs\common_voice_nan-tw_32145916.wav|nan_tw_01|yue|原原照舊
E:\008-datasets\mcv-scripted-nan-tw-v23.0\cv-corpus-23.0-2025-09-05\nan-tw\single_speaker\wavs\common_voice_nan-tw_32145917.wav|nan_tw_01|yue|枋仔
E:\008-datasets\mcv-scripted-nan-tw-v23.0\cv-corpus-23.0-2025-09-05\nan-tw\single_speaker\wavs\common_voice_nan-tw_32145918.wav|nan_tw_01|yue|保本基金
E:\008-datasets\mcv-scripted-nan-tw-v23.0\cv-corpus-23.0-2025-09-05\nan-tw\single_speaker\wavs\common_voice_nan-tw_32145919.wav|nan_tw_01|yue|鍾南山
E:\008-datasets\mcv-scripted-nan-tw-v23.0\cv-corpus-23.0-2025-09-05\nan-tw\single_speaker\wavs\common_voice_nan-tw_32145920.wav|nan_tw_01|yue|下內埔
E:\008-datasets\mcv-scripted-nan-tw-v23.0\cv-corpus-23.0-2025-09-05\nan-tw\single_speaker\wavs\common_voice_nan-tw_32145921.wav|nan_tw_01|yue|大同區
E:\008-datasets\mcv-scripted-nan-tw-v23.0\cv-corpus-23.0-2025-09-05\nan-tw\single_speaker\wavs\common_voice_nan-tw_32145922.wav|nan_tw_01|yue|伊是來亂的，咱莫管伊
E:\008-datasets\mcv-scripted-nan-tw-v23.0\cv-corpus-23.0-2025-09-05\nan-tw\single_speaker\wavs\common_voice_nan-tw_32145923.wav|nan_tw_01|yue|無順序
E:\008-datasets\mcv-scripted-nan-tw-v23.0\cv-corpus-23.0-2025-09-05\nan-tw\single_speaker\wavs\common_voice_nan-tw_32145924.wav|nan_tw_01|yue|回檔
E:\008-datasets\mcv-scripted-nan-tw-v23.0\cv-corpus-23.0-2025-09-05\nan-tw\single_speaker\wavs\common_voice_nan-tw_32145925.wav|nan_tw_01|yue|跗骨
E:\008-datasets\mcv-scripted-nan-tw-v23.0\cv-corpus-23.0-2025-09-05\nan-tw\single_speaker\wavs\common_voice_nan-tw_32145926.wav|nan_tw_01|yue|苧仔園坑
E:\008-datasets\mcv-scripted-nan-tw-v23.0\cv-corpus-23.0-2025-09-05\nan-tw\single_speaker\wavs\common_voice_nan-tw_32145927.wav|nan_tw_01|yue|風較恬
E:\008-datasets\mcv-scripted-nan-tw-v23.0\cv-corpus-23.0-2025-09-05\nan-tw\single_speaker\wavs\common_voice_nan-tw_32145928.wav|nan_tw_01|yue|松山
E:\008-datasets\mcv-scripted-nan-tw-v23.0\cv-corpus-23.0-2025-09-05\nan-tw\single_speaker\wavs\common_voice_nan-tw_32145929.wav|nan_tw_01|yue|框箍
E:\008-datasets\mcv-scripted-nan-tw-v23.0\cv-corpus-23.0-2025-09-05\nan-tw\single_speaker\wavs\common_voice_nan-tw_32145930.wav|nan_tw_01|yue|神經線絞無絚
E:\008-datasets\mcv-scripted-nan-tw-v23.0\cv-corpus-23.0-2025-09-05\nan-tw\single_speaker\wavs\common_voice_nan-tw_32145931.wav|nan_tw_01|yue|烏點格仔
E:\008-datasets\mcv-scripted-nan-tw-v23.0\cv-corpus-23.0-2025-09-05\nan-tw\single_speaker\wavs\common_voice_nan-tw_32145932.wav|nan_tw_01|yue|士林公館公園
E:\008-datasets\mcv-scripted-nan-tw-v23.0\cv-corpus-23.0-2025-09-05\nan-tw\single_speaker\wavs\common_voice_nan-tw_32145933.wav|nan_tw_01|yue|山水
E:\008-datasets\mcv-scripted-nan-tw-v23.0\cv-corpus-23.0-2025-09-05\nan-tw\single_speaker\wavs\common_voice_nan-tw_32145934.wav|nan_tw_01|yue|魔獸爭霸
E:\008-datasets\mcv-scripted-nan-tw-v23.0\cv-corpus-23.0-2025-09-05\nan-tw\single_speaker\wavs\common_voice_nan-tw_32145935.wav|nan_tw_01|yue|大雺
E:\008-datasets\mcv-scripted-nan-tw-v23.0\cv-corpus-23.0-2025-09-05\nan-tw\single_speaker\wavs\common_voice_nan-tw_32145936.wav|nan_tw_01|yue|老猴無粉頭
E:\008-datasets\mcv-scripted-nan-tw-v23.0\cv-corpus-23.0-2025-09-05\nan-tw\single_speaker\wavs\common_voice_nan-tw_32145937.wav|nan_tw_01|yue|八仙橋
E:\008-datasets\mcv-scripted-nan-tw-v23.0\cv-corpus-23.0-2025-09-05\nan-tw\single_speaker\wavs\common_voice_nan-tw_32145938.wav|nan_tw_01|yue|倒手仔猴
E:\008-datasets\mcv-scripted-nan-tw-v23.0\cv-corpus-23.0-2025-09-05\nan-tw\single_speaker\wavs\common_voice_nan-tw_32145939.wav|nan_tw_01|yue|中央氣象局
E:\008-datasets\mcv-scripted-nan-tw-v23.0\cv-corpus-23.0-2025-09-05\nan-tw\single_speaker\wavs\common_voice_nan-tw_32145940.wav|nan_tw_01|yue|白醋
E:\008-datasets\mcv-scripted-nan-tw-v23.0\cv-corpus-23.0-2025-09-05\nan-tw\single_speaker\wavs\common_voice_nan-tw_32145941.wav|nan_tw_01|yue|妄
E:\008-datasets\mcv-scripted-nan-tw-v23.0\cv-corpus-23.0-2025-09-05\nan-tw\single_speaker\wavs\common_voice_nan-tw_32145942.wav|nan_tw_01|yue|忝頭
E:\008-datasets\mcv-scripted-nan-tw-v23.0\cv-corpus-23.0-2025-09-05\nan-tw\single_speaker\wavs\common_voice_nan-tw_32145943.wav|nan_tw_01|yue|智慧型手機
E:\008-datasets\mcv-scripted-nan-tw-v23.0\cv-corpus-23.0-2025-09-05\nan-tw\single_speaker\wavs\common_voice_nan-tw_32145944.wav|nan_tw_01|yue|飛來飛去的火金姑
E:\008-datasets\mcv-scripted-nan-tw-v23.0\cv-corpus-23.0-2025-09-05\nan-tw\single_speaker\wavs\common_voice_nan-tw_32145945.wav|nan_tw_01|yue|細粒電火球仔
E:\008-datasets\mcv-scripted-nan-tw-v23.0\cv-corpus-23.0-2025-09-05\nan-tw\single_speaker\wavs\common_voice_nan-tw_32145946.wav|nan_tw_01|yue|洪秀柱
E:\008-datasets\mcv-scripted-nan-tw-v23.0\cv-corpus-23.0-2025-09-05\nan-tw\single_speaker\wavs\common_voice_nan-tw_32145947.wav|nan_tw_01|yue|后山崎
E:\008-datasets\mcv-scripted-nan-tw-v23.0\cv-corpus-23.0-2025-09-05\nan-tw\single_speaker\wavs\common_voice_nan-tw_32145948.wav|nan_tw_01|yue|斜角線
E:\008-datasets\mcv-scripted-nan-tw-v23.0\cv-corpus-23.0-2025-09-05\nan-tw\single_speaker\wavs\common_voice_nan-tw_32145949.wav|nan_tw_01|yue|蜘蛛膜
E:\008-datasets\mcv-scripted-nan-tw-v23.0\cv-corpus-23.0-2025-09-05\nan-tw\single_speaker\wavs\common_voice_nan-tw_32145950.wav|nan_tw_01|yue|答應
E:\008-datasets\mcv-scripted-nan-tw-v23.0\cv-corpus-23.0-2025-09-05\nan-tw\single_speaker\wavs\common_voice_nan-tw_32145951.wav|nan_tw_01|yue|斗南鎮
E:\008-datasets\mcv-scripted-nan-tw-v23.0\cv-corpus-23.0-2025-09-05\nan-tw\single_speaker\wavs\common_voice_nan-tw_32145952.wav|nan_tw_01|yue|大病院
E:\008-datasets\mcv-scripted-nan-tw-v23.0\cv-corpus-23.0-2025-09-05\nan-tw\single_speaker\wavs\common_voice_nan-tw_32145953.wav|nan_tw_01|yue|少年人愛較有志氣咧
E:\008-datasets\mcv-scripted-nan-tw-v23.0\cv-corpus-23.0-2025-09-05\nan-tw\single_speaker\wavs\common_voice_nan-tw_32145954.wav|nan_tw_01|yue|米粉羹
E:\008-datasets\mcv-scripted-nan-tw-v23.0\cv-corpus-23.0-2025-09-05\nan-tw\single_speaker\wavs\common_voice_nan-tw_32145955.wav|nan_tw_01|yue|車擋脣
E:\008-datasets\mcv-scripted-nan-tw-v23.0\cv-corpus-23.0-2025-09-05\nan-tw\single_speaker\wavs\common_voice_nan-tw_32145956.wav|nan_tw_01|yue|櫻花鉤吻鮭
E:\008-datasets\mcv-scripted-nan-tw-v23.0\cv-corpus-23.0-2025-09-05\nan-tw\single_speaker\wavs\common_voice_nan-tw_32145957.wav|nan_tw_01|yue|膨風豆
E:\008-datasets\mcv-scripted-nan-tw-v23.0\cv-corpus-23.0-2025-09-05\nan-tw\single_speaker\wavs\common_voice_nan-tw_32145958.wav|nan_tw_01|yue|魔法少女
E:\008-datasets\mcv-scripted-nan-tw-v23.0\cv-corpus-23.0-2025-09-05\nan-tw\single_speaker\wavs\common_voice_nan-tw_32145959.wav|nan_tw_01|yue|食飽未
E:\008-datasets\mcv-scripted-nan-tw-v23.0\cv-corpus-23.0-2025-09-05\nan-tw\single_speaker\wavs\common_voice_nan-tw_32145960.wav|nan_tw_01|yue|神廣
E:\008-datasets\mcv-scripted-nan-tw-v23.0\cv-corpus-23.0-2025-09-05\nan-tw\single_speaker\wavs\common_voice_nan-tw_32145961.wav|nan_tw_01|yue|騎
E:\008-datasets\mcv-scripted-nan-tw-v23.0\cv-corpus-23.0-2025-09-05\nan-tw\single_speaker\wavs\common_voice_nan-tw_32145962.wav|nan_tw_01|yue|天頂雲尾
E:\008-datasets\mcv-scripted-nan-tw-v23.0\cv-corpus-23.0-2025-09-05\nan-tw\single_speaker\wavs\common_voice_nan-tw_32145963.wav|nan_tw_01|yue|黃葉猫
E:\008-datasets\mcv-scripted-nan-tw-v23.0\cv-corpus-23.0-2025-09-05\nan-tw\single_speaker\wavs\common_voice_nan-tw_32145964.wav|nan_tw_01|yue|星仔
E:\008-datasets\mcv-scripted-nan-tw-v23.0\cv-corpus-23.0-2025-09-05\nan-tw\single_speaker\wavs\common_voice_nan-tw_32145965.wav|nan_tw_01|yue|礦物學
E:\008-datasets\mcv-scripted-nan-tw-v23.0\cv-corpus-23.0-2025-09-05\nan-tw\single_speaker\wavs\common_voice_nan-tw_32145966.wav|nan_tw_01|yue|好食的物件
E:\008-datasets\mcv-scripted-nan-tw-v23.0\cv-corpus-23.0-2025-09-05\nan-tw\single_speaker\wavs\common_voice_nan-tw_32145967.wav|nan_tw_01|yue|俄羅斯疊磚仔
E:\008-datasets\mcv-scripted-nan-tw-v23.0\cv-corpus-23.0-2025-09-05\nan-tw\single_speaker\wavs\common_voice_nan-tw_32145968.wav|nan_tw_01|yue|仝款
E:\008-datasets\mcv-scripted-nan-tw-v23.0\cv-corpus-23.0-2025-09-05\nan-tw\single_speaker\wavs\common_voice_nan-tw_32145969.wav|nan_tw_01|yue|女使
E:\008-datasets\mcv-scripted-nan-tw-v23.0\cv-corpus-23.0-2025-09-05\nan-tw\single_speaker\wavs\common_voice_nan-tw_32145970.wav|nan_tw_01|yue|石頭格仔
E:\008-datasets\mcv-scripted-nan-tw-v23.0\cv-corpus-23.0-2025-09-05\nan-tw\single_speaker\wavs\common_voice_nan-tw_32145976.wav|nan_tw_01|yue|燒山
E:\008-datasets\mcv-scripted-nan-tw-v23.0\cv-corpus-23.0-2025-09-05\nan-tw\single_speaker\wavs\common_voice_nan-tw_32145977.wav|nan_tw_01|yue|紙屑仔
E:\008-datasets\mcv-scripted-nan-tw-v23.0\cv-corpus-23.0-2025-09-05\nan-tw\single_speaker\wavs\common_voice_nan-tw_32145978.wav|nan_tw_01|yue|湠生
E:\008-datasets\mcv-scripted-nan-tw-v23.0\cv-corpus-23.0-2025-09-05\nan-tw\single_speaker\wavs\common_voice_nan-tw_32145979.wav|nan_tw_01|yue|攑耙柫摃家己頭額
E:\008-datasets\mcv-scripted-nan-tw-v23.0\cv-corpus-23.0-2025-09-05\nan-tw\single_speaker\wavs\common_voice_nan-tw_32145980.wav|nan_tw_01|yue|畢業戶橂
E:\008-datasets\mcv-scripted-nan-tw-v23.0\cv-corpus-23.0-2025-09-05\nan-tw\single_speaker\wavs\common_voice_nan-tw_32145986.wav|nan_tw_01|yue|袋鼠
E:\008-datasets\mcv-scripted-nan-tw-v23.0\cv-corpus-23.0-2025-09-05\nan-tw\single_speaker\wavs\common_voice_nan-tw_32145987.wav|nan_tw_01|yue|無合時機
E:\008-datasets\mcv-scripted-nan-tw-v23.0\cv-corpus-23.0-2025-09-05\nan-tw\single_speaker\wavs\common_voice_nan-tw_32145988.wav|nan_tw_01|yue|思維
E:\008-datasets\mcv-scripted-nan-tw-v23.0\cv-corpus-23.0-2025-09-05\nan-tw\single_speaker\wavs\common_voice_nan-tw_32145989.wav|nan_tw_01|yue|太空梭
E:\008-datasets\mcv-scripted-nan-tw-v23.0\cv-corpus-23.0-2025-09-05\nan-tw\single_speaker\wavs\common_voice_nan-tw_32145990.wav|nan_tw_01|yue|骨
E:\008-datasets\mcv-scripted-nan-tw-v23.0\cv-corpus-23.0-2025-09-05\nan-tw\single_speaker\wavs\common_voice_nan-tw_32145991.wav|nan_tw_01|yue|拍煙腸
E:\008-datasets\mcv-scripted-nan-tw-v23.0\cv-corpus-23.0-2025-09-05\nan-tw\single_speaker\wavs\common_voice_nan-tw_32145992.wav|nan_tw_01|yue|榮星花園公園
E:\008-datasets\mcv-scripted-nan-tw-v23.0\cv-corpus-23.0-2025-09-05\nan-tw\single_speaker\wavs\common_voice_nan-tw_32145993.wav|nan_tw_01|yue|好空
E:\008-datasets\mcv-scripted-nan-tw-v23.0\cv-corpus-23.0-2025-09-05\nan-tw\single_speaker\wavs\common_voice_nan-tw_32145994.wav|nan_tw_01|yue|陽明交大陽明校區
E:\008-datasets\mcv-scripted-nan-tw-v23.0\cv-corpus-23.0-2025-09-05\nan-tw\single_speaker\wavs\common_voice_nan-tw_32145995.wav|nan_tw_01|yue|亡人節
E:\008-datasets\mcv-scripted-nan-tw-v23.0\cv-corpus-23.0-2025-09-05\nan-tw\single_speaker\wavs\common_voice_nan-tw_32146001.wav|nan_tw_01|yue|燈徛u
E:\008-datasets\mcv-scripted-nan-tw-v23.0\cv-corpus-23.0-2025-09-05\nan-tw\single_speaker\wavs\common_voice_nan-tw_32146002.wav|nan_tw_01|yue|頭殼歹去
E:\008-datasets\mcv-scripted-nan-tw-v23.0\cv-corpus-23.0-2025-09-05\nan-tw\single_speaker\wavs\common_voice_nan-tw_32146003.wav|nan_tw_01|yue|中壢
E:\008-datasets\mcv-scripted-nan-tw-v23.0\cv-corpus-23.0-2025-09-05\nan-tw\single_speaker\wavs\common_voice_nan-tw_32146004.wav|nan_tw_01|yue|相關兩意
E:\008-datasets\mcv-scripted-nan-tw-v23.0\cv-corpus-23.0-2025-09-05\nan-tw\single_speaker\wavs\common_voice_nan-tw_32146005.wav|nan_tw_01|yue|土地公擽跤底
E:\008-datasets\mcv-scripted-nan-tw-v23.0\cv-corpus-23.0-2025-09-05\nan-tw\single_speaker\wavs\common_voice_nan-tw_32146006.wav|nan_tw_01|yue|無線電字母的呼號
E:\008-datasets\mcv-scripted-nan-tw-v23.0\cv-corpus-23.0-2025-09-05\nan-tw\single_speaker\wavs\common_voice_nan-tw_32146007.wav|nan_tw_01|yue|悶悶慒慒
E:\008-datasets\mcv-scripted-nan-tw-v23.0\cv-corpus-23.0-2025-09-05\nan-tw\single_speaker\wavs\common_voice_nan-tw_32146008.wav|nan_tw_01|yue|飄撇
E:\008-datasets\mcv-scripted-nan-tw-v23.0\cv-corpus-23.0-2025-09-05\nan-tw\single_speaker\wavs\common_voice_nan-tw_32146009.wav|nan_tw_01|yue|埋沒
E:\008-datasets\mcv-scripted-nan-tw-v23.0\cv-corpus-23.0-2025-09-05\nan-tw\single_speaker\wavs\common_voice_nan-tw_32146010.wav|nan_tw_01|yue|流感的檢驗結果攏是陰性
E:\008-datasets\mcv-scripted-nan-tw-v23.0\cv-corpus-23.0-2025-09-05\nan-tw\single_speaker\wavs\common_voice_nan-tw_32146011.wav|nan_tw_01|yue|伊蹛佇阮隔壁
E:\008-datasets\mcv-scripted-nan-tw-v23.0\cv-corpus-23.0-2025-09-05\nan-tw\single_speaker\wavs\common_voice_nan-tw_32146012.wav|nan_tw_01|yue|絞群
E:\008-datasets\mcv-scripted-nan-tw-v23.0\cv-corpus-23.0-2025-09-05\nan-tw\single_speaker\wavs\common_voice_nan-tw_32146018.wav|nan_tw_01|yue|借殼上市
E:\008-datasets\mcv-scripted-nan-tw-v23.0\cv-corpus-23.0-2025-09-05\nan-tw\single_speaker\wavs\common_voice_nan-tw_32146019.wav|nan_tw_01|yue|花瓜仔
E:\008-datasets\mcv-scripted-nan-tw-v23.0\cv-corpus-23.0-2025-09-05\nan-tw\single_speaker\wavs\common_voice_nan-tw_32146020.wav|nan_tw_01|yue|犁園寮
E:\008-datasets\mcv-scripted-nan-tw-v23.0\cv-corpus-23.0-2025-09-05\nan-tw\single_speaker\wavs\common_voice_nan-tw_32146021.wav|nan_tw_01|yue|窒咧
E:\008-datasets\mcv-scripted-nan-tw-v23.0\cv-corpus-23.0-2025-09-05\nan-tw\single_speaker\wavs\common_voice_nan-tw_32146023.wav|nan_tw_01|yue|熟士
E:\008-datasets\mcv-scripted-nan-tw-v23.0\cv-corpus-23.0-2025-09-05\nan-tw\single_speaker\wavs\common_voice_nan-tw_32146048.wav|nan_tw_01|yue|拍包
E:\008-datasets\mcv-scripted-nan-tw-v23.0\cv-corpus-23.0-2025-09-05\nan-tw\single_speaker\wavs\common_voice_nan-tw_32146049.wav|nan_tw_01|yue|實字
E:\008-datasets\mcv-scripted-nan-tw-v23.0\cv-corpus-23.0-2025-09-05\nan-tw\single_speaker\wavs\common_voice_nan-tw_32146050.wav|nan_tw_01|yue|真真正正
E:\008-datasets\mcv-scripted-nan-tw-v23.0\cv-corpus-23.0-2025-09-05\nan-tw\single_speaker\wavs\common_voice_nan-tw_32146051.wav|nan_tw_01|yue|譀鏡
E:\008-datasets\mcv-scripted-nan-tw-v23.0\cv-corpus-23.0-2025-09-05\nan-tw\single_speaker\wavs\common_voice_nan-tw_32146052.wav|nan_tw_01|yue|無機化合物
E:\008-datasets\mcv-scripted-nan-tw-v23.0\cv-corpus-23.0-2025-09-05\nan-tw\single_speaker\wavs\common_voice_nan-tw_32146058.wav|nan_tw_01|yue|楔暗烏
E:\008-datasets\mcv-scripted-nan-tw-v23.0\cv-corpus-23.0-2025-09-05\nan-tw\single_speaker\wavs\common_voice_nan-tw_32146059.wav|nan_tw_01|yue|府中
E:\008-datasets\mcv-scripted-nan-tw-v23.0\cv-corpus-23.0-2025-09-05\nan-tw\single_speaker\wavs\common_voice_nan-tw_32146060.wav|nan_tw_01|yue|零星股
E:\008-datasets\mcv-scripted-nan-tw-v23.0\cv-corpus-23.0-2025-09-05\nan-tw\single_speaker\wavs\common_voice_nan-tw_32146061.wav|nan_tw_01|yue|石觀音
E:\008-datasets\mcv-scripted-nan-tw-v23.0\cv-corpus-23.0-2025-09-05\nan-tw\single_speaker\wavs\common_voice_nan-tw_32146062.wav|nan_tw_01|yue|心狂火熱
E:\008-datasets\mcv-scripted-nan-tw-v23.0\cv-corpus-23.0-2025-09-05\nan-tw\single_speaker\wavs\common_voice_nan-tw_32146073.wav|nan_tw_01|yue|指甲刀仔
E:\008-datasets\mcv-scripted-nan-tw-v23.0\cv-corpus-23.0-2025-09-05\nan-tw\single_speaker\wavs\common_voice_nan-tw_32146074.wav|nan_tw_01|yue|聽你的腔口敢若是臺南人
E:\008-datasets\mcv-scripted-nan-tw-v23.0\cv-corpus-23.0-2025-09-05\nan-tw\single_speaker\wavs\common_voice_nan-tw_32146075.wav|nan_tw_01|yue|所羅門
E:\008-datasets\mcv-scripted-nan-tw-v23.0\cv-corpus-23.0-2025-09-05\nan-tw\single_speaker\wavs\common_voice_nan-tw_32146076.wav|nan_tw_01|yue|干樂
E:\008-datasets\mcv-scripted-nan-tw-v23.0\cv-corpus-23.0-2025-09-05\nan-tw\single_speaker\wavs\common_voice_nan-tw_32146078.wav|nan_tw_01|yue|公車
E:\008-datasets\mcv-scripted-nan-tw-v23.0\cv-corpus-23.0-2025-09-05\nan-tw\single_speaker\wavs\common_voice_nan-tw_32146079.wav|nan_tw_01|yue|羅東溪
E:\008-datasets\mcv-scripted-nan-tw-v23.0\cv-corpus-23.0-2025-09-05\nan-tw\single_speaker\wavs\common_voice_nan-tw_32146080.wav|nan_tw_01|yue|矮頓矮頓
E:\008-datasets\mcv-scripted-nan-tw-v23.0\cv-corpus-23.0-2025-09-05\nan-tw\single_speaker\wavs\common_voice_nan-tw_32146081.wav|nan_tw_01|yue|三月節
E:\008-datasets\mcv-scripted-nan-tw-v23.0\cv-corpus-23.0-2025-09-05\nan-tw\single_speaker\wavs\common_voice_nan-tw_32146082.wav|nan_tw_01|yue|趨枋仔車
E:\008-datasets\mcv-scripted-nan-tw-v23.0\cv-corpus-23.0-2025-09-05\nan-tw\single_speaker\wavs\common_voice_nan-tw_32146088.wav|nan_tw_01|yue|雲端
E:\008-datasets\mcv-scripted-nan-tw-v23.0\cv-corpus-23.0-2025-09-05\nan-tw\single_speaker\wavs\common_voice_nan-tw_32146089.wav|nan_tw_01|yue|雪文膏
E:\008-datasets\mcv-scripted-nan-tw-v23.0\cv-corpus-23.0-2025-09-05\nan-tw\single_speaker\wavs\common_voice_nan-tw_32146090.wav|nan_tw_01|yue|三三五五
E:\008-datasets\mcv-scripted-nan-tw-v23.0\cv-corpus-23.0-2025-09-05\nan-tw\single_speaker\wavs\common_voice_nan-tw_32146091.wav|nan_tw_01|yue|薰頭莫亂擲
E:\008-datasets\mcv-scripted-nan-tw-v23.0\cv-corpus-23.0-2025-09-05\nan-tw\single_speaker\wavs\common_voice_nan-tw_32146092.wav|nan_tw_01|yue|加答兒
E:\008-datasets\mcv-scripted-nan-tw-v23.0\cv-corpus-23.0-2025-09-05\nan-tw\single_speaker\wavs\common_voice_nan-tw_32146103.wav|nan_tw_01|yue|父母用心來栽培
E:\008-datasets\mcv-scripted-nan-tw-v23.0\cv-corpus-23.0-2025-09-05\nan-tw\single_speaker\wavs\common_voice_nan-tw_32146104.wav|nan_tw_01|yue|景美
E:\008-datasets\mcv-scripted-nan-tw-v23.0\cv-corpus-23.0-2025-09-05\nan-tw\single_speaker\wavs\common_voice_nan-tw_32146105.wav|nan_tw_01|yue|霧霧
E:\008-datasets\mcv-scripted-nan-tw-v23.0\cv-corpus-23.0-2025-09-05\nan-tw\single_speaker\wavs\common_voice_nan-tw_32146106.wav|nan_tw_01|yue|腹蓋筋力
E:\008-datasets\mcv-scripted-nan-tw-v23.0\cv-corpus-23.0-2025-09-05\nan-tw\single_speaker\wavs\common_voice_nan-tw_32146107.wav|nan_tw_01|yue|糞埽話
E:\008-datasets\mcv-scripted-nan-tw-v23.0\cv-corpus-23.0-2025-09-05\nan-tw\single_speaker\wavs\common_voice_nan-tw_32146114.wav|nan_tw_01|yue|宜蘭
E:\008-datasets\mcv-scripted-nan-tw-v23.0\cv-corpus-23.0-2025-09-05\nan-tw\single_speaker\wavs\common_voice_nan-tw_32146115.wav|nan_tw_01|yue|三仙台
E:\008-datasets\mcv-scripted-nan-tw-v23.0\cv-corpus-23.0-2025-09-05\nan-tw\single_speaker\wavs\common_voice_nan-tw_32146116.wav|nan_tw_01|yue|一坵田
E:\008-datasets\mcv-scripted-nan-tw-v23.0\cv-corpus-23.0-2025-09-05\nan-tw\single_speaker\wavs\common_voice_nan-tw_32146117.wav|nan_tw_01|yue|燒水機
E:\008-datasets\mcv-scripted-nan-tw-v23.0\cv-corpus-23.0-2025-09-05\nan-tw\single_speaker\wavs\common_voice_nan-tw_32146118.wav|nan_tw_01|yue|土米仔
E:\008-datasets\mcv-scripted-nan-tw-v23.0\cv-corpus-23.0-2025-09-05\nan-tw\single_speaker\wavs\common_voice_nan-tw_32146128.wav|nan_tw_01|yue|犁頭山
E:\008-datasets\mcv-scripted-nan-tw-v23.0\cv-corpus-23.0-2025-09-05\nan-tw\single_speaker\wavs\common_voice_nan-tw_32146129.wav|nan_tw_01|yue|大風大湧
E:\008-datasets\mcv-scripted-nan-tw-v23.0\cv-corpus-23.0-2025-09-05\nan-tw\single_speaker\wavs\common_voice_nan-tw_32146130.wav|nan_tw_01|yue|十五分內
E:\008-datasets\mcv-scripted-nan-tw-v23.0\cv-corpus-23.0-2025-09-05\nan-tw\single_speaker\wavs\common_voice_nan-tw_32146131.wav|nan_tw_01|yue|天主教堂
E:\008-datasets\mcv-scripted-nan-tw-v23.0\cv-corpus-23.0-2025-09-05\nan-tw\single_speaker\wavs\common_voice_nan-tw_32146132.wav|nan_tw_01|yue|牲醴文
E:\008-datasets\mcv-scripted-nan-tw-v23.0\cv-corpus-23.0-2025-09-05\nan-tw\single_speaker\wavs\common_voice_nan-tw_32146136.wav|nan_tw_01|yue|礦車
E:\008-datasets\mcv-scripted-nan-tw-v23.0\cv-corpus-23.0-2025-09-05\nan-tw\single_speaker\wavs\common_voice_nan-tw_32146137.wav|nan_tw_01|yue|頭拄仔
E:\008-datasets\mcv-scripted-nan-tw-v23.0\cv-corpus-23.0-2025-09-05\nan-tw\single_speaker\wavs\common_voice_nan-tw_32146138.wav|nan_tw_01|yue|悾歁
E:\008-datasets\mcv-scripted-nan-tw-v23.0\cv-corpus-23.0-2025-09-05\nan-tw\single_speaker\wavs\common_voice_nan-tw_32146139.wav|nan_tw_01|yue|挽草
E:\008-datasets\mcv-scripted-nan-tw-v23.0\cv-corpus-23.0-2025-09-05\nan-tw\single_speaker\wavs\common_voice_nan-tw_32146140.wav|nan_tw_01|yue|店仔口
E:\008-datasets\mcv-scripted-nan-tw-v23.0\cv-corpus-23.0-2025-09-05\nan-tw\single_speaker\wavs\common_voice_nan-tw_32146158.wav|nan_tw_01|yue|新屋區
E:\008-datasets\mcv-scripted-nan-tw-v23.0\cv-corpus-23.0-2025-09-05\nan-tw\single_speaker\wavs\common_voice_nan-tw_32146159.wav|nan_tw_01|yue|淚腺
E:\008-datasets\mcv-scripted-nan-tw-v23.0\cv-corpus-23.0-2025-09-05\nan-tw\single_speaker\wavs\common_voice_nan-tw_32146160.wav|nan_tw_01|yue|天公地道
E:\008-datasets\mcv-scripted-nan-tw-v23.0\cv-corpus-23.0-2025-09-05\nan-tw\single_speaker\wavs\common_voice_nan-tw_32146161.wav|nan_tw_01|yue|焦花
E:\008-datasets\mcv-scripted-nan-tw-v23.0\cv-corpus-23.0-2025-09-05\nan-tw\single_speaker\wavs\common_voice_nan-tw_32146162.wav|nan_tw_01|yue|興網路症頭
E:\008-datasets\mcv-scripted-nan-tw-v23.0\cv-corpus-23.0-2025-09-05\nan-tw\single_speaker\wavs\common_voice_nan-tw_32146172.wav|nan_tw_01|yue|田墘
E:\008-datasets\mcv-scripted-nan-tw-v23.0\cv-corpus-23.0-2025-09-05\nan-tw\single_speaker\wavs\common_voice_nan-tw_32146173.wav|nan_tw_01|yue|獸人
E:\008-datasets\mcv-scripted-nan-tw-v23.0\cv-corpus-23.0-2025-09-05\nan-tw\single_speaker\wavs\common_voice_nan-tw_32146174.wav|nan_tw_01|yue|虹彩
E:\008-datasets\mcv-scripted-nan-tw-v23.0\cv-corpus-23.0-2025-09-05\nan-tw\single_speaker\wavs\common_voice_nan-tw_32146175.wav|nan_tw_01|yue|井底水雞
E:\008-datasets\mcv-scripted-nan-tw-v23.0\cv-corpus-23.0-2025-09-05\nan-tw\single_speaker\wavs\common_voice_nan-tw_32146176.wav|nan_tw_01|yue|厚麶
E:\008-datasets\mcv-scripted-nan-tw-v23.0\cv-corpus-23.0-2025-09-05\nan-tw\single_speaker\wavs\common_voice_nan-tw_32146182.wav|nan_tw_01|yue|蔡厝
E:\008-datasets\mcv-scripted-nan-tw-v23.0\cv-corpus-23.0-2025-09-05\nan-tw\single_speaker\wavs\common_voice_nan-tw_32146183.wav|nan_tw_01|yue|炊斗
E:\008-datasets\mcv-scripted-nan-tw-v23.0\cv-corpus-23.0-2025-09-05\nan-tw\single_speaker\wavs\common_voice_nan-tw_32146184.wav|nan_tw_01|yue|跋落枕
E:\008-datasets\mcv-scripted-nan-tw-v23.0\cv-corpus-23.0-2025-09-05\nan-tw\single_speaker\wavs\common_voice_nan-tw_32146185.wav|nan_tw_01|yue|烏雉
E:\008-datasets\mcv-scripted-nan-tw-v23.0\cv-corpus-23.0-2025-09-05\nan-tw\single_speaker\wavs\common_voice_nan-tw_32146194.wav|nan_tw_01|yue|冇蟳夯籠
E:\008-datasets\mcv-scripted-nan-tw-v23.0\cv-corpus-23.0-2025-09-05\nan-tw\single_speaker\wavs\common_voice_nan-tw_32146195.wav|nan_tw_01|yue|輕鬆熊
E:\008-datasets\mcv-scripted-nan-tw-v23.0\cv-corpus-23.0-2025-09-05\nan-tw\single_speaker\wavs\common_voice_nan-tw_32146196.wav|nan_tw_01|yue|做代誌嘛誠骨力
E:\008-datasets\mcv-scripted-nan-tw-v23.0\cv-corpus-23.0-2025-09-05\nan-tw\single_speaker\wavs\common_voice_nan-tw_32146197.wav|nan_tw_01|yue|著猴
E:\008-datasets\mcv-scripted-nan-tw-v23.0\cv-corpus-23.0-2025-09-05\nan-tw\single_speaker\wavs\common_voice_nan-tw_32146198.wav|nan_tw_01|yue|濾水鈷
E:\008-datasets\mcv-scripted-nan-tw-v23.0\cv-corpus-23.0-2025-09-05\nan-tw\single_speaker\wavs\common_voice_nan-tw_32146203.wav|nan_tw_01|yue|未拄好
E:\008-datasets\mcv-scripted-nan-tw-v23.0\cv-corpus-23.0-2025-09-05\nan-tw\single_speaker\wavs\common_voice_nan-tw_32146213.wav|nan_tw_01|yue|熱學
E:\008-datasets\mcv-scripted-nan-tw-v23.0\cv-corpus-23.0-2025-09-05\nan-tw\single_speaker\wavs\common_voice_nan-tw_32146214.wav|nan_tw_01|yue|揤落去
E:\008-datasets\mcv-scripted-nan-tw-v23.0\cv-corpus-23.0-2025-09-05\nan-tw\single_speaker\wavs\common_voice_nan-tw_32146215.wav|nan_tw_01|yue|景興國中
E:\008-datasets\mcv-scripted-nan-tw-v23.0\cv-corpus-23.0-2025-09-05\nan-tw\single_speaker\wavs\common_voice_nan-tw_32146216.wav|nan_tw_01|yue|烏日國小
E:\008-datasets\mcv-scripted-nan-tw-v23.0\cv-corpus-23.0-2025-09-05\nan-tw\single_speaker\wavs\common_voice_nan-tw_32146217.wav|nan_tw_01|yue|東區
E:\008-datasets\mcv-scripted-nan-tw-v23.0\cv-corpus-23.0-2025-09-05\nan-tw\single_speaker\wavs\common_voice_nan-tw_32146233.wav|nan_tw_01|yue|使性鳥
E:\008-datasets\mcv-scripted-nan-tw-v23.0\cv-corpus-23.0-2025-09-05\nan-tw\single_speaker\wavs\common_voice_nan-tw_32146234.wav|nan_tw_01|yue|屬託
E:\008-datasets\mcv-scripted-nan-tw-v23.0\cv-corpus-23.0-2025-09-05\nan-tw\single_speaker\wavs\common_voice_nan-tw_32146235.wav|nan_tw_01|yue|不丹
E:\008-datasets\mcv-scripted-nan-tw-v23.0\cv-corpus-23.0-2025-09-05\nan-tw\single_speaker\wavs\common_voice_nan-tw_32146236.wav|nan_tw_01|yue|壓迫感
E:\008-datasets\mcv-scripted-nan-tw-v23.0\cv-corpus-23.0-2025-09-05\nan-tw\single_speaker\wavs\common_voice_nan-tw_32146237.wav|nan_tw_01|yue|只會當靠這來趁食過日
E:\008-datasets\mcv-scripted-nan-tw-v23.0\cv-corpus-23.0-2025-09-05\nan-tw\single_speaker\wavs\common_voice_nan-tw_32146269.wav|nan_tw_01|yue|究勘
E:\008-datasets\mcv-scripted-nan-tw-v23.0\cv-corpus-23.0-2025-09-05\nan-tw\single_speaker\wavs\common_voice_nan-tw_32146270.wav|nan_tw_01|yue|戮空
E:\008-datasets\mcv-scripted-nan-tw-v23.0\cv-corpus-23.0-2025-09-05\nan-tw\single_speaker\wavs\common_voice_nan-tw_32146271.wav|nan_tw_01|yue|新市橋
E:\008-datasets\mcv-scripted-nan-tw-v23.0\cv-corpus-23.0-2025-09-05\nan-tw\single_speaker\wavs\common_voice_nan-tw_32146286.wav|nan_tw_01|yue|過工空
E:\008-datasets\mcv-scripted-nan-tw-v23.0\cv-corpus-23.0-2025-09-05\nan-tw\single_speaker\wavs\common_voice_nan-tw_32146287.wav|nan_tw_01|yue|水滾矣
E:\008-datasets\mcv-scripted-nan-tw-v23.0\cv-corpus-23.0-2025-09-05\nan-tw\single_speaker\wavs\common_voice_nan-tw_32146288.wav|nan_tw_01|yue|中和橋
E:\008-datasets\mcv-scripted-nan-tw-v23.0\cv-corpus-23.0-2025-09-05\nan-tw\single_speaker\wavs\common_voice_nan-tw_32146289.wav|nan_tw_01|yue|喙甜心肝烏
E:\008-datasets\mcv-scripted-nan-tw-v23.0\cv-corpus-23.0-2025-09-05\nan-tw\single_speaker\wavs\common_voice_nan-tw_32146290.wav|nan_tw_01|yue|查某囡仔人
E:\008-datasets\mcv-scripted-nan-tw-v23.0\cv-corpus-23.0-2025-09-05\nan-tw\single_speaker\wavs\common_voice_nan-tw_32146295.wav|nan_tw_01|yue|起路
E:\008-datasets\mcv-scripted-nan-tw-v23.0\cv-corpus-23.0-2025-09-05\nan-tw\single_speaker\wavs\common_voice_nan-tw_32146296.wav|nan_tw_01|yue|躉納
E:\008-datasets\mcv-scripted-nan-tw-v23.0\cv-corpus-23.0-2025-09-05\nan-tw\single_speaker\wavs\common_voice_nan-tw_32146297.wav|nan_tw_01|yue|電動奕者
E:\008-datasets\mcv-scripted-nan-tw-v23.0\cv-corpus-23.0-2025-09-05\nan-tw\single_speaker\wavs\common_voice_nan-tw_32146298.wav|nan_tw_01|yue|國立高雄大學
E:\008-datasets\mcv-scripted-nan-tw-v23.0\cv-corpus-23.0-2025-09-05\nan-tw\single_speaker\wavs\common_voice_nan-tw_32146299.wav|nan_tw_01|yue|和仁
E:\008-datasets\mcv-scripted-nan-tw-v23.0\cv-corpus-23.0-2025-09-05\nan-tw\single_speaker\wavs\common_voice_nan-tw_32146309.wav|nan_tw_01|yue|花瓜
E:\008-datasets\mcv-scripted-nan-tw-v23.0\cv-corpus-23.0-2025-09-05\nan-tw\single_speaker\wavs\common_voice_nan-tw_32146310.wav|nan_tw_01|yue|竇
E:\008-datasets\mcv-scripted-nan-tw-v23.0\cv-corpus-23.0-2025-09-05\nan-tw\single_speaker\wavs\common_voice_nan-tw_32146311.wav|nan_tw_01|yue|菝仔
E:\008-datasets\mcv-scripted-nan-tw-v23.0\cv-corpus-23.0-2025-09-05\nan-tw\single_speaker\wavs\common_voice_nan-tw_32146312.wav|nan_tw_01|yue|秦風
E:\008-datasets\mcv-scripted-nan-tw-v23.0\cv-corpus-23.0-2025-09-05\nan-tw\single_speaker\wavs\common_voice_nan-tw_32146313.wav|nan_tw_01|yue|萬波
E:\008-datasets\mcv-scripted-nan-tw-v23.0\cv-corpus-23.0-2025-09-05\nan-tw\single_speaker\wavs\common_voice_nan-tw_32146353.wav|nan_tw_01|yue|英蘭
E:\008-datasets\mcv-scripted-nan-tw-v23.0\cv-corpus-23.0-2025-09-05\nan-tw\single_speaker\wavs\common_voice_nan-tw_32146355.wav|nan_tw_01|yue|夢時代
E:\008-datasets\mcv-scripted-nan-tw-v23.0\cv-corpus-23.0-2025-09-05\nan-tw\single_speaker\wavs\common_voice_nan-tw_32146356.wav|nan_tw_01|yue|愣愣去
E:\008-datasets\mcv-scripted-nan-tw-v23.0\cv-corpus-23.0-2025-09-05\nan-tw\single_speaker\wavs\common_voice_nan-tw_32146357.wav|nan_tw_01|yue|雙蓮國小
E:\008-datasets\mcv-scripted-nan-tw-v23.0\cv-corpus-23.0-2025-09-05\nan-tw\single_speaker\wavs\common_voice_nan-tw_32146358.wav|nan_tw_01|yue|攏
E:\008-datasets\mcv-scripted-nan-tw-v23.0\cv-corpus-23.0-2025-09-05\nan-tw\single_speaker\wavs\common_voice_nan-tw_32146364.wav|nan_tw_01|yue|流星群
E:\008-datasets\mcv-scripted-nan-tw-v23.0\cv-corpus-23.0-2025-09-05\nan-tw\single_speaker\wavs\common_voice_nan-tw_32146365.wav|nan_tw_01|yue|蔥仔鴨
E:\008-datasets\mcv-scripted-nan-tw-v23.0\cv-corpus-23.0-2025-09-05\nan-tw\single_speaker\wavs\common_voice_nan-tw_32146366.wav|nan_tw_01|yue|橐袋仔妖怪
E:\008-datasets\mcv-scripted-nan-tw-v23.0\cv-corpus-23.0-2025-09-05\nan-tw\single_speaker\wavs\common_voice_nan-tw_32146367.wav|nan_tw_01|yue|袂落樓梯
E:\008-datasets\mcv-scripted-nan-tw-v23.0\cv-corpus-23.0-2025-09-05\nan-tw\single_speaker\wavs\common_voice_nan-tw_32146368.wav|nan_tw_01|yue|高級衛生紙
E:\008-datasets\mcv-scripted-nan-tw-v23.0\cv-corpus-23.0-2025-09-05\nan-tw\single_speaker\wavs\common_voice_nan-tw_32158809.wav|nan_tw_01|yue|中興坑
E:\008-datasets\mcv-scripted-nan-tw-v23.0\cv-corpus-23.0-2025-09-05\nan-tw\single_speaker\wavs\common_voice_nan-tw_32158810.wav|nan_tw_01|yue|獨立書店
E:\008-datasets\mcv-scripted-nan-tw-v23.0\cv-corpus-23.0-2025-09-05\nan-tw\single_speaker\wavs\common_voice_nan-tw_32158811.wav|nan_tw_01|yue|東寧國
E:\008-datasets\mcv-scripted-nan-tw-v23.0\cv-corpus-23.0-2025-09-05\nan-tw\single_speaker\wavs\common_voice_nan-tw_32158812.wav|nan_tw_01|yue|塗豆塊仔
E:\008-datasets\mcv-scripted-nan-tw-v23.0\cv-corpus-23.0-2025-09-05\nan-tw\single_speaker\wavs\common_voice_nan-tw_32158813.wav|nan_tw_01|yue|濁口溪
E:\008-datasets\mcv-scripted-nan-tw-v23.0\cv-corpus-23.0-2025-09-05\nan-tw\single_speaker\wavs\common_voice_nan-tw_32158824.wav|nan_tw_01|yue|頓井
E:\008-datasets\mcv-scripted-nan-tw-v23.0\cv-corpus-23.0-2025-09-05\nan-tw\single_speaker\wavs\common_voice_nan-tw_32158825.wav|nan_tw_01|yue|刺海馬
E:\008-datasets\mcv-scripted-nan-tw-v23.0\cv-corpus-23.0-2025-09-05\nan-tw\single_speaker\wavs\common_voice_nan-tw_32158826.wav|nan_tw_01|yue|甘甜
E:\008-datasets\mcv-scripted-nan-tw-v23.0\cv-corpus-23.0-2025-09-05\nan-tw\single_speaker\wavs\common_voice_nan-tw_32158827.wav|nan_tw_01|yue|目睭黏著蜊仔肉
E:\008-datasets\mcv-scripted-nan-tw-v23.0\cv-corpus-23.0-2025-09-05\nan-tw\single_speaker\wavs\common_voice_nan-tw_32158828.wav|nan_tw_01|yue|放nih捒
E:\008-datasets\mcv-scripted-nan-tw-v23.0\cv-corpus-23.0-2025-09-05\nan-tw\single_speaker\wavs\common_voice_nan-tw_32163007.wav|nan_tw_01|yue|一下雷，天下響
E:\008-datasets\mcv-scripted-nan-tw-v23.0\cv-corpus-23.0-2025-09-05\nan-tw\single_speaker\wavs\common_voice_nan-tw_32163008.wav|nan_tw_01|yue|戇猴擔石頭
E:\008-datasets\mcv-scripted-nan-tw-v23.0\cv-corpus-23.0-2025-09-05\nan-tw\single_speaker\wavs\common_voice_nan-tw_32163009.wav|nan_tw_01|yue|結拜
E:\008-datasets\mcv-scripted-nan-tw-v23.0\cv-corpus-23.0-2025-09-05\nan-tw\single_speaker\wavs\common_voice_nan-tw_32163010.wav|nan_tw_01|yue|狗肉忌蔥
E:\008-datasets\mcv-scripted-nan-tw-v23.0\cv-corpus-23.0-2025-09-05\nan-tw\single_speaker\wavs\common_voice_nan-tw_32163011.wav|nan_tw_01|yue|乏定著
E:\008-datasets\mcv-scripted-nan-tw-v23.0\cv-corpus-23.0-2025-09-05\nan-tw\single_speaker\wavs\common_voice_nan-tw_32163017.wav|nan_tw_01|yue|鼓山
E:\008-datasets\mcv-scripted-nan-tw-v23.0\cv-corpus-23.0-2025-09-05\nan-tw\single_speaker\wavs\common_voice_nan-tw_32163018.wav|nan_tw_01|yue|普篩
E:\008-datasets\mcv-scripted-nan-tw-v23.0\cv-corpus-23.0-2025-09-05\nan-tw\single_speaker\wavs\common_voice_nan-tw_32163019.wav|nan_tw_01|yue|出師表
E:\008-datasets\mcv-scripted-nan-tw-v23.0\cv-corpus-23.0-2025-09-05\nan-tw\single_speaker\wavs\common_voice_nan-tw_32163020.wav|nan_tw_01|yue|大坵園
E:\008-datasets\mcv-scripted-nan-tw-v23.0\cv-corpus-23.0-2025-09-05\nan-tw\single_speaker\wavs\common_voice_nan-tw_32163021.wav|nan_tw_01|yue|榖雨
E:\008-datasets\mcv-scripted-nan-tw-v23.0\cv-corpus-23.0-2025-09-05\nan-tw\single_speaker\wavs\common_voice_nan-tw_32163027.wav|nan_tw_01|yue|生徒會
E:\008-datasets\mcv-scripted-nan-tw-v23.0\cv-corpus-23.0-2025-09-05\nan-tw\single_speaker\wavs\common_voice_nan-tw_32163028.wav|nan_tw_01|yue|公竹跤
E:\008-datasets\mcv-scripted-nan-tw-v23.0\cv-corpus-23.0-2025-09-05\nan-tw\single_speaker\wavs\common_voice_nan-tw_32163029.wav|nan_tw_01|yue|看現場
E:\008-datasets\mcv-scripted-nan-tw-v23.0\cv-corpus-23.0-2025-09-05\nan-tw\single_speaker\wavs\common_voice_nan-tw_32163030.wav|nan_tw_01|yue|洗身軀精
E:\008-datasets\mcv-scripted-nan-tw-v23.0\cv-corpus-23.0-2025-09-05\nan-tw\single_speaker\wavs\common_voice_nan-tw_32163031.wav|nan_tw_01|yue|零時政府
E:\008-datasets\mcv-scripted-nan-tw-v23.0\cv-corpus-23.0-2025-09-05\nan-tw\single_speaker\wavs\common_voice_nan-tw_32163032.wav|nan_tw_01|yue|柴橋
E:\008-datasets\mcv-scripted-nan-tw-v23.0\cv-corpus-23.0-2025-09-05\nan-tw\single_speaker\wavs\common_voice_nan-tw_32163033.wav|nan_tw_01|yue|暗坑下
E:\008-datasets\mcv-scripted-nan-tw-v23.0\cv-corpus-23.0-2025-09-05\nan-tw\single_speaker\wavs\common_voice_nan-tw_32163034.wav|nan_tw_01|yue|麥仔角
E:\008-datasets\mcv-scripted-nan-tw-v23.0\cv-corpus-23.0-2025-09-05\nan-tw\single_speaker\wavs\common_voice_nan-tw_32163035.wav|nan_tw_01|yue|走甲離褲跤
E:\008-datasets\mcv-scripted-nan-tw-v23.0\cv-corpus-23.0-2025-09-05\nan-tw\single_speaker\wavs\common_voice_nan-tw_32163036.wav|nan_tw_01|yue|辛亥國小
E:\008-datasets\mcv-scripted-nan-tw-v23.0\cv-corpus-23.0-2025-09-05\nan-tw\single_speaker\wavs\common_voice_nan-tw_32163042.wav|nan_tw_01|yue|分蜢薛
E:\008-datasets\mcv-scripted-nan-tw-v23.0\cv-corpus-23.0-2025-09-05\nan-tw\single_speaker\wavs\common_voice_nan-tw_32163043.wav|nan_tw_01|yue|偌爾
E:\008-datasets\mcv-scripted-nan-tw-v23.0\cv-corpus-23.0-2025-09-05\nan-tw\single_speaker\wavs\common_voice_nan-tw_32163044.wav|nan_tw_01|yue|長榮航空
E:\008-datasets\mcv-scripted-nan-tw-v23.0\cv-corpus-23.0-2025-09-05\nan-tw\single_speaker\wavs\common_voice_nan-tw_32163045.wav|nan_tw_01|yue|失角擦
E:\008-datasets\mcv-scripted-nan-tw-v23.0\cv-corpus-23.0-2025-09-05\nan-tw\single_speaker\wavs\common_voice_nan-tw_32163046.wav|nan_tw_01|yue|你欲信無我落人予你死
E:\008-datasets\mcv-scripted-nan-tw-v23.0\cv-corpus-23.0-2025-09-05\nan-tw\single_speaker\wavs\common_voice_nan-tw_32163052.wav|nan_tw_01|yue|沓滴
E:\008-datasets\mcv-scripted-nan-tw-v23.0\cv-corpus-23.0-2025-09-05\nan-tw\single_speaker\wavs\common_voice_nan-tw_32163053.wav|nan_tw_01|yue|佛心
E:\008-datasets\mcv-scripted-nan-tw-v23.0\cv-corpus-23.0-2025-09-05\nan-tw\single_speaker\wavs\common_voice_nan-tw_32163054.wav|nan_tw_01|yue|冰雪奇緣
E:\008-datasets\mcv-scripted-nan-tw-v23.0\cv-corpus-23.0-2025-09-05\nan-tw\single_speaker\wavs\common_voice_nan-tw_32163055.wav|nan_tw_01|yue|有勢不可盡量
E:\008-datasets\mcv-scripted-nan-tw-v23.0\cv-corpus-23.0-2025-09-05\nan-tw\single_speaker\wavs\common_voice_nan-tw_32163056.wav|nan_tw_01|yue|福斗路口
E:\008-datasets\mcv-scripted-nan-tw-v23.0\cv-corpus-23.0-2025-09-05\nan-tw\single_speaker\wavs\common_voice_nan-tw_32163057.wav|nan_tw_01|yue|台灣猴山仔
E:\008-datasets\mcv-scripted-nan-tw-v23.0\cv-corpus-23.0-2025-09-05\nan-tw\single_speaker\wavs\common_voice_nan-tw_32163058.wav|nan_tw_01|yue|抱起毛
E:\008-datasets\mcv-scripted-nan-tw-v23.0\cv-corpus-23.0-2025-09-05\nan-tw\single_speaker\wavs\common_voice_nan-tw_32163059.wav|nan_tw_01|yue|褪褲拍的
E:\008-datasets\mcv-scripted-nan-tw-v23.0\cv-corpus-23.0-2025-09-05\nan-tw\single_speaker\wavs\common_voice_nan-tw_32163060.wav|nan_tw_01|yue|閃袂離
E:\008-datasets\mcv-scripted-nan-tw-v23.0\cv-corpus-23.0-2025-09-05\nan-tw\single_speaker\wavs\common_voice_nan-tw_32163061.wav|nan_tw_01|yue|見鬼司公白賊戲
E:\008-datasets\mcv-scripted-nan-tw-v23.0\cv-corpus-23.0-2025-09-05\nan-tw\single_speaker\wavs\common_voice_nan-tw_32163072.wav|nan_tw_01|yue|點心擔
E:\008-datasets\mcv-scripted-nan-tw-v23.0\cv-corpus-23.0-2025-09-05\nan-tw\single_speaker\wavs\common_voice_nan-tw_32163073.wav|nan_tw_01|yue|坐咧食，倒咧放
E:\008-datasets\mcv-scripted-nan-tw-v23.0\cv-corpus-23.0-2025-09-05\nan-tw\single_speaker\wavs\common_voice_nan-tw_32163074.wav|nan_tw_01|yue|鹹死死
E:\008-datasets\mcv-scripted-nan-tw-v23.0\cv-corpus-23.0-2025-09-05\nan-tw\single_speaker\wavs\common_voice_nan-tw_32163075.wav|nan_tw_01|yue|十份
E:\008-datasets\mcv-scripted-nan-tw-v23.0\cv-corpus-23.0-2025-09-05\nan-tw\single_speaker\wavs\common_voice_nan-tw_32163076.wav|nan_tw_01|yue|正月初四
E:\008-datasets\mcv-scripted-nan-tw-v23.0\cv-corpus-23.0-2025-09-05\nan-tw\single_speaker\wavs\common_voice_nan-tw_32163092.wav|nan_tw_01|yue|按呢做一日歇一日
E:\008-datasets\mcv-scripted-nan-tw-v23.0\cv-corpus-23.0-2025-09-05\nan-tw\single_speaker\wavs\common_voice_nan-tw_32163093.wav|nan_tw_01|yue|余天
E:\008-datasets\mcv-scripted-nan-tw-v23.0\cv-corpus-23.0-2025-09-05\nan-tw\single_speaker\wavs\common_voice_nan-tw_32163094.wav|nan_tw_01|yue|汐止區
E:\008-datasets\mcv-scripted-nan-tw-v23.0\cv-corpus-23.0-2025-09-05\nan-tw\single_speaker\wavs\common_voice_nan-tw_32163095.wav|nan_tw_01|yue|臺羅拼音
E:\008-datasets\mcv-scripted-nan-tw-v23.0\cv-corpus-23.0-2025-09-05\nan-tw\single_speaker\wavs\common_voice_nan-tw_32163096.wav|nan_tw_01|yue|向望
E:\008-datasets\mcv-scripted-nan-tw-v23.0\cv-corpus-23.0-2025-09-05\nan-tw\single_speaker\wavs\common_voice_nan-tw_32163102.wav|nan_tw_01|yue|數獨
E:\008-datasets\mcv-scripted-nan-tw-v23.0\cv-corpus-23.0-2025-09-05\nan-tw\single_speaker\wavs\common_voice_nan-tw_32163103.wav|nan_tw_01|yue|乙狀結腸
E:\008-datasets\mcv-scripted-nan-tw-v23.0\cv-corpus-23.0-2025-09-05\nan-tw\single_speaker\wavs\common_voice_nan-tw_32163104.wav|nan_tw_01|yue|粉間
E:\008-datasets\mcv-scripted-nan-tw-v23.0\cv-corpus-23.0-2025-09-05\nan-tw\single_speaker\wavs\common_voice_nan-tw_32163105.wav|nan_tw_01|yue|跑馬
E:\008-datasets\mcv-scripted-nan-tw-v23.0\cv-corpus-23.0-2025-09-05\nan-tw\single_speaker\wavs\common_voice_nan-tw_32163106.wav|nan_tw_01|yue|鐵甲蚵仔
E:\008-datasets\mcv-scripted-nan-tw-v23.0\cv-corpus-23.0-2025-09-05\nan-tw\single_speaker\wavs\common_voice_nan-tw_32163112.wav|nan_tw_01|yue|雙湖國小
E:\008-datasets\mcv-scripted-nan-tw-v23.0\cv-corpus-23.0-2025-09-05\nan-tw\single_speaker\wavs\common_voice_nan-tw_32163113.wav|nan_tw_01|yue|雨傘樹
E:\008-datasets\mcv-scripted-nan-tw-v23.0\cv-corpus-23.0-2025-09-05\nan-tw\single_speaker\wavs\common_voice_nan-tw_32163114.wav|nan_tw_01|yue|車幫
E:\008-datasets\mcv-scripted-nan-tw-v23.0\cv-corpus-23.0-2025-09-05\nan-tw\single_speaker\wavs\common_voice_nan-tw_32163115.wav|nan_tw_01|yue|興福
E:\008-datasets\mcv-scripted-nan-tw-v23.0\cv-corpus-23.0-2025-09-05\nan-tw\single_speaker\wavs\common_voice_nan-tw_32163116.wav|nan_tw_01|yue|拍噗仔
E:\008-datasets\mcv-scripted-nan-tw-v23.0\cv-corpus-23.0-2025-09-05\nan-tw\single_speaker\wavs\common_voice_nan-tw_32163117.wav|nan_tw_01|yue|拚力
E:\008-datasets\mcv-scripted-nan-tw-v23.0\cv-corpus-23.0-2025-09-05\nan-tw\single_speaker\wavs\common_voice_nan-tw_32163118.wav|nan_tw_01|yue|遮食
E:\008-datasets\mcv-scripted-nan-tw-v23.0\cv-corpus-23.0-2025-09-05\nan-tw\single_speaker\wavs\common_voice_nan-tw_32163119.wav|nan_tw_01|yue|下蟶下蚵，到時攏無
E:\008-datasets\mcv-scripted-nan-tw-v23.0\cv-corpus-23.0-2025-09-05\nan-tw\single_speaker\wavs\common_voice_nan-tw_32163120.wav|nan_tw_01|yue|鑿枷家己夯
E:\008-datasets\mcv-scripted-nan-tw-v23.0\cv-corpus-23.0-2025-09-05\nan-tw\single_speaker\wavs\common_voice_nan-tw_32163121.wav|nan_tw_01|yue|湯匙狐
E:\008-datasets\mcv-scripted-nan-tw-v23.0\cv-corpus-23.0-2025-09-05\nan-tw\single_speaker\wavs\common_voice_nan-tw_32163122.wav|nan_tw_01|yue|石駁
E:\008-datasets\mcv-scripted-nan-tw-v23.0\cv-corpus-23.0-2025-09-05\nan-tw\single_speaker\wavs\common_voice_nan-tw_32163123.wav|nan_tw_01|yue|囡仔嬰
E:\008-datasets\mcv-scripted-nan-tw-v23.0\cv-corpus-23.0-2025-09-05\nan-tw\single_speaker\wavs\common_voice_nan-tw_32163124.wav|nan_tw_01|yue|高鐵站
E:\008-datasets\mcv-scripted-nan-tw-v23.0\cv-corpus-23.0-2025-09-05\nan-tw\single_speaker\wavs\common_voice_nan-tw_32163125.wav|nan_tw_01|yue|保同陂
E:\008-datasets\mcv-scripted-nan-tw-v23.0\cv-corpus-23.0-2025-09-05\nan-tw\single_speaker\wavs\common_voice_nan-tw_32163126.wav|nan_tw_01|yue|火犁仔
E:\008-datasets\mcv-scripted-nan-tw-v23.0\cv-corpus-23.0-2025-09-05\nan-tw\single_speaker\wavs\common_voice_nan-tw_32163127.wav|nan_tw_01|yue|石碇磅空
E:\008-datasets\mcv-scripted-nan-tw-v23.0\cv-corpus-23.0-2025-09-05\nan-tw\single_speaker\wavs\common_voice_nan-tw_32163128.wav|nan_tw_01|yue|核子武器
E:\008-datasets\mcv-scripted-nan-tw-v23.0\cv-corpus-23.0-2025-09-05\nan-tw\single_speaker\wavs\common_voice_nan-tw_32163129.wav|nan_tw_01|yue|花蓮
E:\008-datasets\mcv-scripted-nan-tw-v23.0\cv-corpus-23.0-2025-09-05\nan-tw\single_speaker\wavs\common_voice_nan-tw_32163130.wav|nan_tw_01|yue|青潭
E:\008-datasets\mcv-scripted-nan-tw-v23.0\cv-corpus-23.0-2025-09-05\nan-tw\single_speaker\wavs\common_voice_nan-tw_32163131.wav|nan_tw_01|yue|興華國小
E:\008-datasets\mcv-scripted-nan-tw-v23.0\cv-corpus-23.0-2025-09-05\nan-tw\single_speaker\wavs\common_voice_nan-tw_32163132.wav|nan_tw_01|yue|木柵國中
E:\008-datasets\mcv-scripted-nan-tw-v23.0\cv-corpus-23.0-2025-09-05\nan-tw\single_speaker\wavs\common_voice_nan-tw_32163133.wav|nan_tw_01|yue|魚丸米粉
E:\008-datasets\mcv-scripted-nan-tw-v23.0\cv-corpus-23.0-2025-09-05\nan-tw\single_speaker\wavs\common_voice_nan-tw_32163134.wav|nan_tw_01|yue|攏有
E:\008-datasets\mcv-scripted-nan-tw-v23.0\cv-corpus-23.0-2025-09-05\nan-tw\single_speaker\wavs\common_voice_nan-tw_32163135.wav|nan_tw_01|yue|拍頭子
E:\008-datasets\mcv-scripted-nan-tw-v23.0\cv-corpus-23.0-2025-09-05\nan-tw\single_speaker\wavs\common_voice_nan-tw_32163136.wav|nan_tw_01|yue|龍騰
E:\008-datasets\mcv-scripted-nan-tw-v23.0\cv-corpus-23.0-2025-09-05\nan-tw\single_speaker\wavs\common_voice_nan-tw_32163137.wav|nan_tw_01|yue|十全十美
E:\008-datasets\mcv-scripted-nan-tw-v23.0\cv-corpus-23.0-2025-09-05\nan-tw\single_speaker\wavs\common_voice_nan-tw_32163138.wav|nan_tw_01|yue|假的
E:\008-datasets\mcv-scripted-nan-tw-v23.0\cv-corpus-23.0-2025-09-05\nan-tw\single_speaker\wavs\common_voice_nan-tw_32163139.wav|nan_tw_01|yue|液晶螢幕
E:\008-datasets\mcv-scripted-nan-tw-v23.0\cv-corpus-23.0-2025-09-05\nan-tw\single_speaker\wavs\common_voice_nan-tw_32163140.wav|nan_tw_01|yue|我佮意你
E:\008-datasets\mcv-scripted-nan-tw-v23.0\cv-corpus-23.0-2025-09-05\nan-tw\single_speaker\wavs\common_voice_nan-tw_32163141.wav|nan_tw_01|yue|四枝釘仔未霆毋知哭
E:\008-datasets\mcv-scripted-nan-tw-v23.0\cv-corpus-23.0-2025-09-05\nan-tw\single_speaker\wavs\common_voice_nan-tw_32163157.wav|nan_tw_01|yue|中正國民中小
E:\008-datasets\mcv-scripted-nan-tw-v23.0\cv-corpus-23.0-2025-09-05\nan-tw\single_speaker\wavs\common_voice_nan-tw_32163158.wav|nan_tw_01|yue|茂谷柑
E:\008-datasets\mcv-scripted-nan-tw-v23.0\cv-corpus-23.0-2025-09-05\nan-tw\single_speaker\wavs\common_voice_nan-tw_32163159.wav|nan_tw_01|yue|拭桌仔
E:\008-datasets\mcv-scripted-nan-tw-v23.0\cv-corpus-23.0-2025-09-05\nan-tw\single_speaker\wavs\common_voice_nan-tw_32163160.wav|nan_tw_01|yue|度針
E:\008-datasets\mcv-scripted-nan-tw-v23.0\cv-corpus-23.0-2025-09-05\nan-tw\single_speaker\wavs\common_voice_nan-tw_32163161.wav|nan_tw_01|yue|日子未到，不是天道無報
E:\008-datasets\mcv-scripted-nan-tw-v23.0\cv-corpus-23.0-2025-09-05\nan-tw\single_speaker\wavs\common_voice_nan-tw_32163174.wav|nan_tw_01|yue|坑仔
E:\008-datasets\mcv-scripted-nan-tw-v23.0\cv-corpus-23.0-2025-09-05\nan-tw\single_speaker\wavs\common_voice_nan-tw_32163176.wav|nan_tw_01|yue|種芋仔
E:\008-datasets\mcv-scripted-nan-tw-v23.0\cv-corpus-23.0-2025-09-05\nan-tw\single_speaker\wavs\common_voice_nan-tw_32163177.wav|nan_tw_01|yue|噴瀾
E:\008-datasets\mcv-scripted-nan-tw-v23.0\cv-corpus-23.0-2025-09-05\nan-tw\single_speaker\wavs\common_voice_nan-tw_32163178.wav|nan_tw_01|yue|滿洋直蓋
E:\008-datasets\mcv-scripted-nan-tw-v23.0\cv-corpus-23.0-2025-09-05\nan-tw\single_speaker\wavs\common_voice_nan-tw_32163179.wav|nan_tw_01|yue|民權路
E:\008-datasets\mcv-scripted-nan-tw-v23.0\cv-corpus-23.0-2025-09-05\nan-tw\single_speaker\wavs\common_voice_nan-tw_32163182.wav|nan_tw_01|yue|後閘
E:\008-datasets\mcv-scripted-nan-tw-v23.0\cv-corpus-23.0-2025-09-05\nan-tw\single_speaker\wavs\common_voice_nan-tw_32163183.wav|nan_tw_01|yue|吐谷渾
E:\008-datasets\mcv-scripted-nan-tw-v23.0\cv-corpus-23.0-2025-09-05\nan-tw\single_speaker\wavs\common_voice_nan-tw_32163184.wav|nan_tw_01|yue|慢速野球
E:\008-datasets\mcv-scripted-nan-tw-v23.0\cv-corpus-23.0-2025-09-05\nan-tw\single_speaker\wavs\common_voice_nan-tw_32163185.wav|nan_tw_01|yue|薅菜
E:\008-datasets\mcv-scripted-nan-tw-v23.0\cv-corpus-23.0-2025-09-05\nan-tw\single_speaker\wavs\common_voice_nan-tw_32163186.wav|nan_tw_01|yue|陳盈潔
E:\008-datasets\mcv-scripted-nan-tw-v23.0\cv-corpus-23.0-2025-09-05\nan-tw\single_speaker\wavs\common_voice_nan-tw_32163195.wav|nan_tw_01|yue|做臭頭雞仔
E:\008-datasets\mcv-scripted-nan-tw-v23.0\cv-corpus-23.0-2025-09-05\nan-tw\single_speaker\wavs\common_voice_nan-tw_32163196.wav|nan_tw_01|yue|中深烘
E:\008-datasets\mcv-scripted-nan-tw-v23.0\cv-corpus-23.0-2025-09-05\nan-tw\single_speaker\wavs\common_voice_nan-tw_32163197.wav|nan_tw_01|yue|掠交替
E:\008-datasets\mcv-scripted-nan-tw-v23.0\cv-corpus-23.0-2025-09-05\nan-tw\single_speaker\wavs\common_voice_nan-tw_32163198.wav|nan_tw_01|yue|烏片
E:\008-datasets\mcv-scripted-nan-tw-v23.0\cv-corpus-23.0-2025-09-05\nan-tw\single_speaker\wavs\common_voice_nan-tw_32163199.wav|nan_tw_01|yue|無兩人相親像
E:\008-datasets\mcv-scripted-nan-tw-v23.0\cv-corpus-23.0-2025-09-05\nan-tw\single_speaker\wavs\common_voice_nan-tw_32163211.wav|nan_tw_01|yue|毋知進退
E:\008-datasets\mcv-scripted-nan-tw-v23.0\cv-corpus-23.0-2025-09-05\nan-tw\single_speaker\wavs\common_voice_nan-tw_32163212.wav|nan_tw_01|yue|雨水
E:\008-datasets\mcv-scripted-nan-tw-v23.0\cv-corpus-23.0-2025-09-05\nan-tw\single_speaker\wavs\common_voice_nan-tw_32163213.wav|nan_tw_01|yue|孤人房
E:\008-datasets\mcv-scripted-nan-tw-v23.0\cv-corpus-23.0-2025-09-05\nan-tw\single_speaker\wavs\common_voice_nan-tw_32163214.wav|nan_tw_01|yue|六甲頂
E:\008-datasets\mcv-scripted-nan-tw-v23.0\cv-corpus-23.0-2025-09-05\nan-tw\single_speaker\wavs\common_voice_nan-tw_32163215.wav|nan_tw_01|yue|蝴蝶泅
E:\008-datasets\mcv-scripted-nan-tw-v23.0\cv-corpus-23.0-2025-09-05\nan-tw\single_speaker\wavs\common_voice_nan-tw_32163221.wav|nan_tw_01|yue|驚掣
E:\008-datasets\mcv-scripted-nan-tw-v23.0\cv-corpus-23.0-2025-09-05\nan-tw\single_speaker\wavs\common_voice_nan-tw_32163222.wav|nan_tw_01|yue|塗蜂仔
E:\008-datasets\mcv-scripted-nan-tw-v23.0\cv-corpus-23.0-2025-09-05\nan-tw\single_speaker\wavs\common_voice_nan-tw_32163223.wav|nan_tw_01|yue|細百
E:\008-datasets\mcv-scripted-nan-tw-v23.0\cv-corpus-23.0-2025-09-05\nan-tw\single_speaker\wavs\common_voice_nan-tw_32163224.wav|nan_tw_01|yue|鐵牛車
E:\008-datasets\mcv-scripted-nan-tw-v23.0\cv-corpus-23.0-2025-09-05\nan-tw\single_speaker\wavs\common_voice_nan-tw_32163225.wav|nan_tw_01|yue|倚欲
E:\008-datasets\mcv-scripted-nan-tw-v23.0\cv-corpus-23.0-2025-09-05\nan-tw\single_speaker\wavs\common_voice_nan-tw_32163228.wav|nan_tw_01|yue|高雄
E:\008-datasets\mcv-scripted-nan-tw-v23.0\cv-corpus-23.0-2025-09-05\nan-tw\single_speaker\wavs\common_voice_nan-tw_32163229.wav|nan_tw_01|yue|有影有跡
E:\008-datasets\mcv-scripted-nan-tw-v23.0\cv-corpus-23.0-2025-09-05\nan-tw\single_speaker\wavs\common_voice_nan-tw_32163230.wav|nan_tw_01|yue|珠
E:\008-datasets\mcv-scripted-nan-tw-v23.0\cv-corpus-23.0-2025-09-05\nan-tw\single_speaker\wavs\common_voice_nan-tw_32163231.wav|nan_tw_01|yue|輜物機
E:\008-datasets\mcv-scripted-nan-tw-v23.0\cv-corpus-23.0-2025-09-05\nan-tw\single_speaker\wavs\common_voice_nan-tw_32163232.wav|nan_tw_01|yue|愛新覺羅
E:\008-datasets\mcv-scripted-nan-tw-v23.0\cv-corpus-23.0-2025-09-05\nan-tw\single_speaker\wavs\common_voice_nan-tw_32163236.wav|nan_tw_01|yue|唐人街
E:\008-datasets\mcv-scripted-nan-tw-v23.0\cv-corpus-23.0-2025-09-05\nan-tw\single_speaker\wavs\common_voice_nan-tw_32163237.wav|nan_tw_01|yue|電火
E:\008-datasets\mcv-scripted-nan-tw-v23.0\cv-corpus-23.0-2025-09-05\nan-tw\single_speaker\wavs\common_voice_nan-tw_32163238.wav|nan_tw_01|yue|洗錢
E:\008-datasets\mcv-scripted-nan-tw-v23.0\cv-corpus-23.0-2025-09-05\nan-tw\single_speaker\wavs\common_voice_nan-tw_32163239.wav|nan_tw_01|yue|覓搭覓搭
E:\008-datasets\mcv-scripted-nan-tw-v23.0\cv-corpus-23.0-2025-09-05\nan-tw\single_speaker\wavs\common_voice_nan-tw_32163240.wav|nan_tw_01|yue|四方金
E:\008-datasets\mcv-scripted-nan-tw-v23.0\cv-corpus-23.0-2025-09-05\nan-tw\single_speaker\wavs\common_voice_nan-tw_32163245.wav|nan_tw_01|yue|飼水
E:\008-datasets\mcv-scripted-nan-tw-v23.0\cv-corpus-23.0-2025-09-05\nan-tw\single_speaker\wavs\common_voice_nan-tw_32163246.wav|nan_tw_01|yue|是毋是
E:\008-datasets\mcv-scripted-nan-tw-v23.0\cv-corpus-23.0-2025-09-05\nan-tw\single_speaker\wavs\common_voice_nan-tw_32163247.wav|nan_tw_01|yue|火雞肉飯
E:\008-datasets\mcv-scripted-nan-tw-v23.0\cv-corpus-23.0-2025-09-05\nan-tw\single_speaker\wavs\common_voice_nan-tw_32163248.wav|nan_tw_01|yue|千言萬語
E:\008-datasets\mcv-scripted-nan-tw-v23.0\cv-corpus-23.0-2025-09-05\nan-tw\single_speaker\wavs\common_voice_nan-tw_32163249.wav|nan_tw_01|yue|戰狼
E:\008-datasets\mcv-scripted-nan-tw-v23.0\cv-corpus-23.0-2025-09-05\nan-tw\single_speaker\wavs\common_voice_nan-tw_32163251.wav|nan_tw_01|yue|用心計較
E:\008-datasets\mcv-scripted-nan-tw-v23.0\cv-corpus-23.0-2025-09-05\nan-tw\single_speaker\wavs\common_voice_nan-tw_32163252.wav|nan_tw_01|yue|船仔草
E:\008-datasets\mcv-scripted-nan-tw-v23.0\cv-corpus-23.0-2025-09-05\nan-tw\single_speaker\wavs\common_voice_nan-tw_32163253.wav|nan_tw_01|yue|東石
E:\008-datasets\mcv-scripted-nan-tw-v23.0\cv-corpus-23.0-2025-09-05\nan-tw\single_speaker\wavs\common_voice_nan-tw_32163254.wav|nan_tw_01|yue|煞經
E:\008-datasets\mcv-scripted-nan-tw-v23.0\cv-corpus-23.0-2025-09-05\nan-tw\single_speaker\wavs\common_voice_nan-tw_32163261.wav|nan_tw_01|yue|蘆趵
E:\008-datasets\mcv-scripted-nan-tw-v23.0\cv-corpus-23.0-2025-09-05\nan-tw\single_speaker\wavs\common_voice_nan-tw_32163285.wav|nan_tw_01|yue|捽土地
E:\008-datasets\mcv-scripted-nan-tw-v23.0\cv-corpus-23.0-2025-09-05\nan-tw\single_speaker\wavs\common_voice_nan-tw_32163286.wav|nan_tw_01|yue|大葉校栗
E:\008-datasets\mcv-scripted-nan-tw-v23.0\cv-corpus-23.0-2025-09-05\nan-tw\single_speaker\wavs\common_voice_nan-tw_32163287.wav|nan_tw_01|yue|哭爸
E:\008-datasets\mcv-scripted-nan-tw-v23.0\cv-corpus-23.0-2025-09-05\nan-tw\single_speaker\wavs\common_voice_nan-tw_32163288.wav|nan_tw_01|yue|聖佛無分大細身
E:\008-datasets\mcv-scripted-nan-tw-v23.0\cv-corpus-23.0-2025-09-05\nan-tw\single_speaker\wavs\common_voice_nan-tw_32163289.wav|nan_tw_01|yue|入眠
E:\008-datasets\mcv-scripted-nan-tw-v23.0\cv-corpus-23.0-2025-09-05\nan-tw\single_speaker\wavs\common_voice_nan-tw_32163300.wav|nan_tw_01|yue|女同志
E:\008-datasets\mcv-scripted-nan-tw-v23.0\cv-corpus-23.0-2025-09-05\nan-tw\single_speaker\wavs\common_voice_nan-tw_32163301.wav|nan_tw_01|yue|喙角
E:\008-datasets\mcv-scripted-nan-tw-v23.0\cv-corpus-23.0-2025-09-05\nan-tw\single_speaker\wavs\common_voice_nan-tw_32163302.wav|nan_tw_01|yue|自由之戰
E:\008-datasets\mcv-scripted-nan-tw-v23.0\cv-corpus-23.0-2025-09-05\nan-tw\single_speaker\wavs\common_voice_nan-tw_32163303.wav|nan_tw_01|yue|厚洘
E:\008-datasets\mcv-scripted-nan-tw-v23.0\cv-corpus-23.0-2025-09-05\nan-tw\single_speaker\wavs\common_voice_nan-tw_32163304.wav|nan_tw_01|yue|一粒一
E:\008-datasets\mcv-scripted-nan-tw-v23.0\cv-corpus-23.0-2025-09-05\nan-tw\single_speaker\wavs\common_voice_nan-tw_32163305.wav|nan_tw_01|yue|沉水艦
E:\008-datasets\mcv-scripted-nan-tw-v23.0\cv-corpus-23.0-2025-09-05\nan-tw\single_speaker\wavs\common_voice_nan-tw_32163306.wav|nan_tw_01|yue|播箍仔
E:\008-datasets\mcv-scripted-nan-tw-v23.0\cv-corpus-23.0-2025-09-05\nan-tw\single_speaker\wavs\common_voice_nan-tw_32163307.wav|nan_tw_01|yue|夏哈烏
E:\008-datasets\mcv-scripted-nan-tw-v23.0\cv-corpus-23.0-2025-09-05\nan-tw\single_speaker\wavs\common_voice_nan-tw_32163308.wav|nan_tw_01|yue|郵送投票
E:\008-datasets\mcv-scripted-nan-tw-v23.0\cv-corpus-23.0-2025-09-05\nan-tw\single_speaker\wavs\common_voice_nan-tw_32163309.wav|nan_tw_01|yue|毋是款
E:\008-datasets\mcv-scripted-nan-tw-v23.0\cv-corpus-23.0-2025-09-05\nan-tw\single_speaker\wavs\common_voice_nan-tw_32163312.wav|nan_tw_01|yue|火杜伯
E:\008-datasets\mcv-scripted-nan-tw-v23.0\cv-corpus-23.0-2025-09-05\nan-tw\single_speaker\wavs\common_voice_nan-tw_32163313.wav|nan_tw_01|yue|失眠
E:\008-datasets\mcv-scripted-nan-tw-v23.0\cv-corpus-23.0-2025-09-05\nan-tw\single_speaker\wavs\common_voice_nan-tw_32163314.wav|nan_tw_01|yue|桃志其
E:\008-datasets\mcv-scripted-nan-tw-v23.0\cv-corpus-23.0-2025-09-05\nan-tw\single_speaker\wavs\common_voice_nan-tw_32163315.wav|nan_tw_01|yue|突勉
E:\008-datasets\mcv-scripted-nan-tw-v23.0\cv-corpus-23.0-2025-09-05\nan-tw\single_speaker\wavs\common_voice_nan-tw_32163317.wav|nan_tw_01|yue|亥在亥在
E:\008-datasets\mcv-scripted-nan-tw-v23.0\cv-corpus-23.0-2025-09-05\nan-tw\single_speaker\wavs\common_voice_nan-tw_32163330.wav|nan_tw_01|yue|高血油
E:\008-datasets\mcv-scripted-nan-tw-v23.0\cv-corpus-23.0-2025-09-05\nan-tw\single_speaker\wavs\common_voice_nan-tw_32163331.wav|nan_tw_01|yue|火燒厝
E:\008-datasets\mcv-scripted-nan-tw-v23.0\cv-corpus-23.0-2025-09-05\nan-tw\single_speaker\wavs\common_voice_nan-tw_32163332.wav|nan_tw_01|yue|風說
E:\008-datasets\mcv-scripted-nan-tw-v23.0\cv-corpus-23.0-2025-09-05\nan-tw\single_speaker\wavs\common_voice_nan-tw_32163333.wav|nan_tw_01|yue|新北大都會公園
E:\008-datasets\mcv-scripted-nan-tw-v23.0\cv-corpus-23.0-2025-09-05\nan-tw\single_speaker\wavs\common_voice_nan-tw_32163334.wav|nan_tw_01|yue|跤頭腕
E:\008-datasets\mcv-scripted-nan-tw-v23.0\cv-corpus-23.0-2025-09-05\nan-tw\single_speaker\wavs\common_voice_nan-tw_32163344.wav|nan_tw_01|yue|廟公
E:\008-datasets\mcv-scripted-nan-tw-v23.0\cv-corpus-23.0-2025-09-05\nan-tw\single_speaker\wavs\common_voice_nan-tw_32163345.wav|nan_tw_01|yue|索仔小?咧就會使
E:\008-datasets\mcv-scripted-nan-tw-v23.0\cv-corpus-23.0-2025-09-05\nan-tw\single_speaker\wavs\common_voice_nan-tw_32163346.wav|nan_tw_01|yue|母身獨身
E:\008-datasets\mcv-scripted-nan-tw-v23.0\cv-corpus-23.0-2025-09-05\nan-tw\single_speaker\wavs\common_voice_nan-tw_32163347.wav|nan_tw_01|yue|芳苑鄉
E:\008-datasets\mcv-scripted-nan-tw-v23.0\cv-corpus-23.0-2025-09-05\nan-tw\single_speaker\wavs\common_voice_nan-tw_32163348.wav|nan_tw_01|yue|起塗龍
E:\008-datasets\mcv-scripted-nan-tw-v23.0\cv-corpus-23.0-2025-09-05\nan-tw\single_speaker\wavs\common_voice_nan-tw_32163368.wav|nan_tw_01|yue|出頭
E:\008-datasets\mcv-scripted-nan-tw-v23.0\cv-corpus-23.0-2025-09-05\nan-tw\single_speaker\wavs\common_voice_nan-tw_32163369.wav|nan_tw_01|yue|水碓仔
E:\008-datasets\mcv-scripted-nan-tw-v23.0\cv-corpus-23.0-2025-09-05\nan-tw\single_speaker\wavs\common_voice_nan-tw_32163370.wav|nan_tw_01|yue|水圳仔
E:\008-datasets\mcv-scripted-nan-tw-v23.0\cv-corpus-23.0-2025-09-05\nan-tw\single_speaker\wavs\common_voice_nan-tw_32163371.wav|nan_tw_01|yue|雞仔咯咯叫
E:\008-datasets\mcv-scripted-nan-tw-v23.0\cv-corpus-23.0-2025-09-05\nan-tw\single_speaker\wavs\common_voice_nan-tw_32163372.wav|nan_tw_01|yue|阿百尼
E:\008-datasets\mcv-scripted-nan-tw-v23.0\cv-corpus-23.0-2025-09-05\nan-tw\single_speaker\wavs\common_voice_nan-tw_32163383.wav|nan_tw_01|yue|埔里站
E:\008-datasets\mcv-scripted-nan-tw-v23.0\cv-corpus-23.0-2025-09-05\nan-tw\single_speaker\wavs\common_voice_nan-tw_32163384.wav|nan_tw_01|yue|辛亥
E:\008-datasets\mcv-scripted-nan-tw-v23.0\cv-corpus-23.0-2025-09-05\nan-tw\single_speaker\wavs\common_voice_nan-tw_32163385.wav|nan_tw_01|yue|蹂躪
E:\008-datasets\mcv-scripted-nan-tw-v23.0\cv-corpus-23.0-2025-09-05\nan-tw\single_speaker\wavs\common_voice_nan-tw_32163387.wav|nan_tw_01|yue|無啥物
E:\008-datasets\mcv-scripted-nan-tw-v23.0\cv-corpus-23.0-2025-09-05\nan-tw\single_speaker\wavs\common_voice_nan-tw_32163399.wav|nan_tw_01|yue|投影燈
E:\008-datasets\mcv-scripted-nan-tw-v23.0\cv-corpus-23.0-2025-09-05\nan-tw\single_speaker\wavs\common_voice_nan-tw_32163400.wav|nan_tw_01|yue|建安國小
E:\008-datasets\mcv-scripted-nan-tw-v23.0\cv-corpus-23.0-2025-09-05\nan-tw\single_speaker\wavs\common_voice_nan-tw_32163401.wav|nan_tw_01|yue|㪉紙機
E:\008-datasets\mcv-scripted-nan-tw-v23.0\cv-corpus-23.0-2025-09-05\nan-tw\single_speaker\wavs\common_voice_nan-tw_32163402.wav|nan_tw_01|yue|白頭偕老
E:\008-datasets\mcv-scripted-nan-tw-v23.0\cv-corpus-23.0-2025-09-05\nan-tw\single_speaker\wavs\common_voice_nan-tw_32163403.wav|nan_tw_01|yue|三改
E:\008-datasets\mcv-scripted-nan-tw-v23.0\cv-corpus-23.0-2025-09-05\nan-tw\single_speaker\wavs\common_voice_nan-tw_32163429.wav|nan_tw_01|yue|人心不足蛇吞象
E:\008-datasets\mcv-scripted-nan-tw-v23.0\cv-corpus-23.0-2025-09-05\nan-tw\single_speaker\wavs\common_voice_nan-tw_32163430.wav|nan_tw_01|yue|蘇格蘭
E:\008-datasets\mcv-scripted-nan-tw-v23.0\cv-corpus-23.0-2025-09-05\nan-tw\single_speaker\wavs\common_voice_nan-tw_32163431.wav|nan_tw_01|yue|松河街
E:\008-datasets\mcv-scripted-nan-tw-v23.0\cv-corpus-23.0-2025-09-05\nan-tw\single_speaker\wavs\common_voice_nan-tw_32163432.wav|nan_tw_01|yue|反粒子
E:\008-datasets\mcv-scripted-nan-tw-v23.0\cv-corpus-23.0-2025-09-05\nan-tw\single_speaker\wavs\common_voice_nan-tw_32163433.wav|nan_tw_01|yue|統埔
E:\008-datasets\mcv-scripted-nan-tw-v23.0\cv-corpus-23.0-2025-09-05\nan-tw\single_speaker\wavs\common_voice_nan-tw_32163439.wav|nan_tw_01|yue|三福街
E:\008-datasets\mcv-scripted-nan-tw-v23.0\cv-corpus-23.0-2025-09-05\nan-tw\single_speaker\wavs\common_voice_nan-tw_32163440.wav|nan_tw_01|yue|膃肭
E:\008-datasets\mcv-scripted-nan-tw-v23.0\cv-corpus-23.0-2025-09-05\nan-tw\single_speaker\wavs\common_voice_nan-tw_32163441.wav|nan_tw_01|yue|高雄的九龍殯儀館
E:\008-datasets\mcv-scripted-nan-tw-v23.0\cv-corpus-23.0-2025-09-05\nan-tw\single_speaker\wavs\common_voice_nan-tw_32163442.wav|nan_tw_01|yue|一捲
E:\008-datasets\mcv-scripted-nan-tw-v23.0\cv-corpus-23.0-2025-09-05\nan-tw\single_speaker\wavs\common_voice_nan-tw_32163443.wav|nan_tw_01|yue|橫切面
E:\008-datasets\mcv-scripted-nan-tw-v23.0\cv-corpus-23.0-2025-09-05\nan-tw\single_speaker\wavs\common_voice_nan-tw_32163459.wav|nan_tw_01|yue|恭喜發財
E:\008-datasets\mcv-scripted-nan-tw-v23.0\cv-corpus-23.0-2025-09-05\nan-tw\single_speaker\wavs\common_voice_nan-tw_32163460.wav|nan_tw_01|yue|大湖公園
E:\008-datasets\mcv-scripted-nan-tw-v23.0\cv-corpus-23.0-2025-09-05\nan-tw\single_speaker\wavs\common_voice_nan-tw_32163461.wav|nan_tw_01|yue|涵空肥龜
E:\008-datasets\mcv-scripted-nan-tw-v23.0\cv-corpus-23.0-2025-09-05\nan-tw\single_speaker\wavs\common_voice_nan-tw_32163462.wav|nan_tw_01|yue|明年
E:\008-datasets\mcv-scripted-nan-tw-v23.0\cv-corpus-23.0-2025-09-05\nan-tw\single_speaker\wavs\common_voice_nan-tw_32163463.wav|nan_tw_01|yue|頂崙尾
E:\008-datasets\mcv-scripted-nan-tw-v23.0\cv-corpus-23.0-2025-09-05\nan-tw\single_speaker\wavs\common_voice_nan-tw_32163466.wav|nan_tw_01|yue|仁德區
E:\008-datasets\mcv-scripted-nan-tw-v23.0\cv-corpus-23.0-2025-09-05\nan-tw\single_speaker\wavs\common_voice_nan-tw_32163467.wav|nan_tw_01|yue|惜命
E:\008-datasets\mcv-scripted-nan-tw-v23.0\cv-corpus-23.0-2025-09-05\nan-tw\single_speaker\wavs\common_voice_nan-tw_32163468.wav|nan_tw_01|yue|才袂予人看無目地
E:\008-datasets\mcv-scripted-nan-tw-v23.0\cv-corpus-23.0-2025-09-05\nan-tw\single_speaker\wavs\common_voice_nan-tw_32163469.wav|nan_tw_01|yue|變啥蠓
E:\008-datasets\mcv-scripted-nan-tw-v23.0\cv-corpus-23.0-2025-09-05\nan-tw\single_speaker\wavs\common_voice_nan-tw_32163470.wav|nan_tw_01|yue|實作
E:\008-datasets\mcv-scripted-nan-tw-v23.0\cv-corpus-23.0-2025-09-05\nan-tw\single_speaker\wavs\common_voice_nan-tw_32163473.wav|nan_tw_01|yue|南苗派出所
E:\008-datasets\mcv-scripted-nan-tw-v23.0\cv-corpus-23.0-2025-09-05\nan-tw\single_speaker\wavs\common_voice_nan-tw_32163488.wav|nan_tw_01|yue|周柏雅
E:\008-datasets\mcv-scripted-nan-tw-v23.0\cv-corpus-23.0-2025-09-05\nan-tw\single_speaker\wavs\common_voice_nan-tw_32163489.wav|nan_tw_01|yue|大頭家
E:\008-datasets\mcv-scripted-nan-tw-v23.0\cv-corpus-23.0-2025-09-05\nan-tw\single_speaker\wavs\common_voice_nan-tw_32163490.wav|nan_tw_01|yue|新店溪
E:\008-datasets\mcv-scripted-nan-tw-v23.0\cv-corpus-23.0-2025-09-05\nan-tw\single_speaker\wavs\common_voice_nan-tw_32163491.wav|nan_tw_01|yue|田椪花
E:\008-datasets\mcv-scripted-nan-tw-v23.0\cv-corpus-23.0-2025-09-05\nan-tw\single_speaker\wavs\common_voice_nan-tw_32163492.wav|nan_tw_01|yue|萬壽無疆
E:\008-datasets\mcv-scripted-nan-tw-v23.0\cv-corpus-23.0-2025-09-05\nan-tw\single_speaker\wavs\common_voice_nan-tw_32163500.wav|nan_tw_01|yue|一步差，步步差
E:\008-datasets\mcv-scripted-nan-tw-v23.0\cv-corpus-23.0-2025-09-05\nan-tw\single_speaker\wavs\common_voice_nan-tw_32163501.wav|nan_tw_01|yue|品明
E:\008-datasets\mcv-scripted-nan-tw-v23.0\cv-corpus-23.0-2025-09-05\nan-tw\single_speaker\wavs\common_voice_nan-tw_32163502.wav|nan_tw_01|yue|十年修得同船渡
E:\008-datasets\mcv-scripted-nan-tw-v23.0\cv-corpus-23.0-2025-09-05\nan-tw\single_speaker\wavs\common_voice_nan-tw_32163503.wav|nan_tw_01|yue|人中齒
E:\008-datasets\mcv-scripted-nan-tw-v23.0\cv-corpus-23.0-2025-09-05\nan-tw\single_speaker\wavs\common_voice_nan-tw_32163504.wav|nan_tw_01|yue|薰尾
E:\008-datasets\mcv-scripted-nan-tw-v23.0\cv-corpus-23.0-2025-09-05\nan-tw\single_speaker\wavs\common_voice_nan-tw_32163510.wav|nan_tw_01|yue|鐵枋燒
E:\008-datasets\mcv-scripted-nan-tw-v23.0\cv-corpus-23.0-2025-09-05\nan-tw\single_speaker\wavs\common_voice_nan-tw_32163511.wav|nan_tw_01|yue|白蝦
E:\008-datasets\mcv-scripted-nan-tw-v23.0\cv-corpus-23.0-2025-09-05\nan-tw\single_speaker\wavs\common_voice_nan-tw_32163512.wav|nan_tw_01|yue|我遮
E:\008-datasets\mcv-scripted-nan-tw-v23.0\cv-corpus-23.0-2025-09-05\nan-tw\single_speaker\wavs\common_voice_nan-tw_32163513.wav|nan_tw_01|yue|仙岩公園
E:\008-datasets\mcv-scripted-nan-tw-v23.0\cv-corpus-23.0-2025-09-05\nan-tw\single_speaker\wavs\common_voice_nan-tw_32163514.wav|nan_tw_01|yue|甌底亞賴
E:\008-datasets\mcv-scripted-nan-tw-v23.0\cv-corpus-23.0-2025-09-05\nan-tw\single_speaker\wavs\common_voice_nan-tw_32169532.wav|nan_tw_01|yue|蝦仔兵，草蜢將
E:\008-datasets\mcv-scripted-nan-tw-v23.0\cv-corpus-23.0-2025-09-05\nan-tw\single_speaker\wavs\common_voice_nan-tw_32169533.wav|nan_tw_01|yue|蟬蠳
E:\008-datasets\mcv-scripted-nan-tw-v23.0\cv-corpus-23.0-2025-09-05\nan-tw\single_speaker\wavs\common_voice_nan-tw_32169534.wav|nan_tw_01|yue|伊生做較幼骨
E:\008-datasets\mcv-scripted-nan-tw-v23.0\cv-corpus-23.0-2025-09-05\nan-tw\single_speaker\wavs\common_voice_nan-tw_32169535.wav|nan_tw_01|yue|血蚶
E:\008-datasets\mcv-scripted-nan-tw-v23.0\cv-corpus-23.0-2025-09-05\nan-tw\single_speaker\wavs\common_voice_nan-tw_32169536.wav|nan_tw_01|yue|國立臺灣大學
E:\008-datasets\mcv-scripted-nan-tw-v23.0\cv-corpus-23.0-2025-09-05\nan-tw\single_speaker\wavs\common_voice_nan-tw_32169567.wav|nan_tw_01|yue|和尚洲
E:\008-datasets\mcv-scripted-nan-tw-v23.0\cv-corpus-23.0-2025-09-05\nan-tw\single_speaker\wavs\common_voice_nan-tw_32169568.wav|nan_tw_01|yue|斜lui
E:\008-datasets\mcv-scripted-nan-tw-v23.0\cv-corpus-23.0-2025-09-05\nan-tw\single_speaker\wavs\common_voice_nan-tw_32169569.wav|nan_tw_01|yue|唐詩三百首
E:\008-datasets\mcv-scripted-nan-tw-v23.0\cv-corpus-23.0-2025-09-05\nan-tw\single_speaker\wavs\common_voice_nan-tw_32169570.wav|nan_tw_01|yue|噷噷
E:\008-datasets\mcv-scripted-nan-tw-v23.0\cv-corpus-23.0-2025-09-05\nan-tw\single_speaker\wavs\common_voice_nan-tw_32169571.wav|nan_tw_01|yue|草踏
E:\008-datasets\mcv-scripted-nan-tw-v23.0\cv-corpus-23.0-2025-09-05\nan-tw\single_speaker\wavs\common_voice_nan-tw_32169587.wav|nan_tw_01|yue|廟前
E:\008-datasets\mcv-scripted-nan-tw-v23.0\cv-corpus-23.0-2025-09-05\nan-tw\single_speaker\wavs\common_voice_nan-tw_32169588.wav|nan_tw_01|yue|三興國小
E:\008-datasets\mcv-scripted-nan-tw-v23.0\cv-corpus-23.0-2025-09-05\nan-tw\single_speaker\wavs\common_voice_nan-tw_32169589.wav|nan_tw_01|yue|工倍功半
E:\008-datasets\mcv-scripted-nan-tw-v23.0\cv-corpus-23.0-2025-09-05\nan-tw\single_speaker\wavs\common_voice_nan-tw_32169590.wav|nan_tw_01|yue|漩民
E:\008-datasets\mcv-scripted-nan-tw-v23.0\cv-corpus-23.0-2025-09-05\nan-tw\single_speaker\wavs\common_voice_nan-tw_32169591.wav|nan_tw_01|yue|想空想縫
E:\008-datasets\mcv-scripted-nan-tw-v23.0\cv-corpus-23.0-2025-09-05\nan-tw\single_speaker\wavs\common_voice_nan-tw_32169597.wav|nan_tw_01|yue|無影無隻
E:\008-datasets\mcv-scripted-nan-tw-v23.0\cv-corpus-23.0-2025-09-05\nan-tw\single_speaker\wavs\common_voice_nan-tw_32169598.wav|nan_tw_01|yue|瓷仔店
E:\008-datasets\mcv-scripted-nan-tw-v23.0\cv-corpus-23.0-2025-09-05\nan-tw\single_speaker\wavs\common_voice_nan-tw_32169599.wav|nan_tw_01|yue|輝
E:\008-datasets\mcv-scripted-nan-tw-v23.0\cv-corpus-23.0-2025-09-05\nan-tw\single_speaker\wavs\common_voice_nan-tw_32169600.wav|nan_tw_01|yue|跤頭趺碗
E:\008-datasets\mcv-scripted-nan-tw-v23.0\cv-corpus-23.0-2025-09-05\nan-tw\single_speaker\wavs\common_voice_nan-tw_32169601.wav|nan_tw_01|yue|豬仔過槽芳
E:\008-datasets\mcv-scripted-nan-tw-v23.0\cv-corpus-23.0-2025-09-05\nan-tw\single_speaker\wavs\common_voice_nan-tw_32169607.wav|nan_tw_01|yue|有囡仔
E:\008-datasets\mcv-scripted-nan-tw-v23.0\cv-corpus-23.0-2025-09-05\nan-tw\single_speaker\wavs\common_voice_nan-tw_32169610.wav|nan_tw_01|yue|比比鳥
E:\008-datasets\mcv-scripted-nan-tw-v23.0\cv-corpus-23.0-2025-09-05\nan-tw\single_speaker\wavs\common_voice_nan-tw_32169612.wav|nan_tw_01|yue|景山溪
E:\008-datasets\mcv-scripted-nan-tw-v23.0\cv-corpus-23.0-2025-09-05\nan-tw\single_speaker\wavs\common_voice_nan-tw_32169613.wav|nan_tw_01|yue|世運
E:\008-datasets\mcv-scripted-nan-tw-v23.0\cv-corpus-23.0-2025-09-05\nan-tw\single_speaker\wavs\common_voice_nan-tw_32169615.wav|nan_tw_01|yue|啡啡子
E:\008-datasets\mcv-scripted-nan-tw-v23.0\cv-corpus-23.0-2025-09-05\nan-tw\single_speaker\wavs\common_voice_nan-tw_32169621.wav|nan_tw_01|yue|祝山
E:\008-datasets\mcv-scripted-nan-tw-v23.0\cv-corpus-23.0-2025-09-05\nan-tw\single_speaker\wavs\common_voice_nan-tw_32169622.wav|nan_tw_01|yue|五跤趖出來
E:\008-datasets\mcv-scripted-nan-tw-v23.0\cv-corpus-23.0-2025-09-05\nan-tw\single_speaker\wavs\common_voice_nan-tw_32169623.wav|nan_tw_01|yue|美麗島
E:\008-datasets\mcv-scripted-nan-tw-v23.0\cv-corpus-23.0-2025-09-05\nan-tw\single_speaker\wavs\common_voice_nan-tw_32169624.wav|nan_tw_01|yue|禽胸肉
E:\008-datasets\mcv-scripted-nan-tw-v23.0\cv-corpus-23.0-2025-09-05\nan-tw\single_speaker\wavs\common_voice_nan-tw_32169625.wav|nan_tw_01|yue|袂呵咾得
E:\008-datasets\mcv-scripted-nan-tw-v23.0\cv-corpus-23.0-2025-09-05\nan-tw\single_speaker\wavs\common_voice_nan-tw_32169646.wav|nan_tw_01|yue|將軍澳
E:\008-datasets\mcv-scripted-nan-tw-v23.0\cv-corpus-23.0-2025-09-05\nan-tw\single_speaker\wavs\common_voice_nan-tw_32169647.wav|nan_tw_01|yue|海䖳
E:\008-datasets\mcv-scripted-nan-tw-v23.0\cv-corpus-23.0-2025-09-05\nan-tw\single_speaker\wavs\common_voice_nan-tw_32169648.wav|nan_tw_01|yue|有來有往
E:\008-datasets\mcv-scripted-nan-tw-v23.0\cv-corpus-23.0-2025-09-05\nan-tw\single_speaker\wavs\common_voice_nan-tw_32169649.wav|nan_tw_01|yue|茄苳
E:\008-datasets\mcv-scripted-nan-tw-v23.0\cv-corpus-23.0-2025-09-05\nan-tw\single_speaker\wavs\common_voice_nan-tw_32169650.wav|nan_tw_01|yue|雌雄眼
E:\008-datasets\mcv-scripted-nan-tw-v23.0\cv-corpus-23.0-2025-09-05\nan-tw\single_speaker\wavs\common_voice_nan-tw_32169661.wav|nan_tw_01|yue|海刺龍
E:\008-datasets\mcv-scripted-nan-tw-v23.0\cv-corpus-23.0-2025-09-05\nan-tw\single_speaker\wavs\common_voice_nan-tw_32169662.wav|nan_tw_01|yue|去睏
E:\008-datasets\mcv-scripted-nan-tw-v23.0\cv-corpus-23.0-2025-09-05\nan-tw\single_speaker\wavs\common_voice_nan-tw_32169663.wav|nan_tw_01|yue|萬榮鄉
E:\008-datasets\mcv-scripted-nan-tw-v23.0\cv-corpus-23.0-2025-09-05\nan-tw\single_speaker\wavs\common_voice_nan-tw_32169664.wav|nan_tw_01|yue|虛華
E:\008-datasets\mcv-scripted-nan-tw-v23.0\cv-corpus-23.0-2025-09-05\nan-tw\single_speaker\wavs\common_voice_nan-tw_32169665.wav|nan_tw_01|yue|豪
E:\008-datasets\mcv-scripted-nan-tw-v23.0\cv-corpus-23.0-2025-09-05\nan-tw\single_speaker\wavs\common_voice_nan-tw_32169671.wav|nan_tw_01|yue|滿地金錢
E:\008-datasets\mcv-scripted-nan-tw-v23.0\cv-corpus-23.0-2025-09-05\nan-tw\single_speaker\wavs\common_voice_nan-tw_32169672.wav|nan_tw_01|yue|有賰錢轉來無？
E:\008-datasets\mcv-scripted-nan-tw-v23.0\cv-corpus-23.0-2025-09-05\nan-tw\single_speaker\wavs\common_voice_nan-tw_32169673.wav|nan_tw_01|yue|樹獺
E:\008-datasets\mcv-scripted-nan-tw-v23.0\cv-corpus-23.0-2025-09-05\nan-tw\single_speaker\wavs\common_voice_nan-tw_32169674.wav|nan_tw_01|yue|事件視界召鏡
E:\008-datasets\mcv-scripted-nan-tw-v23.0\cv-corpus-23.0-2025-09-05\nan-tw\single_speaker\wavs\common_voice_nan-tw_32169675.wav|nan_tw_01|yue|按會
E:\008-datasets\mcv-scripted-nan-tw-v23.0\cv-corpus-23.0-2025-09-05\nan-tw\single_speaker\wavs\common_voice_nan-tw_32169681.wav|nan_tw_01|yue|駐水
E:\008-datasets\mcv-scripted-nan-tw-v23.0\cv-corpus-23.0-2025-09-05\nan-tw\single_speaker\wavs\common_voice_nan-tw_32169682.wav|nan_tw_01|yue|禮記
E:\008-datasets\mcv-scripted-nan-tw-v23.0\cv-corpus-23.0-2025-09-05\nan-tw\single_speaker\wavs\common_voice_nan-tw_32169683.wav|nan_tw_01|yue|塗葛窟港
E:\008-datasets\mcv-scripted-nan-tw-v23.0\cv-corpus-23.0-2025-09-05\nan-tw\single_speaker\wavs\common_voice_nan-tw_32169684.wav|nan_tw_01|yue|猴桃仔
E:\008-datasets\mcv-scripted-nan-tw-v23.0\cv-corpus-23.0-2025-09-05\nan-tw\single_speaker\wavs\common_voice_nan-tw_32169685.wav|nan_tw_01|yue|信義國小
E:\008-datasets\mcv-scripted-nan-tw-v23.0\cv-corpus-23.0-2025-09-05\nan-tw\single_speaker\wavs\common_voice_nan-tw_32169691.wav|nan_tw_01|yue|無聲無說
E:\008-datasets\mcv-scripted-nan-tw-v23.0\cv-corpus-23.0-2025-09-05\nan-tw\single_speaker\wavs\common_voice_nan-tw_32169692.wav|nan_tw_01|yue|挈批的
E:\008-datasets\mcv-scripted-nan-tw-v23.0\cv-corpus-23.0-2025-09-05\nan-tw\single_speaker\wavs\common_voice_nan-tw_32169693.wav|nan_tw_01|yue|有來有去
E:\008-datasets\mcv-scripted-nan-tw-v23.0\cv-corpus-23.0-2025-09-05\nan-tw\single_speaker\wavs\common_voice_nan-tw_32169694.wav|nan_tw_01|yue|攑鼓仔扇去
E:\008-datasets\mcv-scripted-nan-tw-v23.0\cv-corpus-23.0-2025-09-05\nan-tw\single_speaker\wavs\common_voice_nan-tw_32169695.wav|nan_tw_01|yue|萬弩箭齊發
E:\008-datasets\mcv-scripted-nan-tw-v23.0\cv-corpus-23.0-2025-09-05\nan-tw\single_speaker\wavs\common_voice_nan-tw_32169701.wav|nan_tw_01|yue|喙?
E:\008-datasets\mcv-scripted-nan-tw-v23.0\cv-corpus-23.0-2025-09-05\nan-tw\single_speaker\wavs\common_voice_nan-tw_32169702.wav|nan_tw_01|yue|擔仔車
E:\008-datasets\mcv-scripted-nan-tw-v23.0\cv-corpus-23.0-2025-09-05\nan-tw\single_speaker\wavs\common_voice_nan-tw_32169703.wav|nan_tw_01|yue|頭子
E:\008-datasets\mcv-scripted-nan-tw-v23.0\cv-corpus-23.0-2025-09-05\nan-tw\single_speaker\wavs\common_voice_nan-tw_32169704.wav|nan_tw_01|yue|催速的
E:\008-datasets\mcv-scripted-nan-tw-v23.0\cv-corpus-23.0-2025-09-05\nan-tw\single_speaker\wavs\common_voice_nan-tw_32169705.wav|nan_tw_01|yue|無代無誌
E:\008-datasets\mcv-scripted-nan-tw-v23.0\cv-corpus-23.0-2025-09-05\nan-tw\single_speaker\wavs\common_voice_nan-tw_32169730.wav|nan_tw_01|yue|雪花
E:\008-datasets\mcv-scripted-nan-tw-v23.0\cv-corpus-23.0-2025-09-05\nan-tw\single_speaker\wavs\common_voice_nan-tw_32169731.wav|nan_tw_01|yue|澹巾仔
E:\008-datasets\mcv-scripted-nan-tw-v23.0\cv-corpus-23.0-2025-09-05\nan-tw\single_speaker\wavs\common_voice_nan-tw_32169732.wav|nan_tw_01|yue|單草一糊
E:\008-datasets\mcv-scripted-nan-tw-v23.0\cv-corpus-23.0-2025-09-05\nan-tw\single_speaker\wavs\common_voice_nan-tw_32169733.wav|nan_tw_01|yue|三年的狗屎乾，提來做月半
E:\008-datasets\mcv-scripted-nan-tw-v23.0\cv-corpus-23.0-2025-09-05\nan-tw\single_speaker\wavs\common_voice_nan-tw_32169734.wav|nan_tw_01|yue|薑水
E:\008-datasets\mcv-scripted-nan-tw-v23.0\cv-corpus-23.0-2025-09-05\nan-tw\single_speaker\wavs\common_voice_nan-tw_32169740.wav|nan_tw_01|yue|草鞋蟲
E:\008-datasets\mcv-scripted-nan-tw-v23.0\cv-corpus-23.0-2025-09-05\nan-tw\single_speaker\wavs\common_voice_nan-tw_32169741.wav|nan_tw_01|yue|破無，天光
E:\008-datasets\mcv-scripted-nan-tw-v23.0\cv-corpus-23.0-2025-09-05\nan-tw\single_speaker\wavs\common_voice_nan-tw_32169742.wav|nan_tw_01|yue|吉安
E:\008-datasets\mcv-scripted-nan-tw-v23.0\cv-corpus-23.0-2025-09-05\nan-tw\single_speaker\wavs\common_voice_nan-tw_32169743.wav|nan_tw_01|yue|隨人的物件，隨人做記號
E:\008-datasets\mcv-scripted-nan-tw-v23.0\cv-corpus-23.0-2025-09-05\nan-tw\single_speaker\wavs\common_voice_nan-tw_32169744.wav|nan_tw_01|yue|啥物時陣
E:\008-datasets\mcv-scripted-nan-tw-v23.0\cv-corpus-23.0-2025-09-05\nan-tw\single_speaker\wavs\common_voice_nan-tw_32169745.wav|nan_tw_01|yue|紅菇蟳
E:\008-datasets\mcv-scripted-nan-tw-v23.0\cv-corpus-23.0-2025-09-05\nan-tw\single_speaker\wavs\common_voice_nan-tw_32169746.wav|nan_tw_01|yue|王如玄
E:\008-datasets\mcv-scripted-nan-tw-v23.0\cv-corpus-23.0-2025-09-05\nan-tw\single_speaker\wavs\common_voice_nan-tw_32169747.wav|nan_tw_01|yue|護理系
E:\008-datasets\mcv-scripted-nan-tw-v23.0\cv-corpus-23.0-2025-09-05\nan-tw\single_speaker\wavs\common_voice_nan-tw_32169748.wav|nan_tw_01|yue|一無所長
E:\008-datasets\mcv-scripted-nan-tw-v23.0\cv-corpus-23.0-2025-09-05\nan-tw\single_speaker\wavs\common_voice_nan-tw_32169749.wav|nan_tw_01|yue|濟水濟豆腐，濟囝濟新婦
E:\008-datasets\mcv-scripted-nan-tw-v23.0\cv-corpus-23.0-2025-09-05\nan-tw\single_speaker\wavs\common_voice_nan-tw_32169750.wav|nan_tw_01|yue|拜五
E:\008-datasets\mcv-scripted-nan-tw-v23.0\cv-corpus-23.0-2025-09-05\nan-tw\single_speaker\wavs\common_voice_nan-tw_32169751.wav|nan_tw_01|yue|七十二坎
E:\008-datasets\mcv-scripted-nan-tw-v23.0\cv-corpus-23.0-2025-09-05\nan-tw\single_speaker\wavs\common_voice_nan-tw_32169752.wav|nan_tw_01|yue|林政則
E:\008-datasets\mcv-scripted-nan-tw-v23.0\cv-corpus-23.0-2025-09-05\nan-tw\single_speaker\wavs\common_voice_nan-tw_32169753.wav|nan_tw_01|yue|堉琪橋
E:\008-datasets\mcv-scripted-nan-tw-v23.0\cv-corpus-23.0-2025-09-05\nan-tw\single_speaker\wavs\common_voice_nan-tw_32169754.wav|nan_tw_01|yue|大葉九重炊
E:\008-datasets\mcv-scripted-nan-tw-v23.0\cv-corpus-23.0-2025-09-05\nan-tw\single_speaker\wavs\common_voice_nan-tw_32169755.wav|nan_tw_01|yue|九如
E:\008-datasets\mcv-scripted-nan-tw-v23.0\cv-corpus-23.0-2025-09-05\nan-tw\single_speaker\wavs\common_voice_nan-tw_32169756.wav|nan_tw_01|yue|臺北市立第一女子高級中學
E:\008-datasets\mcv-scripted-nan-tw-v23.0\cv-corpus-23.0-2025-09-05\nan-tw\single_speaker\wavs\common_voice_nan-tw_32169757.wav|nan_tw_01|yue|亂使講
E:\008-datasets\mcv-scripted-nan-tw-v23.0\cv-corpus-23.0-2025-09-05\nan-tw\single_speaker\wavs\common_voice_nan-tw_32169758.wav|nan_tw_01|yue|走精
E:\008-datasets\mcv-scripted-nan-tw-v23.0\cv-corpus-23.0-2025-09-05\nan-tw\single_speaker\wavs\common_voice_nan-tw_32169759.wav|nan_tw_01|yue|總有一工，我一定會成功
E:\008-datasets\mcv-scripted-nan-tw-v23.0\cv-corpus-23.0-2025-09-05\nan-tw\single_speaker\wavs\common_voice_nan-tw_32169760.wav|nan_tw_01|yue|媽祖魚
E:\008-datasets\mcv-scripted-nan-tw-v23.0\cv-corpus-23.0-2025-09-05\nan-tw\single_speaker\wavs\common_voice_nan-tw_32169761.wav|nan_tw_01|yue|拍人無風神
E:\008-datasets\mcv-scripted-nan-tw-v23.0\cv-corpus-23.0-2025-09-05\nan-tw\single_speaker\wavs\common_voice_nan-tw_32169762.wav|nan_tw_01|yue|膨肚短命
E:\008-datasets\mcv-scripted-nan-tw-v23.0\cv-corpus-23.0-2025-09-05\nan-tw\single_speaker\wavs\common_voice_nan-tw_32169763.wav|nan_tw_01|yue|八仙圳
E:\008-datasets\mcv-scripted-nan-tw-v23.0\cv-corpus-23.0-2025-09-05\nan-tw\single_speaker\wavs\common_voice_nan-tw_32169764.wav|nan_tw_01|yue|叨甪
E:\008-datasets\mcv-scripted-nan-tw-v23.0\cv-corpus-23.0-2025-09-05\nan-tw\single_speaker\wavs\common_voice_nan-tw_32169765.wav|nan_tw_01|yue|買物
E:\008-datasets\mcv-scripted-nan-tw-v23.0\cv-corpus-23.0-2025-09-05\nan-tw\single_speaker\wavs\common_voice_nan-tw_32169766.wav|nan_tw_01|yue|飛行機埕
E:\008-datasets\mcv-scripted-nan-tw-v23.0\cv-corpus-23.0-2025-09-05\nan-tw\single_speaker\wavs\common_voice_nan-tw_32169767.wav|nan_tw_01|yue|幸安國小
E:\008-datasets\mcv-scripted-nan-tw-v23.0\cv-corpus-23.0-2025-09-05\nan-tw\single_speaker\wavs\common_voice_nan-tw_32169768.wav|nan_tw_01|yue|有兩步七仔
E:\008-datasets\mcv-scripted-nan-tw-v23.0\cv-corpus-23.0-2025-09-05\nan-tw\single_speaker\wavs\common_voice_nan-tw_32169769.wav|nan_tw_01|yue|鴨母王來到水尾寮
E:\008-datasets\mcv-scripted-nan-tw-v23.0\cv-corpus-23.0-2025-09-05\nan-tw\single_speaker\wavs\common_voice_nan-tw_32169770.wav|nan_tw_01|yue|羅斯福路大客車專用道
E:\008-datasets\mcv-scripted-nan-tw-v23.0\cv-corpus-23.0-2025-09-05\nan-tw\single_speaker\wavs\common_voice_nan-tw_32169771.wav|nan_tw_01|yue|僥行喔
E:\008-datasets\mcv-scripted-nan-tw-v23.0\cv-corpus-23.0-2025-09-05\nan-tw\single_speaker\wavs\common_voice_nan-tw_32169772.wav|nan_tw_01|yue|娶新娘
E:\008-datasets\mcv-scripted-nan-tw-v23.0\cv-corpus-23.0-2025-09-05\nan-tw\single_speaker\wavs\common_voice_nan-tw_32169773.wav|nan_tw_01|yue|下橛
E:\008-datasets\mcv-scripted-nan-tw-v23.0\cv-corpus-23.0-2025-09-05\nan-tw\single_speaker\wavs\common_voice_nan-tw_32169774.wav|nan_tw_01|yue|余清芳
E:\008-datasets\mcv-scripted-nan-tw-v23.0\cv-corpus-23.0-2025-09-05\nan-tw\single_speaker\wavs\common_voice_nan-tw_32169775.wav|nan_tw_01|yue|跤腕
E:\008-datasets\mcv-scripted-nan-tw-v23.0\cv-corpus-23.0-2025-09-05\nan-tw\single_speaker\wavs\common_voice_nan-tw_32169776.wav|nan_tw_01|yue|暗安台灣
E:\008-datasets\mcv-scripted-nan-tw-v23.0\cv-corpus-23.0-2025-09-05\nan-tw\single_speaker\wavs\common_voice_nan-tw_32169777.wav|nan_tw_01|yue|地味
E:\008-datasets\mcv-scripted-nan-tw-v23.0\cv-corpus-23.0-2025-09-05\nan-tw\single_speaker\wavs\common_voice_nan-tw_32169778.wav|nan_tw_01|yue|刺虯
E:\008-datasets\mcv-scripted-nan-tw-v23.0\cv-corpus-23.0-2025-09-05\nan-tw\single_speaker\wavs\common_voice_nan-tw_32169779.wav|nan_tw_01|yue|樹葬
E:\008-datasets\mcv-scripted-nan-tw-v23.0\cv-corpus-23.0-2025-09-05\nan-tw\single_speaker\wavs\common_voice_nan-tw_32169790.wav|nan_tw_01|yue|大主大意
E:\008-datasets\mcv-scripted-nan-tw-v23.0\cv-corpus-23.0-2025-09-05\nan-tw\single_speaker\wavs\common_voice_nan-tw_32169791.wav|nan_tw_01|yue|下崙尾
E:\008-datasets\mcv-scripted-nan-tw-v23.0\cv-corpus-23.0-2025-09-05\nan-tw\single_speaker\wavs\common_voice_nan-tw_32169792.wav|nan_tw_01|yue|徛名
E:\008-datasets\mcv-scripted-nan-tw-v23.0\cv-corpus-23.0-2025-09-05\nan-tw\single_speaker\wavs\common_voice_nan-tw_32169793.wav|nan_tw_01|yue|十叮嚀，八吩咐
E:\008-datasets\mcv-scripted-nan-tw-v23.0\cv-corpus-23.0-2025-09-05\nan-tw\single_speaker\wavs\common_voice_nan-tw_32169794.wav|nan_tw_01|yue|數碼翕相機
E:\008-datasets\mcv-scripted-nan-tw-v23.0\cv-corpus-23.0-2025-09-05\nan-tw\single_speaker\wavs\common_voice_nan-tw_32169800.wav|nan_tw_01|yue|薁蕘
E:\008-datasets\mcv-scripted-nan-tw-v23.0\cv-corpus-23.0-2025-09-05\nan-tw\single_speaker\wavs\common_voice_nan-tw_32169801.wav|nan_tw_01|yue|崎路
E:\008-datasets\mcv-scripted-nan-tw-v23.0\cv-corpus-23.0-2025-09-05\nan-tw\single_speaker\wavs\common_voice_nan-tw_32169807.wav|nan_tw_01|yue|番仔坑
E:\008-datasets\mcv-scripted-nan-tw-v23.0\cv-corpus-23.0-2025-09-05\nan-tw\single_speaker\wavs\common_voice_nan-tw_32169808.wav|nan_tw_01|yue|極光
E:\008-datasets\mcv-scripted-nan-tw-v23.0\cv-corpus-23.0-2025-09-05\nan-tw\single_speaker\wavs\common_voice_nan-tw_32169814.wav|nan_tw_01|yue|十股
E:\008-datasets\mcv-scripted-nan-tw-v23.0\cv-corpus-23.0-2025-09-05\nan-tw\single_speaker\wavs\common_voice_nan-tw_32169820.wav|nan_tw_01|yue|數碼
E:\008-datasets\mcv-scripted-nan-tw-v23.0\cv-corpus-23.0-2025-09-05\nan-tw\single_speaker\wavs\common_voice_nan-tw_32169821.wav|nan_tw_01|yue|所辦
E:\008-datasets\mcv-scripted-nan-tw-v23.0\cv-corpus-23.0-2025-09-05\nan-tw\single_speaker\wavs\common_voice_nan-tw_32169822.wav|nan_tw_01|yue|冬帽
E:\008-datasets\mcv-scripted-nan-tw-v23.0\cv-corpus-23.0-2025-09-05\nan-tw\single_speaker\wavs\common_voice_nan-tw_32169823.wav|nan_tw_01|yue|鼻流沓滴
E:\008-datasets\mcv-scripted-nan-tw-v23.0\cv-corpus-23.0-2025-09-05\nan-tw\single_speaker\wavs\common_voice_nan-tw_32169824.wav|nan_tw_01|yue|霧峰區
E:\008-datasets\mcv-scripted-nan-tw-v23.0\cv-corpus-23.0-2025-09-05\nan-tw\single_speaker\wavs\common_voice_nan-tw_32169830.wav|nan_tw_01|yue|開源人
E:\008-datasets\mcv-scripted-nan-tw-v23.0\cv-corpus-23.0-2025-09-05\nan-tw\single_speaker\wavs\common_voice_nan-tw_32169831.wav|nan_tw_01|yue|陽光峇里
E:\008-datasets\mcv-scripted-nan-tw-v23.0\cv-corpus-23.0-2025-09-05\nan-tw\single_speaker\wavs\common_voice_nan-tw_32169832.wav|nan_tw_01|yue|土地公錢
E:\008-datasets\mcv-scripted-nan-tw-v23.0\cv-corpus-23.0-2025-09-05\nan-tw\single_speaker\wavs\common_voice_nan-tw_32169833.wav|nan_tw_01|yue|消牽頭
E:\008-datasets\mcv-scripted-nan-tw-v23.0\cv-corpus-23.0-2025-09-05\nan-tw\single_speaker\wavs\common_voice_nan-tw_32169834.wav|nan_tw_01|yue|吳園藝文中心
E:\008-datasets\mcv-scripted-nan-tw-v23.0\cv-corpus-23.0-2025-09-05\nan-tw\single_speaker\wavs\common_voice_nan-tw_32169845.wav|nan_tw_01|yue|竹嵩嶺橋
E:\008-datasets\mcv-scripted-nan-tw-v23.0\cv-corpus-23.0-2025-09-05\nan-tw\single_speaker\wavs\common_voice_nan-tw_32169846.wav|nan_tw_01|yue|敢若捌看過
E:\008-datasets\mcv-scripted-nan-tw-v23.0\cv-corpus-23.0-2025-09-05\nan-tw\single_speaker\wavs\common_voice_nan-tw_32169847.wav|nan_tw_01|yue|馬港
E:\008-datasets\mcv-scripted-nan-tw-v23.0\cv-corpus-23.0-2025-09-05\nan-tw\single_speaker\wavs\common_voice_nan-tw_32169848.wav|nan_tw_01|yue|大帽
E:\008-datasets\mcv-scripted-nan-tw-v23.0\cv-corpus-23.0-2025-09-05\nan-tw\single_speaker\wavs\common_voice_nan-tw_32169849.wav|nan_tw_01|yue|三頓逐無一頓飽
E:\008-datasets\mcv-scripted-nan-tw-v23.0\cv-corpus-23.0-2025-09-05\nan-tw\single_speaker\wavs\common_voice_nan-tw_32183921.wav|nan_tw_01|yue|文山二分局
E:\008-datasets\mcv-scripted-nan-tw-v23.0\cv-corpus-23.0-2025-09-05\nan-tw\single_speaker\wavs\common_voice_nan-tw_32183922.wav|nan_tw_01|yue|內坑
E:\008-datasets\mcv-scripted-nan-tw-v23.0\cv-corpus-23.0-2025-09-05\nan-tw\single_speaker\wavs\common_voice_nan-tw_32183923.wav|nan_tw_01|yue|都蘭
E:\008-datasets\mcv-scripted-nan-tw-v23.0\cv-corpus-23.0-2025-09-05\nan-tw\single_speaker\wavs\common_voice_nan-tw_32183924.wav|nan_tw_01|yue|聖誕老阿伯
E:\008-datasets\mcv-scripted-nan-tw-v23.0\cv-corpus-23.0-2025-09-05\nan-tw\single_speaker\wavs\common_voice_nan-tw_32183925.wav|nan_tw_01|yue|這个頭家猶真少年
E:\008-datasets\mcv-scripted-nan-tw-v23.0\cv-corpus-23.0-2025-09-05\nan-tw\single_speaker\wavs\common_voice_nan-tw_32183929.wav|nan_tw_01|yue|耶穌的愛
E:\008-datasets\mcv-scripted-nan-tw-v23.0\cv-corpus-23.0-2025-09-05\nan-tw\single_speaker\wavs\common_voice_nan-tw_32183930.wav|nan_tw_01|yue|捒責任
E:\008-datasets\mcv-scripted-nan-tw-v23.0\cv-corpus-23.0-2025-09-05\nan-tw\single_speaker\wavs\common_voice_nan-tw_32183931.wav|nan_tw_01|yue|理則
E:\008-datasets\mcv-scripted-nan-tw-v23.0\cv-corpus-23.0-2025-09-05\nan-tw\single_speaker\wavs\common_voice_nan-tw_32183932.wav|nan_tw_01|yue|作十六歲
E:\008-datasets\mcv-scripted-nan-tw-v23.0\cv-corpus-23.0-2025-09-05\nan-tw\single_speaker\wavs\common_voice_nan-tw_32183933.wav|nan_tw_01|yue|跤甕
E:\008-datasets\mcv-scripted-nan-tw-v23.0\cv-corpus-23.0-2025-09-05\nan-tw\single_speaker\wavs\common_voice_nan-tw_32183938.wav|nan_tw_01|yue|糋圈仔
E:\008-datasets\mcv-scripted-nan-tw-v23.0\cv-corpus-23.0-2025-09-05\nan-tw\single_speaker\wavs\common_voice_nan-tw_32183939.wav|nan_tw_01|yue|做司公
E:\008-datasets\mcv-scripted-nan-tw-v23.0\cv-corpus-23.0-2025-09-05\nan-tw\single_speaker\wavs\common_voice_nan-tw_32183940.wav|nan_tw_01|yue|彼領洋裝看著真大範
E:\008-datasets\mcv-scripted-nan-tw-v23.0\cv-corpus-23.0-2025-09-05\nan-tw\single_speaker\wavs\common_voice_nan-tw_32183941.wav|nan_tw_01|yue|五穀豐收，雨水接應
E:\008-datasets\mcv-scripted-nan-tw-v23.0\cv-corpus-23.0-2025-09-05\nan-tw\single_speaker\wavs\common_voice_nan-tw_32183942.wav|nan_tw_01|yue|尾仔伊佇當地時間
E:\008-datasets\mcv-scripted-nan-tw-v23.0\cv-corpus-23.0-2025-09-05\nan-tw\single_speaker\wavs\common_voice_nan-tw_32183949.wav|nan_tw_01|yue|路邊消息
E:\008-datasets\mcv-scripted-nan-tw-v23.0\cv-corpus-23.0-2025-09-05\nan-tw\single_speaker\wavs\common_voice_nan-tw_32183950.wav|nan_tw_01|yue|嬌蠻
E:\008-datasets\mcv-scripted-nan-tw-v23.0\cv-corpus-23.0-2025-09-05\nan-tw\single_speaker\wavs\common_voice_nan-tw_32183951.wav|nan_tw_01|yue|線路圖
E:\008-datasets\mcv-scripted-nan-tw-v23.0\cv-corpus-23.0-2025-09-05\nan-tw\single_speaker\wavs\common_voice_nan-tw_32183952.wav|nan_tw_01|yue|落水金剛
E:\008-datasets\mcv-scripted-nan-tw-v23.0\cv-corpus-23.0-2025-09-05\nan-tw\single_speaker\wavs\common_voice_nan-tw_32183953.wav|nan_tw_01|yue|舊莊
E:\008-datasets\mcv-scripted-nan-tw-v23.0\cv-corpus-23.0-2025-09-05\nan-tw\single_speaker\wavs\common_voice_nan-tw_32183954.wav|nan_tw_01|yue|做成
E:\008-datasets\mcv-scripted-nan-tw-v23.0\cv-corpus-23.0-2025-09-05\nan-tw\single_speaker\wavs\common_voice_nan-tw_32183955.wav|nan_tw_01|yue|新生高架道路
E:\008-datasets\mcv-scripted-nan-tw-v23.0\cv-corpus-23.0-2025-09-05\nan-tw\single_speaker\wavs\common_voice_nan-tw_32183956.wav|nan_tw_01|yue|袂收煞
E:\008-datasets\mcv-scripted-nan-tw-v23.0\cv-corpus-23.0-2025-09-05\nan-tw\single_speaker\wavs\common_voice_nan-tw_32183957.wav|nan_tw_01|yue|提筆來寫字
E:\008-datasets\mcv-scripted-nan-tw-v23.0\cv-corpus-23.0-2025-09-05\nan-tw\single_speaker\wavs\common_voice_nan-tw_32183958.wav|nan_tw_01|yue|掠鹹魚放生
E:\008-datasets\mcv-scripted-nan-tw-v23.0\cv-corpus-23.0-2025-09-05\nan-tw\single_speaker\wavs\common_voice_nan-tw_32183959.wav|nan_tw_01|yue|阿沙不魯
E:\008-datasets\mcv-scripted-nan-tw-v23.0\cv-corpus-23.0-2025-09-05\nan-tw\single_speaker\wavs\common_voice_nan-tw_32183960.wav|nan_tw_01|yue|宛
E:\008-datasets\mcv-scripted-nan-tw-v23.0\cv-corpus-23.0-2025-09-05\nan-tw\single_speaker\wavs\common_voice_nan-tw_32183961.wav|nan_tw_01|yue|平鼎仔
E:\008-datasets\mcv-scripted-nan-tw-v23.0\cv-corpus-23.0-2025-09-05\nan-tw\single_speaker\wavs\common_voice_nan-tw_32183962.wav|nan_tw_01|yue|遊船
E:\008-datasets\mcv-scripted-nan-tw-v23.0\cv-corpus-23.0-2025-09-05\nan-tw\single_speaker\wavs\common_voice_nan-tw_32183963.wav|nan_tw_01|yue|圓環
E:\008-datasets\mcv-scripted-nan-tw-v23.0\cv-corpus-23.0-2025-09-05\nan-tw\single_speaker\wavs\common_voice_nan-tw_32183964.wav|nan_tw_01|yue|石頭粒仔
E:\008-datasets\mcv-scripted-nan-tw-v23.0\cv-corpus-23.0-2025-09-05\nan-tw\single_speaker\wavs\common_voice_nan-tw_32183965.wav|nan_tw_01|yue|天津街
E:\008-datasets\mcv-scripted-nan-tw-v23.0\cv-corpus-23.0-2025-09-05\nan-tw\single_speaker\wavs\common_voice_nan-tw_32183966.wav|nan_tw_01|yue|頭前
E:\008-datasets\mcv-scripted-nan-tw-v23.0\cv-corpus-23.0-2025-09-05\nan-tw\single_speaker\wavs\common_voice_nan-tw_32183967.wav|nan_tw_01|yue|過圳
E:\008-datasets\mcv-scripted-nan-tw-v23.0\cv-corpus-23.0-2025-09-05\nan-tw\single_speaker\wavs\common_voice_nan-tw_32183968.wav|nan_tw_01|yue|欠碼
E:\008-datasets\mcv-scripted-nan-tw-v23.0\cv-corpus-23.0-2025-09-05\nan-tw\single_speaker\wavs\common_voice_nan-tw_32183969.wav|nan_tw_01|yue|放蕩不羈
E:\008-datasets\mcv-scripted-nan-tw-v23.0\cv-corpus-23.0-2025-09-05\nan-tw\single_speaker\wavs\common_voice_nan-tw_32183970.wav|nan_tw_01|yue|按怎
E:\008-datasets\mcv-scripted-nan-tw-v23.0\cv-corpus-23.0-2025-09-05\nan-tw\single_speaker\wavs\common_voice_nan-tw_32183971.wav|nan_tw_01|yue|港口
E:\008-datasets\mcv-scripted-nan-tw-v23.0\cv-corpus-23.0-2025-09-05\nan-tw\single_speaker\wavs\common_voice_nan-tw_32183972.wav|nan_tw_01|yue|天災人禍
E:\008-datasets\mcv-scripted-nan-tw-v23.0\cv-corpus-23.0-2025-09-05\nan-tw\single_speaker\wavs\common_voice_nan-tw_32183973.wav|nan_tw_01|yue|下一站
E:\008-datasets\mcv-scripted-nan-tw-v23.0\cv-corpus-23.0-2025-09-05\nan-tw\single_speaker\wavs\common_voice_nan-tw_32183974.wav|nan_tw_01|yue|陽仔目
E:\008-datasets\mcv-scripted-nan-tw-v23.0\cv-corpus-23.0-2025-09-05\nan-tw\single_speaker\wavs\common_voice_nan-tw_32183975.wav|nan_tw_01|yue|生理結構
E:\008-datasets\mcv-scripted-nan-tw-v23.0\cv-corpus-23.0-2025-09-05\nan-tw\single_speaker\wavs\common_voice_nan-tw_32183976.wav|nan_tw_01|yue|泏沫
E:\008-datasets\mcv-scripted-nan-tw-v23.0\cv-corpus-23.0-2025-09-05\nan-tw\single_speaker\wavs\common_voice_nan-tw_32183977.wav|nan_tw_01|yue|酸牛奶膏
E:\008-datasets\mcv-scripted-nan-tw-v23.0\cv-corpus-23.0-2025-09-05\nan-tw\single_speaker\wavs\common_voice_nan-tw_32183978.wav|nan_tw_01|yue|到佇
E:\008-datasets\mcv-scripted-nan-tw-v23.0\cv-corpus-23.0-2025-09-05\nan-tw\single_speaker\wavs\common_voice_nan-tw_32183984.wav|nan_tw_01|yue|伊講欲中立，兩爿攏無愛參加
E:\008-datasets\mcv-scripted-nan-tw-v23.0\cv-corpus-23.0-2025-09-05\nan-tw\single_speaker\wavs\common_voice_nan-tw_32183985.wav|nan_tw_01|yue|臭油埃
E:\008-datasets\mcv-scripted-nan-tw-v23.0\cv-corpus-23.0-2025-09-05\nan-tw\single_speaker\wavs\common_voice_nan-tw_32183986.wav|nan_tw_01|yue|亥革
E:\008-datasets\mcv-scripted-nan-tw-v23.0\cv-corpus-23.0-2025-09-05\nan-tw\single_speaker\wavs\common_voice_nan-tw_32183987.wav|nan_tw_01|yue|愛河
E:\008-datasets\mcv-scripted-nan-tw-v23.0\cv-corpus-23.0-2025-09-05\nan-tw\single_speaker\wavs\common_voice_nan-tw_32183988.wav|nan_tw_01|yue|搝生理
E:\008-datasets\mcv-scripted-nan-tw-v23.0\cv-corpus-23.0-2025-09-05\nan-tw\single_speaker\wavs\common_voice_nan-tw_32183989.wav|nan_tw_01|yue|尻脊後
E:\008-datasets\mcv-scripted-nan-tw-v23.0\cv-corpus-23.0-2025-09-05\nan-tw\single_speaker\wavs\common_voice_nan-tw_32183990.wav|nan_tw_01|yue|食老倒少年
E:\008-datasets\mcv-scripted-nan-tw-v23.0\cv-corpus-23.0-2025-09-05\nan-tw\single_speaker\wavs\common_voice_nan-tw_32183991.wav|nan_tw_01|yue|你提轉去了後，就一項一項共伊讀出來
E:\008-datasets\mcv-scripted-nan-tw-v23.0\cv-corpus-23.0-2025-09-05\nan-tw\single_speaker\wavs\common_voice_nan-tw_32183992.wav|nan_tw_01|yue|內大溪
E:\008-datasets\mcv-scripted-nan-tw-v23.0\cv-corpus-23.0-2025-09-05\nan-tw\single_speaker\wavs\common_voice_nan-tw_32183993.wav|nan_tw_01|yue|雜差兼管家
E:\008-datasets\mcv-scripted-nan-tw-v23.0\cv-corpus-23.0-2025-09-05\nan-tw\single_speaker\wavs\common_voice_nan-tw_32183994.wav|nan_tw_01|yue|順昌
E:\008-datasets\mcv-scripted-nan-tw-v23.0\cv-corpus-23.0-2025-09-05\nan-tw\single_speaker\wavs\common_voice_nan-tw_32183995.wav|nan_tw_01|yue|出來講
E:\008-datasets\mcv-scripted-nan-tw-v23.0\cv-corpus-23.0-2025-09-05\nan-tw\single_speaker\wavs\common_voice_nan-tw_32183996.wav|nan_tw_01|yue|擋落屎藥
E:\008-datasets\mcv-scripted-nan-tw-v23.0\cv-corpus-23.0-2025-09-05\nan-tw\single_speaker\wavs\common_voice_nan-tw_32183997.wav|nan_tw_01|yue|歪哥錢
E:\008-datasets\mcv-scripted-nan-tw-v23.0\cv-corpus-23.0-2025-09-05\nan-tw\single_speaker\wavs\common_voice_nan-tw_32183998.wav|nan_tw_01|yue|豔麗
E:\008-datasets\mcv-scripted-nan-tw-v23.0\cv-corpus-23.0-2025-09-05\nan-tw\single_speaker\wavs\common_voice_nan-tw_32183999.wav|nan_tw_01|yue|草埔後社
E:\008-datasets\mcv-scripted-nan-tw-v23.0\cv-corpus-23.0-2025-09-05\nan-tw\single_speaker\wavs\common_voice_nan-tw_32184000.wav|nan_tw_01|yue|內媽祖田
E:\008-datasets\mcv-scripted-nan-tw-v23.0\cv-corpus-23.0-2025-09-05\nan-tw\single_speaker\wavs\common_voice_nan-tw_32184001.wav|nan_tw_01|yue|十鼓仁糖文創園區
E:\008-datasets\mcv-scripted-nan-tw-v23.0\cv-corpus-23.0-2025-09-05\nan-tw\single_speaker\wavs\common_voice_nan-tw_32184002.wav|nan_tw_01|yue|羽毛球
E:\008-datasets\mcv-scripted-nan-tw-v23.0\cv-corpus-23.0-2025-09-05\nan-tw\single_speaker\wavs\common_voice_nan-tw_32184003.wav|nan_tw_01|yue|腦炎
E:\008-datasets\mcv-scripted-nan-tw-v23.0\cv-corpus-23.0-2025-09-05\nan-tw\single_speaker\wavs\common_voice_nan-tw_32184009.wav|nan_tw_01|yue|婊仔
E:\008-datasets\mcv-scripted-nan-tw-v23.0\cv-corpus-23.0-2025-09-05\nan-tw\single_speaker\wavs\common_voice_nan-tw_32184010.wav|nan_tw_01|yue|蕭萬長
E:\008-datasets\mcv-scripted-nan-tw-v23.0\cv-corpus-23.0-2025-09-05\nan-tw\single_speaker\wavs\common_voice_nan-tw_32184011.wav|nan_tw_01|yue|囡仔鬼
E:\008-datasets\mcv-scripted-nan-tw-v23.0\cv-corpus-23.0-2025-09-05\nan-tw\single_speaker\wavs\common_voice_nan-tw_32184012.wav|nan_tw_01|yue|食菜食甲肚臍為界
E:\008-datasets\mcv-scripted-nan-tw-v23.0\cv-corpus-23.0-2025-09-05\nan-tw\single_speaker\wavs\common_voice_nan-tw_32184013.wav|nan_tw_01|yue|檳榔坑
E:\008-datasets\mcv-scripted-nan-tw-v23.0\cv-corpus-23.0-2025-09-05\nan-tw\single_speaker\wavs\common_voice_nan-tw_32184014.wav|nan_tw_01|yue|欠一跤
E:\008-datasets\mcv-scripted-nan-tw-v23.0\cv-corpus-23.0-2025-09-05\nan-tw\single_speaker\wavs\common_voice_nan-tw_32184015.wav|nan_tw_01|yue|生炭
E:\008-datasets\mcv-scripted-nan-tw-v23.0\cv-corpus-23.0-2025-09-05\nan-tw\single_speaker\wavs\common_voice_nan-tw_32184016.wav|nan_tw_01|yue|南樹林
E:\008-datasets\mcv-scripted-nan-tw-v23.0\cv-corpus-23.0-2025-09-05\nan-tw\single_speaker\wavs\common_voice_nan-tw_32184017.wav|nan_tw_01|yue|麻薟鍋
E:\008-datasets\mcv-scripted-nan-tw-v23.0\cv-corpus-23.0-2025-09-05\nan-tw\single_speaker\wavs\common_voice_nan-tw_32184018.wav|nan_tw_01|yue|毋捌芳臭
E:\008-datasets\mcv-scripted-nan-tw-v23.0\cv-corpus-23.0-2025-09-05\nan-tw\single_speaker\wavs\common_voice_nan-tw_32184019.wav|nan_tw_01|yue|蔥頭水雞
E:\008-datasets\mcv-scripted-nan-tw-v23.0\cv-corpus-23.0-2025-09-05\nan-tw\single_speaker\wavs\common_voice_nan-tw_32184021.wav|nan_tw_01|yue|德語
E:\008-datasets\mcv-scripted-nan-tw-v23.0\cv-corpus-23.0-2025-09-05\nan-tw\single_speaker\wavs\common_voice_nan-tw_32184022.wav|nan_tw_01|yue|炒肉
E:\008-datasets\mcv-scripted-nan-tw-v23.0\cv-corpus-23.0-2025-09-05\nan-tw\single_speaker\wavs\common_voice_nan-tw_32184024.wav|nan_tw_01|yue|馬鞍苴
E:\008-datasets\mcv-scripted-nan-tw-v23.0\cv-corpus-23.0-2025-09-05\nan-tw\single_speaker\wavs\common_voice_nan-tw_32184025.wav|nan_tw_01|yue|三角肉
E:\008-datasets\mcv-scripted-nan-tw-v23.0\cv-corpus-23.0-2025-09-05\nan-tw\single_speaker\wavs\common_voice_nan-tw_32184085.wav|nan_tw_01|yue|山魈
E:\008-datasets\mcv-scripted-nan-tw-v23.0\cv-corpus-23.0-2025-09-05\nan-tw\single_speaker\wavs\common_voice_nan-tw_32184086.wav|nan_tw_01|yue|未上三寸水，著欲扒龍船
E:\008-datasets\mcv-scripted-nan-tw-v23.0\cv-corpus-23.0-2025-09-05\nan-tw\single_speaker\wavs\common_voice_nan-tw_32184087.wav|nan_tw_01|yue|國立臺北藝術大學
E:\008-datasets\mcv-scripted-nan-tw-v23.0\cv-corpus-23.0-2025-09-05\nan-tw\single_speaker\wavs\common_voice_nan-tw_32184088.wav|nan_tw_01|yue|逢甲
E:\008-datasets\mcv-scripted-nan-tw-v23.0\cv-corpus-23.0-2025-09-05\nan-tw\single_speaker\wavs\common_voice_nan-tw_32184089.wav|nan_tw_01|yue|市府路
E:\008-datasets\mcv-scripted-nan-tw-v23.0\cv-corpus-23.0-2025-09-05\nan-tw\single_speaker\wavs\common_voice_nan-tw_32184090.wav|nan_tw_01|yue|抌篤
E:\008-datasets\mcv-scripted-nan-tw-v23.0\cv-corpus-23.0-2025-09-05\nan-tw\single_speaker\wavs\common_voice_nan-tw_32184150.wav|nan_tw_01|yue|桑葚
E:\008-datasets\mcv-scripted-nan-tw-v23.0\cv-corpus-23.0-2025-09-05\nan-tw\single_speaker\wavs\common_voice_nan-tw_32184151.wav|nan_tw_01|yue|救生環
E:\008-datasets\mcv-scripted-nan-tw-v23.0\cv-corpus-23.0-2025-09-05\nan-tw\single_speaker\wavs\common_voice_nan-tw_32184152.wav|nan_tw_01|yue|這塊尿苴仔誠臭尿薟
E:\008-datasets\mcv-scripted-nan-tw-v23.0\cv-corpus-23.0-2025-09-05\nan-tw\single_speaker\wavs\common_voice_nan-tw_32184153.wav|nan_tw_01|yue|大比鳥
E:\008-datasets\mcv-scripted-nan-tw-v23.0\cv-corpus-23.0-2025-09-05\nan-tw\single_speaker\wavs\common_voice_nan-tw_32184154.wav|nan_tw_01|yue|轉錢空
E:\008-datasets\mcv-scripted-nan-tw-v23.0\cv-corpus-23.0-2025-09-05\nan-tw\single_speaker\wavs\common_voice_nan-tw_32184155.wav|nan_tw_01|yue|内城
E:\008-datasets\mcv-scripted-nan-tw-v23.0\cv-corpus-23.0-2025-09-05\nan-tw\single_speaker\wavs\common_voice_nan-tw_32184156.wav|nan_tw_01|yue|麭業
E:\008-datasets\mcv-scripted-nan-tw-v23.0\cv-corpus-23.0-2025-09-05\nan-tw\single_speaker\wavs\common_voice_nan-tw_32184157.wav|nan_tw_01|yue|若歕雞胿仝款
E:\008-datasets\mcv-scripted-nan-tw-v23.0\cv-corpus-23.0-2025-09-05\nan-tw\single_speaker\wavs\common_voice_nan-tw_32184158.wav|nan_tw_01|yue|拗韻
E:\008-datasets\mcv-scripted-nan-tw-v23.0\cv-corpus-23.0-2025-09-05\nan-tw\single_speaker\wavs\common_voice_nan-tw_32184159.wav|nan_tw_01|yue|牛仔囝
E:\008-datasets\mcv-scripted-nan-tw-v23.0\cv-corpus-23.0-2025-09-05\nan-tw\single_speaker\wavs\common_voice_nan-tw_32184160.wav|nan_tw_01|yue|過年初四
E:\008-datasets\mcv-scripted-nan-tw-v23.0\cv-corpus-23.0-2025-09-05\nan-tw\single_speaker\wavs\common_voice_nan-tw_32184161.wav|nan_tw_01|yue|規嚾規黨
E:\008-datasets\mcv-scripted-nan-tw-v23.0\cv-corpus-23.0-2025-09-05\nan-tw\single_speaker\wavs\common_voice_nan-tw_32184162.wav|nan_tw_01|yue|西寧南路
E:\008-datasets\mcv-scripted-nan-tw-v23.0\cv-corpus-23.0-2025-09-05\nan-tw\single_speaker\wavs\common_voice_nan-tw_32184163.wav|nan_tw_01|yue|小等一下
E:\008-datasets\mcv-scripted-nan-tw-v23.0\cv-corpus-23.0-2025-09-05\nan-tw\single_speaker\wavs\common_voice_nan-tw_32184164.wav|nan_tw_01|yue|索仔雲
E:\008-datasets\mcv-scripted-nan-tw-v23.0\cv-corpus-23.0-2025-09-05\nan-tw\single_speaker\wavs\common_voice_nan-tw_32184170.wav|nan_tw_01|yue|無沙無圾
E:\008-datasets\mcv-scripted-nan-tw-v23.0\cv-corpus-23.0-2025-09-05\nan-tw\single_speaker\wavs\common_voice_nan-tw_32184171.wav|nan_tw_01|yue|內埔鄉
E:\008-datasets\mcv-scripted-nan-tw-v23.0\cv-corpus-23.0-2025-09-05\nan-tw\single_speaker\wavs\common_voice_nan-tw_32184172.wav|nan_tw_01|yue|得取
E:\008-datasets\mcv-scripted-nan-tw-v23.0\cv-corpus-23.0-2025-09-05\nan-tw\single_speaker\wavs\common_voice_nan-tw_32184173.wav|nan_tw_01|yue|無成體統
E:\008-datasets\mcv-scripted-nan-tw-v23.0\cv-corpus-23.0-2025-09-05\nan-tw\single_speaker\wavs\common_voice_nan-tw_32184174.wav|nan_tw_01|yue|看人殕殕
E:\008-datasets\mcv-scripted-nan-tw-v23.0\cv-corpus-23.0-2025-09-05\nan-tw\single_speaker\wavs\common_voice_nan-tw_32184175.wav|nan_tw_01|yue|興福
E:\008-datasets\mcv-scripted-nan-tw-v23.0\cv-corpus-23.0-2025-09-05\nan-tw\single_speaker\wavs\common_voice_nan-tw_32184176.wav|nan_tw_01|yue|鈍市
E:\008-datasets\mcv-scripted-nan-tw-v23.0\cv-corpus-23.0-2025-09-05\nan-tw\single_speaker\wavs\common_voice_nan-tw_32184177.wav|nan_tw_01|yue|崁仔跤
E:\008-datasets\mcv-scripted-nan-tw-v23.0\cv-corpus-23.0-2025-09-05\nan-tw\single_speaker\wavs\common_voice_nan-tw_32184178.wav|nan_tw_01|yue|祕結
E:\008-datasets\mcv-scripted-nan-tw-v23.0\cv-corpus-23.0-2025-09-05\nan-tw\single_speaker\wavs\common_voice_nan-tw_32184179.wav|nan_tw_01|yue|臺灣查埔人
E:\008-datasets\mcv-scripted-nan-tw-v23.0\cv-corpus-23.0-2025-09-05\nan-tw\single_speaker\wavs\common_voice_nan-tw_32184185.wav|nan_tw_01|yue|過櫳跤
E:\008-datasets\mcv-scripted-nan-tw-v23.0\cv-corpus-23.0-2025-09-05\nan-tw\single_speaker\wavs\common_voice_nan-tw_32184186.wav|nan_tw_01|yue|蒔裡國小
E:\008-datasets\mcv-scripted-nan-tw-v23.0\cv-corpus-23.0-2025-09-05\nan-tw\single_speaker\wavs\common_voice_nan-tw_32184187.wav|nan_tw_01|yue|溫州街
E:\008-datasets\mcv-scripted-nan-tw-v23.0\cv-corpus-23.0-2025-09-05\nan-tw\single_speaker\wavs\common_voice_nan-tw_32184188.wav|nan_tw_01|yue|你講甲哩哩囉囉，我聽攏無！
E:\008-datasets\mcv-scripted-nan-tw-v23.0\cv-corpus-23.0-2025-09-05\nan-tw\single_speaker\wavs\common_voice_nan-tw_32184189.wav|nan_tw_01|yue|阿里阿查
E:\008-datasets\mcv-scripted-nan-tw-v23.0\cv-corpus-23.0-2025-09-05\nan-tw\single_speaker\wavs\common_voice_nan-tw_32184195.wav|nan_tw_01|yue|天無照甲子，人無照情理
E:\008-datasets\mcv-scripted-nan-tw-v23.0\cv-corpus-23.0-2025-09-05\nan-tw\single_speaker\wavs\common_voice_nan-tw_32184196.wav|nan_tw_01|yue|南機場
E:\008-datasets\mcv-scripted-nan-tw-v23.0\cv-corpus-23.0-2025-09-05\nan-tw\single_speaker\wavs\common_voice_nan-tw_32184197.wav|nan_tw_01|yue|暗光鳥
E:\008-datasets\mcv-scripted-nan-tw-v23.0\cv-corpus-23.0-2025-09-05\nan-tw\single_speaker\wavs\common_voice_nan-tw_32184198.wav|nan_tw_01|yue|殿水
E:\008-datasets\mcv-scripted-nan-tw-v23.0\cv-corpus-23.0-2025-09-05\nan-tw\single_speaker\wavs\common_voice_nan-tw_32184199.wav|nan_tw_01|yue|細本燈徛u
E:\008-datasets\mcv-scripted-nan-tw-v23.0\cv-corpus-23.0-2025-09-05\nan-tw\single_speaker\wavs\common_voice_nan-tw_32184205.wav|nan_tw_01|yue|痟狗浪
E:\008-datasets\mcv-scripted-nan-tw-v23.0\cv-corpus-23.0-2025-09-05\nan-tw\single_speaker\wavs\common_voice_nan-tw_32184206.wav|nan_tw_01|yue|伊差一點仔就著獎矣，有夠無彩
E:\008-datasets\mcv-scripted-nan-tw-v23.0\cv-corpus-23.0-2025-09-05\nan-tw\single_speaker\wavs\common_voice_nan-tw_32184207.wav|nan_tw_01|yue|冒之冒捏
E:\008-datasets\mcv-scripted-nan-tw-v23.0\cv-corpus-23.0-2025-09-05\nan-tw\single_speaker\wavs\common_voice_nan-tw_32184208.wav|nan_tw_01|yue|牛仔毋捌虎
E:\008-datasets\mcv-scripted-nan-tw-v23.0\cv-corpus-23.0-2025-09-05\nan-tw\single_speaker\wavs\common_voice_nan-tw_32184209.wav|nan_tw_01|yue|礁坑二號橋
E:\008-datasets\mcv-scripted-nan-tw-v23.0\cv-corpus-23.0-2025-09-05\nan-tw\single_speaker\wavs\common_voice_nan-tw_32184210.wav|nan_tw_01|yue|雜頭
E:\008-datasets\mcv-scripted-nan-tw-v23.0\cv-corpus-23.0-2025-09-05\nan-tw\single_speaker\wavs\common_voice_nan-tw_32184211.wav|nan_tw_01|yue|芬園鄉
E:\008-datasets\mcv-scripted-nan-tw-v23.0\cv-corpus-23.0-2025-09-05\nan-tw\single_speaker\wavs\common_voice_nan-tw_32184212.wav|nan_tw_01|yue|康熙
E:\008-datasets\mcv-scripted-nan-tw-v23.0\cv-corpus-23.0-2025-09-05\nan-tw\single_speaker\wavs\common_voice_nan-tw_32184213.wav|nan_tw_01|yue|溫室效應
E:\008-datasets\mcv-scripted-nan-tw-v23.0\cv-corpus-23.0-2025-09-05\nan-tw\single_speaker\wavs\common_voice_nan-tw_32184214.wav|nan_tw_01|yue|雞卵麭
E:\008-datasets\mcv-scripted-nan-tw-v23.0\cv-corpus-23.0-2025-09-05\nan-tw\single_speaker\wavs\common_voice_nan-tw_32184220.wav|nan_tw_01|yue|尻川癢
E:\008-datasets\mcv-scripted-nan-tw-v23.0\cv-corpus-23.0-2025-09-05\nan-tw\single_speaker\wavs\common_voice_nan-tw_32184221.wav|nan_tw_01|yue|落米雪
E:\008-datasets\mcv-scripted-nan-tw-v23.0\cv-corpus-23.0-2025-09-05\nan-tw\single_speaker\wavs\common_voice_nan-tw_32184222.wav|nan_tw_01|yue|伊的孝心予人真感動
E:\008-datasets\mcv-scripted-nan-tw-v23.0\cv-corpus-23.0-2025-09-05\nan-tw\single_speaker\wavs\common_voice_nan-tw_32184223.wav|nan_tw_01|yue|寶螺
E:\008-datasets\mcv-scripted-nan-tw-v23.0\cv-corpus-23.0-2025-09-05\nan-tw\single_speaker\wavs\common_voice_nan-tw_32184224.wav|nan_tw_01|yue|烏貓仔母
E:\008-datasets\mcv-scripted-nan-tw-v23.0\cv-corpus-23.0-2025-09-05\nan-tw\single_speaker\wavs\common_voice_nan-tw_32184225.wav|nan_tw_01|yue|後一个
E:\008-datasets\mcv-scripted-nan-tw-v23.0\cv-corpus-23.0-2025-09-05\nan-tw\single_speaker\wavs\common_voice_nan-tw_32184226.wav|nan_tw_01|yue|目睭看懸無看低
E:\008-datasets\mcv-scripted-nan-tw-v23.0\cv-corpus-23.0-2025-09-05\nan-tw\single_speaker\wavs\common_voice_nan-tw_32184227.wav|nan_tw_01|yue|複歌
E:\008-datasets\mcv-scripted-nan-tw-v23.0\cv-corpus-23.0-2025-09-05\nan-tw\single_speaker\wavs\common_voice_nan-tw_32184228.wav|nan_tw_01|yue|帳幕
E:\008-datasets\mcv-scripted-nan-tw-v23.0\cv-corpus-23.0-2025-09-05\nan-tw\single_speaker\wavs\common_voice_nan-tw_32184229.wav|nan_tw_01|yue|赤峰街
E:\008-datasets\mcv-scripted-nan-tw-v23.0\cv-corpus-23.0-2025-09-05\nan-tw\single_speaker\wavs\common_voice_nan-tw_32184230.wav|nan_tw_01|yue|熥凊飯
E:\008-datasets\mcv-scripted-nan-tw-v23.0\cv-corpus-23.0-2025-09-05\nan-tw\single_speaker\wavs\common_voice_nan-tw_32184231.wav|nan_tw_01|yue|上埤頭
E:\008-datasets\mcv-scripted-nan-tw-v23.0\cv-corpus-23.0-2025-09-05\nan-tw\single_speaker\wavs\common_voice_nan-tw_32184232.wav|nan_tw_01|yue|看仿
E:\008-datasets\mcv-scripted-nan-tw-v23.0\cv-corpus-23.0-2025-09-05\nan-tw\single_speaker\wavs\common_voice_nan-tw_32184233.wav|nan_tw_01|yue|緘默
E:\008-datasets\mcv-scripted-nan-tw-v23.0\cv-corpus-23.0-2025-09-05\nan-tw\single_speaker\wavs\common_voice_nan-tw_32184234.wav|nan_tw_01|yue|手藝
E:\008-datasets\mcv-scripted-nan-tw-v23.0\cv-corpus-23.0-2025-09-05\nan-tw\single_speaker\wavs\common_voice_nan-tw_32184235.wav|nan_tw_01|yue|國立臺灣大學
E:\008-datasets\mcv-scripted-nan-tw-v23.0\cv-corpus-23.0-2025-09-05\nan-tw\single_speaker\wavs\common_voice_nan-tw_32184236.wav|nan_tw_01|yue|烘予熟
E:\008-datasets\mcv-scripted-nan-tw-v23.0\cv-corpus-23.0-2025-09-05\nan-tw\single_speaker\wavs\common_voice_nan-tw_32184237.wav|nan_tw_01|yue|歹喙鼻
E:\008-datasets\mcv-scripted-nan-tw-v23.0\cv-corpus-23.0-2025-09-05\nan-tw\single_speaker\wavs\common_voice_nan-tw_32184238.wav|nan_tw_01|yue|九份仔
E:\008-datasets\mcv-scripted-nan-tw-v23.0\cv-corpus-23.0-2025-09-05\nan-tw\single_speaker\wavs\common_voice_nan-tw_32184239.wav|nan_tw_01|yue|大肚區
E:\008-datasets\mcv-scripted-nan-tw-v23.0\cv-corpus-23.0-2025-09-05\nan-tw\single_speaker\wavs\common_voice_nan-tw_32184240.wav|nan_tw_01|yue|若咧行灶跤
E:\008-datasets\mcv-scripted-nan-tw-v23.0\cv-corpus-23.0-2025-09-05\nan-tw\single_speaker\wavs\common_voice_nan-tw_32184241.wav|nan_tw_01|yue|煙黗
E:\008-datasets\mcv-scripted-nan-tw-v23.0\cv-corpus-23.0-2025-09-05\nan-tw\single_speaker\wavs\common_voice_nan-tw_32184242.wav|nan_tw_01|yue|細圓界
E:\008-datasets\mcv-scripted-nan-tw-v23.0\cv-corpus-23.0-2025-09-05\nan-tw\single_speaker\wavs\common_voice_nan-tw_32184243.wav|nan_tw_01|yue|小資
E:\008-datasets\mcv-scripted-nan-tw-v23.0\cv-corpus-23.0-2025-09-05\nan-tw\single_speaker\wavs\common_voice_nan-tw_32184244.wav|nan_tw_01|yue|卵絲
E:\008-datasets\mcv-scripted-nan-tw-v23.0\cv-corpus-23.0-2025-09-05\nan-tw\single_speaker\wavs\common_voice_nan-tw_32184245.wav|nan_tw_01|yue|閘倚
E:\008-datasets\mcv-scripted-nan-tw-v23.0\cv-corpus-23.0-2025-09-05\nan-tw\single_speaker\wavs\common_voice_nan-tw_32184246.wav|nan_tw_01|yue|掩喙的
E:\008-datasets\mcv-scripted-nan-tw-v23.0\cv-corpus-23.0-2025-09-05\nan-tw\single_speaker\wavs\common_voice_nan-tw_32184247.wav|nan_tw_01|yue|跤仔
E:\008-datasets\mcv-scripted-nan-tw-v23.0\cv-corpus-23.0-2025-09-05\nan-tw\single_speaker\wavs\common_voice_nan-tw_32184248.wav|nan_tw_01|yue|圍爐
E:\008-datasets\mcv-scripted-nan-tw-v23.0\cv-corpus-23.0-2025-09-05\nan-tw\single_speaker\wavs\common_voice_nan-tw_32184249.wav|nan_tw_01|yue|喙食物仔
E:\008-datasets\mcv-scripted-nan-tw-v23.0\cv-corpus-23.0-2025-09-05\nan-tw\single_speaker\wavs\common_voice_nan-tw_32184250.wav|nan_tw_01|yue|河童
E:\008-datasets\mcv-scripted-nan-tw-v23.0\cv-corpus-23.0-2025-09-05\nan-tw\single_speaker\wavs\common_voice_nan-tw_32184251.wav|nan_tw_01|yue|龍潭區
E:\008-datasets\mcv-scripted-nan-tw-v23.0\cv-corpus-23.0-2025-09-05\nan-tw\single_speaker\wavs\common_voice_nan-tw_32184252.wav|nan_tw_01|yue|血暈
E:\008-datasets\mcv-scripted-nan-tw-v23.0\cv-corpus-23.0-2025-09-05\nan-tw\single_speaker\wavs\common_voice_nan-tw_32184253.wav|nan_tw_01|yue|落停盤鎖起來
E:\008-datasets\mcv-scripted-nan-tw-v23.0\cv-corpus-23.0-2025-09-05\nan-tw\single_speaker\wavs\common_voice_nan-tw_32184254.wav|nan_tw_01|yue|無影槍揬死
E:\008-datasets\mcv-scripted-nan-tw-v23.0\cv-corpus-23.0-2025-09-05\nan-tw\single_speaker\wavs\common_voice_nan-tw_32184255.wav|nan_tw_01|yue|將軍區
E:\008-datasets\mcv-scripted-nan-tw-v23.0\cv-corpus-23.0-2025-09-05\nan-tw\single_speaker\wavs\common_voice_nan-tw_32184256.wav|nan_tw_01|yue|連線
E:\008-datasets\mcv-scripted-nan-tw-v23.0\cv-corpus-23.0-2025-09-05\nan-tw\single_speaker\wavs\common_voice_nan-tw_32184257.wav|nan_tw_01|yue|慒心
E:\008-datasets\mcv-scripted-nan-tw-v23.0\cv-corpus-23.0-2025-09-05\nan-tw\single_speaker\wavs\common_voice_nan-tw_32184258.wav|nan_tw_01|yue|大水柴
E:\008-datasets\mcv-scripted-nan-tw-v23.0\cv-corpus-23.0-2025-09-05\nan-tw\single_speaker\wavs\common_voice_nan-tw_32184259.wav|nan_tw_01|yue|白羅斯
E:\008-datasets\mcv-scripted-nan-tw-v23.0\cv-corpus-23.0-2025-09-05\nan-tw\single_speaker\wavs\common_voice_nan-tw_32184260.wav|nan_tw_01|yue|無守本份
E:\008-datasets\mcv-scripted-nan-tw-v23.0\cv-corpus-23.0-2025-09-05\nan-tw\single_speaker\wavs\common_voice_nan-tw_32184261.wav|nan_tw_01|yue|火化去矣
E:\008-datasets\mcv-scripted-nan-tw-v23.0\cv-corpus-23.0-2025-09-05\nan-tw\single_speaker\wavs\common_voice_nan-tw_32184262.wav|nan_tw_01|yue|?
E:\008-datasets\mcv-scripted-nan-tw-v23.0\cv-corpus-23.0-2025-09-05\nan-tw\single_speaker\wavs\common_voice_nan-tw_32184263.wav|nan_tw_01|yue|有二步七仔
E:\008-datasets\mcv-scripted-nan-tw-v23.0\cv-corpus-23.0-2025-09-05\nan-tw\single_speaker\wavs\common_voice_nan-tw_32184264.wav|nan_tw_01|yue|落停價
E:\008-datasets\mcv-scripted-nan-tw-v23.0\cv-corpus-23.0-2025-09-05\nan-tw\single_speaker\wavs\common_voice_nan-tw_32184265.wav|nan_tw_01|yue|廣播
E:\008-datasets\mcv-scripted-nan-tw-v23.0\cv-corpus-23.0-2025-09-05\nan-tw\single_speaker\wavs\common_voice_nan-tw_32184266.wav|nan_tw_01|yue|嘲臉
E:\008-datasets\mcv-scripted-nan-tw-v23.0\cv-corpus-23.0-2025-09-05\nan-tw\single_speaker\wavs\common_voice_nan-tw_32184267.wav|nan_tw_01|yue|邊境牧羊犬
E:\008-datasets\mcv-scripted-nan-tw-v23.0\cv-corpus-23.0-2025-09-05\nan-tw\single_speaker\wavs\common_voice_nan-tw_32184268.wav|nan_tw_01|yue|縮寫
E:\008-datasets\mcv-scripted-nan-tw-v23.0\cv-corpus-23.0-2025-09-05\nan-tw\single_speaker\wavs\common_voice_nan-tw_32184269.wav|nan_tw_01|yue|塗藤
E:\008-datasets\mcv-scripted-nan-tw-v23.0\cv-corpus-23.0-2025-09-05\nan-tw\single_speaker\wavs\common_voice_nan-tw_32184270.wav|nan_tw_01|yue|覆菜
E:\008-datasets\mcv-scripted-nan-tw-v23.0\cv-corpus-23.0-2025-09-05\nan-tw\single_speaker\wavs\common_voice_nan-tw_32184271.wav|nan_tw_01|yue|南庄鄉
E:\008-datasets\mcv-scripted-nan-tw-v23.0\cv-corpus-23.0-2025-09-05\nan-tw\single_speaker\wavs\common_voice_nan-tw_32184272.wav|nan_tw_01|yue|紅仁塗
E:\008-datasets\mcv-scripted-nan-tw-v23.0\cv-corpus-23.0-2025-09-05\nan-tw\single_speaker\wavs\common_voice_nan-tw_32184273.wav|nan_tw_01|yue|香仔針
E:\008-datasets\mcv-scripted-nan-tw-v23.0\cv-corpus-23.0-2025-09-05\nan-tw\single_speaker\wavs\common_voice_nan-tw_32184274.wav|nan_tw_01|yue|太保市
E:\008-datasets\mcv-scripted-nan-tw-v23.0\cv-corpus-23.0-2025-09-05\nan-tw\single_speaker\wavs\common_voice_nan-tw_32184275.wav|nan_tw_01|yue|牛路巷
E:\008-datasets\mcv-scripted-nan-tw-v23.0\cv-corpus-23.0-2025-09-05\nan-tw\single_speaker\wavs\common_voice_nan-tw_32184276.wav|nan_tw_01|yue|大箍人
E:\008-datasets\mcv-scripted-nan-tw-v23.0\cv-corpus-23.0-2025-09-05\nan-tw\single_speaker\wavs\common_voice_nan-tw_32184277.wav|nan_tw_01|yue|混聲
E:\008-datasets\mcv-scripted-nan-tw-v23.0\cv-corpus-23.0-2025-09-05\nan-tw\single_speaker\wavs\common_voice_nan-tw_32184278.wav|nan_tw_01|yue|深坑區
E:\008-datasets\mcv-scripted-nan-tw-v23.0\cv-corpus-23.0-2025-09-05\nan-tw\single_speaker\wavs\common_voice_nan-tw_32184279.wav|nan_tw_01|yue|咒誓
E:\008-datasets\mcv-scripted-nan-tw-v23.0\cv-corpus-23.0-2025-09-05\nan-tw\single_speaker\wavs\common_voice_nan-tw_32184280.wav|nan_tw_01|yue|犁
E:\008-datasets\mcv-scripted-nan-tw-v23.0\cv-corpus-23.0-2025-09-05\nan-tw\single_speaker\wavs\common_voice_nan-tw_32184281.wav|nan_tw_01|yue|中醫學
E:\008-datasets\mcv-scripted-nan-tw-v23.0\cv-corpus-23.0-2025-09-05\nan-tw\single_speaker\wavs\common_voice_nan-tw_32184282.wav|nan_tw_01|yue|䆀手
E:\008-datasets\mcv-scripted-nan-tw-v23.0\cv-corpus-23.0-2025-09-05\nan-tw\single_speaker\wavs\common_voice_nan-tw_32184283.wav|nan_tw_01|yue|月信
E:\008-datasets\mcv-scripted-nan-tw-v23.0\cv-corpus-23.0-2025-09-05\nan-tw\single_speaker\wavs\common_voice_nan-tw_32184284.wav|nan_tw_01|yue|發膿
E:\008-datasets\mcv-scripted-nan-tw-v23.0\cv-corpus-23.0-2025-09-05\nan-tw\single_speaker\wavs\common_voice_nan-tw_32184285.wav|nan_tw_01|yue|仙岩路
E:\008-datasets\mcv-scripted-nan-tw-v23.0\cv-corpus-23.0-2025-09-05\nan-tw\single_speaker\wavs\common_voice_nan-tw_32184286.wav|nan_tw_01|yue|搜底
E:\008-datasets\mcv-scripted-nan-tw-v23.0\cv-corpus-23.0-2025-09-05\nan-tw\single_speaker\wavs\common_voice_nan-tw_32184287.wav|nan_tw_01|yue|放袂記得
E:\008-datasets\mcv-scripted-nan-tw-v23.0\cv-corpus-23.0-2025-09-05\nan-tw\single_speaker\wavs\common_voice_nan-tw_32184288.wav|nan_tw_01|yue|猴怪
E:\008-datasets\mcv-scripted-nan-tw-v23.0\cv-corpus-23.0-2025-09-05\nan-tw\single_speaker\wavs\common_voice_nan-tw_32184289.wav|nan_tw_01|yue|考試場
E:\008-datasets\mcv-scripted-nan-tw-v23.0\cv-corpus-23.0-2025-09-05\nan-tw\single_speaker\wavs\common_voice_nan-tw_32184290.wav|nan_tw_01|yue|木工
E:\008-datasets\mcv-scripted-nan-tw-v23.0\cv-corpus-23.0-2025-09-05\nan-tw\single_speaker\wavs\common_voice_nan-tw_32184291.wav|nan_tw_01|yue|流形
E:\008-datasets\mcv-scripted-nan-tw-v23.0\cv-corpus-23.0-2025-09-05\nan-tw\single_speaker\wavs\common_voice_nan-tw_32184292.wav|nan_tw_01|yue|碧潭路
E:\008-datasets\mcv-scripted-nan-tw-v23.0\cv-corpus-23.0-2025-09-05\nan-tw\single_speaker\wavs\common_voice_nan-tw_32184293.wav|nan_tw_01|yue|跋桮號
E:\008-datasets\mcv-scripted-nan-tw-v23.0\cv-corpus-23.0-2025-09-05\nan-tw\single_speaker\wavs\common_voice_nan-tw_32184294.wav|nan_tw_01|yue|台灣料理
E:\008-datasets\mcv-scripted-nan-tw-v23.0\cv-corpus-23.0-2025-09-05\nan-tw\single_speaker\wavs\common_voice_nan-tw_32184295.wav|nan_tw_01|yue|烘豆仔
E:\008-datasets\mcv-scripted-nan-tw-v23.0\cv-corpus-23.0-2025-09-05\nan-tw\single_speaker\wavs\common_voice_nan-tw_32184296.wav|nan_tw_01|yue|罩雺
E:\008-datasets\mcv-scripted-nan-tw-v23.0\cv-corpus-23.0-2025-09-05\nan-tw\single_speaker\wavs\common_voice_nan-tw_32184297.wav|nan_tw_01|yue|虎吼口
E:\008-datasets\mcv-scripted-nan-tw-v23.0\cv-corpus-23.0-2025-09-05\nan-tw\single_speaker\wavs\common_voice_nan-tw_32184298.wav|nan_tw_01|yue|智覺著
E:\008-datasets\mcv-scripted-nan-tw-v23.0\cv-corpus-23.0-2025-09-05\nan-tw\single_speaker\wavs\common_voice_nan-tw_32184299.wav|nan_tw_01|yue|汗流屑滴
E:\008-datasets\mcv-scripted-nan-tw-v23.0\cv-corpus-23.0-2025-09-05\nan-tw\single_speaker\wavs\common_voice_nan-tw_32184300.wav|nan_tw_01|yue|痟查某
E:\008-datasets\mcv-scripted-nan-tw-v23.0\cv-corpus-23.0-2025-09-05\nan-tw\single_speaker\wavs\common_voice_nan-tw_32184301.wav|nan_tw_01|yue|按呢毋是辦法
E:\008-datasets\mcv-scripted-nan-tw-v23.0\cv-corpus-23.0-2025-09-05\nan-tw\single_speaker\wavs\common_voice_nan-tw_32184302.wav|nan_tw_01|yue|高坎
E:\008-datasets\mcv-scripted-nan-tw-v23.0\cv-corpus-23.0-2025-09-05\nan-tw\single_speaker\wavs\common_voice_nan-tw_32184303.wav|nan_tw_01|yue|三餐不度
E:\008-datasets\mcv-scripted-nan-tw-v23.0\cv-corpus-23.0-2025-09-05\nan-tw\single_speaker\wavs\common_voice_nan-tw_32184304.wav|nan_tw_01|yue|喙目鼻
E:\008-datasets\mcv-scripted-nan-tw-v23.0\cv-corpus-23.0-2025-09-05\nan-tw\single_speaker\wavs\common_voice_nan-tw_32184305.wav|nan_tw_01|yue|狹心症
E:\008-datasets\mcv-scripted-nan-tw-v23.0\cv-corpus-23.0-2025-09-05\nan-tw\single_speaker\wavs\common_voice_nan-tw_32184306.wav|nan_tw_01|yue|壁虎
E:\008-datasets\mcv-scripted-nan-tw-v23.0\cv-corpus-23.0-2025-09-05\nan-tw\single_speaker\wavs\common_voice_nan-tw_32184307.wav|nan_tw_01|yue|無鵁鴒無草蜢
E:\008-datasets\mcv-scripted-nan-tw-v23.0\cv-corpus-23.0-2025-09-05\nan-tw\single_speaker\wavs\common_voice_nan-tw_32184308.wav|nan_tw_01|yue|踏著好地步
E:\008-datasets\mcv-scripted-nan-tw-v23.0\cv-corpus-23.0-2025-09-05\nan-tw\single_speaker\wavs\common_voice_nan-tw_32184309.wav|nan_tw_01|yue|食早起飯
E:\008-datasets\mcv-scripted-nan-tw-v23.0\cv-corpus-23.0-2025-09-05\nan-tw\single_speaker\wavs\common_voice_nan-tw_32184310.wav|nan_tw_01|yue|你嘛卡好
E:\008-datasets\mcv-scripted-nan-tw-v23.0\cv-corpus-23.0-2025-09-05\nan-tw\single_speaker\wavs\common_voice_nan-tw_32184311.wav|nan_tw_01|yue|敢是
E:\008-datasets\mcv-scripted-nan-tw-v23.0\cv-corpus-23.0-2025-09-05\nan-tw\single_speaker\wavs\common_voice_nan-tw_32184312.wav|nan_tw_01|yue|到站
E:\008-datasets\mcv-scripted-nan-tw-v23.0\cv-corpus-23.0-2025-09-05\nan-tw\single_speaker\wavs\common_voice_nan-tw_32184313.wav|nan_tw_01|yue|千里駒
E:\008-datasets\mcv-scripted-nan-tw-v23.0\cv-corpus-23.0-2025-09-05\nan-tw\single_speaker\wavs\common_voice_nan-tw_32184314.wav|nan_tw_01|yue|三十張犁公園
E:\008-datasets\mcv-scripted-nan-tw-v23.0\cv-corpus-23.0-2025-09-05\nan-tw\single_speaker\wavs\common_voice_nan-tw_32184315.wav|nan_tw_01|yue|庶民
E:\008-datasets\mcv-scripted-nan-tw-v23.0\cv-corpus-23.0-2025-09-05\nan-tw\single_speaker\wavs\common_voice_nan-tw_32184316.wav|nan_tw_01|yue|雷鳥
E:\008-datasets\mcv-scripted-nan-tw-v23.0\cv-corpus-23.0-2025-09-05\nan-tw\single_speaker\wavs\common_voice_nan-tw_32184317.wav|nan_tw_01|yue|摖破皮
E:\008-datasets\mcv-scripted-nan-tw-v23.0\cv-corpus-23.0-2025-09-05\nan-tw\single_speaker\wavs\common_voice_nan-tw_32184318.wav|nan_tw_01|yue|毋知好䆀
E:\008-datasets\mcv-scripted-nan-tw-v23.0\cv-corpus-23.0-2025-09-05\nan-tw\single_speaker\wavs\common_voice_nan-tw_32184319.wav|nan_tw_01|yue|擋索仔
E:\008-datasets\mcv-scripted-nan-tw-v23.0\cv-corpus-23.0-2025-09-05\nan-tw\single_speaker\wavs\common_voice_nan-tw_32184320.wav|nan_tw_01|yue|溪岸
E:\008-datasets\mcv-scripted-nan-tw-v23.0\cv-corpus-23.0-2025-09-05\nan-tw\single_speaker\wavs\common_voice_nan-tw_32184321.wav|nan_tw_01|yue|恨天怨地
E:\008-datasets\mcv-scripted-nan-tw-v23.0\cv-corpus-23.0-2025-09-05\nan-tw\single_speaker\wavs\common_voice_nan-tw_32184322.wav|nan_tw_01|yue|大園區
E:\008-datasets\mcv-scripted-nan-tw-v23.0\cv-corpus-23.0-2025-09-05\nan-tw\single_speaker\wavs\common_voice_nan-tw_32184323.wav|nan_tw_01|yue|廣州
E:\008-datasets\mcv-scripted-nan-tw-v23.0\cv-corpus-23.0-2025-09-05\nan-tw\single_speaker\wavs\common_voice_nan-tw_32184324.wav|nan_tw_01|yue|凍戇
E:\008-datasets\mcv-scripted-nan-tw-v23.0\cv-corpus-23.0-2025-09-05\nan-tw\single_speaker\wavs\common_voice_nan-tw_32184390.wav|nan_tw_01|yue|忍尿
E:\008-datasets\mcv-scripted-nan-tw-v23.0\cv-corpus-23.0-2025-09-05\nan-tw\single_speaker\wavs\common_voice_nan-tw_32184391.wav|nan_tw_01|yue|深丘
E:\008-datasets\mcv-scripted-nan-tw-v23.0\cv-corpus-23.0-2025-09-05\nan-tw\single_speaker\wavs\common_voice_nan-tw_32184392.wav|nan_tw_01|yue|心肝頭噗噗衝
E:\008-datasets\mcv-scripted-nan-tw-v23.0\cv-corpus-23.0-2025-09-05\nan-tw\single_speaker\wavs\common_voice_nan-tw_32184393.wav|nan_tw_01|yue|揣無
E:\008-datasets\mcv-scripted-nan-tw-v23.0\cv-corpus-23.0-2025-09-05\nan-tw\single_speaker\wavs\common_voice_nan-tw_32184394.wav|nan_tw_01|yue|標準偏差
E:\008-datasets\mcv-scripted-nan-tw-v23.0\cv-corpus-23.0-2025-09-05\nan-tw\single_speaker\wavs\common_voice_nan-tw_32184395.wav|nan_tw_01|yue|憂鬱症
E:\008-datasets\mcv-scripted-nan-tw-v23.0\cv-corpus-23.0-2025-09-05\nan-tw\single_speaker\wavs\common_voice_nan-tw_32184396.wav|nan_tw_01|yue|大目降
E:\008-datasets\mcv-scripted-nan-tw-v23.0\cv-corpus-23.0-2025-09-05\nan-tw\single_speaker\wavs\common_voice_nan-tw_32184397.wav|nan_tw_01|yue|喙䫌紅
E:\008-datasets\mcv-scripted-nan-tw-v23.0\cv-corpus-23.0-2025-09-05\nan-tw\single_speaker\wavs\common_voice_nan-tw_32184398.wav|nan_tw_01|yue|河狹水緊，人急智生
E:\008-datasets\mcv-scripted-nan-tw-v23.0\cv-corpus-23.0-2025-09-05\nan-tw\single_speaker\wavs\common_voice_nan-tw_32184399.wav|nan_tw_01|yue|我欲去台灣結婚辦桌
E:\008-datasets\mcv-scripted-nan-tw-v23.0\cv-corpus-23.0-2025-09-05\nan-tw\single_speaker\wavs\common_voice_nan-tw_32184400.wav|nan_tw_01|yue|腹肚脹起來
E:\008-datasets\mcv-scripted-nan-tw-v23.0\cv-corpus-23.0-2025-09-05\nan-tw\single_speaker\wavs\common_voice_nan-tw_32184401.wav|nan_tw_01|yue|漁船
E:\008-datasets\mcv-scripted-nan-tw-v23.0\cv-corpus-23.0-2025-09-05\nan-tw\single_speaker\wavs\common_voice_nan-tw_32184402.wav|nan_tw_01|yue|水林鄉
E:\008-datasets\mcv-scripted-nan-tw-v23.0\cv-corpus-23.0-2025-09-05\nan-tw\single_speaker\wavs\common_voice_nan-tw_32184403.wav|nan_tw_01|yue|陪同偵訊
E:\008-datasets\mcv-scripted-nan-tw-v23.0\cv-corpus-23.0-2025-09-05\nan-tw\single_speaker\wavs\common_voice_nan-tw_32184404.wav|nan_tw_01|yue|沙崙路
E:\008-datasets\mcv-scripted-nan-tw-v23.0\cv-corpus-23.0-2025-09-05\nan-tw\single_speaker\wavs\common_voice_nan-tw_32184405.wav|nan_tw_01|yue|鐵仔塗
E:\008-datasets\mcv-scripted-nan-tw-v23.0\cv-corpus-23.0-2025-09-05\nan-tw\single_speaker\wavs\common_voice_nan-tw_32184406.wav|nan_tw_01|yue|電界
E:\008-datasets\mcv-scripted-nan-tw-v23.0\cv-corpus-23.0-2025-09-05\nan-tw\single_speaker\wavs\common_voice_nan-tw_32184407.wav|nan_tw_01|yue|袂曉轉踅一下！
E:\008-datasets\mcv-scripted-nan-tw-v23.0\cv-corpus-23.0-2025-09-05\nan-tw\single_speaker\wavs\common_voice_nan-tw_32184408.wav|nan_tw_01|yue|活樂
E:\008-datasets\mcv-scripted-nan-tw-v23.0\cv-corpus-23.0-2025-09-05\nan-tw\single_speaker\wavs\common_voice_nan-tw_32184409.wav|nan_tw_01|yue|狀元粿
E:\008-datasets\mcv-scripted-nan-tw-v23.0\cv-corpus-23.0-2025-09-05\nan-tw\single_speaker\wavs\common_voice_nan-tw_32184420.wav|nan_tw_01|yue|屁囝
E:\008-datasets\mcv-scripted-nan-tw-v23.0\cv-corpus-23.0-2025-09-05\nan-tw\single_speaker\wavs\common_voice_nan-tw_32184421.wav|nan_tw_01|yue|按尾仔算
E:\008-datasets\mcv-scripted-nan-tw-v23.0\cv-corpus-23.0-2025-09-05\nan-tw\single_speaker\wavs\common_voice_nan-tw_32184422.wav|nan_tw_01|yue|本邦
E:\008-datasets\mcv-scripted-nan-tw-v23.0\cv-corpus-23.0-2025-09-05\nan-tw\single_speaker\wavs\common_voice_nan-tw_32184423.wav|nan_tw_01|yue|褪褲
E:\008-datasets\mcv-scripted-nan-tw-v23.0\cv-corpus-23.0-2025-09-05\nan-tw\single_speaker\wavs\common_voice_nan-tw_32184424.wav|nan_tw_01|yue|樂山
E:\008-datasets\mcv-scripted-nan-tw-v23.0\cv-corpus-23.0-2025-09-05\nan-tw\single_speaker\wavs\common_voice_nan-tw_32184425.wav|nan_tw_01|yue|千層雞卵糕
E:\008-datasets\mcv-scripted-nan-tw-v23.0\cv-corpus-23.0-2025-09-05\nan-tw\single_speaker\wavs\common_voice_nan-tw_32184426.wav|nan_tw_01|yue|調解委員會
E:\008-datasets\mcv-scripted-nan-tw-v23.0\cv-corpus-23.0-2025-09-05\nan-tw\single_speaker\wavs\common_voice_nan-tw_32184427.wav|nan_tw_01|yue|世新大學
E:\008-datasets\mcv-scripted-nan-tw-v23.0\cv-corpus-23.0-2025-09-05\nan-tw\single_speaker\wavs\common_voice_nan-tw_32184428.wav|nan_tw_01|yue|創空球
E:\008-datasets\mcv-scripted-nan-tw-v23.0\cv-corpus-23.0-2025-09-05\nan-tw\single_speaker\wavs\common_voice_nan-tw_32184429.wav|nan_tw_01|yue|相拍龜仔
E:\008-datasets\mcv-scripted-nan-tw-v23.0\cv-corpus-23.0-2025-09-05\nan-tw\single_speaker\wavs\common_voice_nan-tw_32184430.wav|nan_tw_01|yue|無明無朗
E:\008-datasets\mcv-scripted-nan-tw-v23.0\cv-corpus-23.0-2025-09-05\nan-tw\single_speaker\wavs\common_voice_nan-tw_32184431.wav|nan_tw_01|yue|跤梢仔
E:\008-datasets\mcv-scripted-nan-tw-v23.0\cv-corpus-23.0-2025-09-05\nan-tw\single_speaker\wavs\common_voice_nan-tw_32184432.wav|nan_tw_01|yue|協作
E:\008-datasets\mcv-scripted-nan-tw-v23.0\cv-corpus-23.0-2025-09-05\nan-tw\single_speaker\wavs\common_voice_nan-tw_32184433.wav|nan_tw_01|yue|膽頭在
E:\008-datasets\mcv-scripted-nan-tw-v23.0\cv-corpus-23.0-2025-09-05\nan-tw\single_speaker\wavs\common_voice_nan-tw_32184434.wav|nan_tw_01|yue|日本料理
E:\008-datasets\mcv-scripted-nan-tw-v23.0\cv-corpus-23.0-2025-09-05\nan-tw\single_speaker\wavs\common_voice_nan-tw_32184435.wav|nan_tw_01|yue|遮爾
E:\008-datasets\mcv-scripted-nan-tw-v23.0\cv-corpus-23.0-2025-09-05\nan-tw\single_speaker\wavs\common_voice_nan-tw_32184436.wav|nan_tw_01|yue|追分
E:\008-datasets\mcv-scripted-nan-tw-v23.0\cv-corpus-23.0-2025-09-05\nan-tw\single_speaker\wavs\common_voice_nan-tw_32184437.wav|nan_tw_01|yue|義重町
E:\008-datasets\mcv-scripted-nan-tw-v23.0\cv-corpus-23.0-2025-09-05\nan-tw\single_speaker\wavs\common_voice_nan-tw_32184438.wav|nan_tw_01|yue|跳踢
E:\008-datasets\mcv-scripted-nan-tw-v23.0\cv-corpus-23.0-2025-09-05\nan-tw\single_speaker\wavs\common_voice_nan-tw_32184439.wav|nan_tw_01|yue|草猴
E:\008-datasets\mcv-scripted-nan-tw-v23.0\cv-corpus-23.0-2025-09-05\nan-tw\single_speaker\wavs\common_voice_nan-tw_32184440.wav|nan_tw_01|yue|排甲躼躼長
E:\008-datasets\mcv-scripted-nan-tw-v23.0\cv-corpus-23.0-2025-09-05\nan-tw\single_speaker\wavs\common_voice_nan-tw_32184441.wav|nan_tw_01|yue|北港溪溫泉
E:\008-datasets\mcv-scripted-nan-tw-v23.0\cv-corpus-23.0-2025-09-05\nan-tw\single_speaker\wavs\common_voice_nan-tw_32184442.wav|nan_tw_01|yue|抐舌
E:\008-datasets\mcv-scripted-nan-tw-v23.0\cv-corpus-23.0-2025-09-05\nan-tw\single_speaker\wavs\common_voice_nan-tw_32184443.wav|nan_tw_01|yue|緊急出口
E:\008-datasets\mcv-scripted-nan-tw-v23.0\cv-corpus-23.0-2025-09-05\nan-tw\single_speaker\wavs\common_voice_nan-tw_32184444.wav|nan_tw_01|yue|一擺
E:\008-datasets\mcv-scripted-nan-tw-v23.0\cv-corpus-23.0-2025-09-05\nan-tw\single_speaker\wavs\common_voice_nan-tw_32184445.wav|nan_tw_01|yue|麥達路
E:\008-datasets\mcv-scripted-nan-tw-v23.0\cv-corpus-23.0-2025-09-05\nan-tw\single_speaker\wavs\common_voice_nan-tw_32184446.wav|nan_tw_01|yue|窟仔墘
E:\008-datasets\mcv-scripted-nan-tw-v23.0\cv-corpus-23.0-2025-09-05\nan-tw\single_speaker\wavs\common_voice_nan-tw_32184447.wav|nan_tw_01|yue|閩南人
E:\008-datasets\mcv-scripted-nan-tw-v23.0\cv-corpus-23.0-2025-09-05\nan-tw\single_speaker\wavs\common_voice_nan-tw_32184448.wav|nan_tw_01|yue|這件代誌會做得
E:\008-datasets\mcv-scripted-nan-tw-v23.0\cv-corpus-23.0-2025-09-05\nan-tw\single_speaker\wavs\common_voice_nan-tw_32184449.wav|nan_tw_01|yue|屎龜蟲
E:\008-datasets\mcv-scripted-nan-tw-v23.0\cv-corpus-23.0-2025-09-05\nan-tw\single_speaker\wavs\common_voice_nan-tw_32184450.wav|nan_tw_01|yue|減
E:\008-datasets\mcv-scripted-nan-tw-v23.0\cv-corpus-23.0-2025-09-05\nan-tw\single_speaker\wavs\common_voice_nan-tw_32184451.wav|nan_tw_01|yue|妖嬌美麗
E:\008-datasets\mcv-scripted-nan-tw-v23.0\cv-corpus-23.0-2025-09-05\nan-tw\single_speaker\wavs\common_voice_nan-tw_32184452.wav|nan_tw_01|yue|日冠
E:\008-datasets\mcv-scripted-nan-tw-v23.0\cv-corpus-23.0-2025-09-05\nan-tw\single_speaker\wavs\common_voice_nan-tw_32184453.wav|nan_tw_01|yue|姓啥
E:\008-datasets\mcv-scripted-nan-tw-v23.0\cv-corpus-23.0-2025-09-05\nan-tw\single_speaker\wavs\common_voice_nan-tw_32184454.wav|nan_tw_01|yue|甲仙埔
E:\008-datasets\mcv-scripted-nan-tw-v23.0\cv-corpus-23.0-2025-09-05\nan-tw\single_speaker\wavs\common_voice_nan-tw_32184455.wav|nan_tw_01|yue|富源溪
E:\008-datasets\mcv-scripted-nan-tw-v23.0\cv-corpus-23.0-2025-09-05\nan-tw\single_speaker\wavs\common_voice_nan-tw_32184456.wav|nan_tw_01|yue|祝山
E:\008-datasets\mcv-scripted-nan-tw-v23.0\cv-corpus-23.0-2025-09-05\nan-tw\single_speaker\wavs\common_voice_nan-tw_32184457.wav|nan_tw_01|yue|茶湯會
E:\008-datasets\mcv-scripted-nan-tw-v23.0\cv-corpus-23.0-2025-09-05\nan-tw\single_speaker\wavs\common_voice_nan-tw_32184458.wav|nan_tw_01|yue|閣
E:\008-datasets\mcv-scripted-nan-tw-v23.0\cv-corpus-23.0-2025-09-05\nan-tw\single_speaker\wavs\common_voice_nan-tw_32184459.wav|nan_tw_01|yue|智識人
E:\008-datasets\mcv-scripted-nan-tw-v23.0\cv-corpus-23.0-2025-09-05\nan-tw\single_speaker\wavs\common_voice_nan-tw_32184460.wav|nan_tw_01|yue|屎礐仔
E:\008-datasets\mcv-scripted-nan-tw-v23.0\cv-corpus-23.0-2025-09-05\nan-tw\single_speaker\wavs\common_voice_nan-tw_32184461.wav|nan_tw_01|yue|頭桱師仔
E:\008-datasets\mcv-scripted-nan-tw-v23.0\cv-corpus-23.0-2025-09-05\nan-tw\single_speaker\wavs\common_voice_nan-tw_32184462.wav|nan_tw_01|yue|八德區
E:\008-datasets\mcv-scripted-nan-tw-v23.0\cv-corpus-23.0-2025-09-05\nan-tw\single_speaker\wavs\common_voice_nan-tw_32184463.wav|nan_tw_01|yue|愛媠
E:\008-datasets\mcv-scripted-nan-tw-v23.0\cv-corpus-23.0-2025-09-05\nan-tw\single_speaker\wavs\common_voice_nan-tw_32184464.wav|nan_tw_01|yue|西米露
E:\008-datasets\mcv-scripted-nan-tw-v23.0\cv-corpus-23.0-2025-09-05\nan-tw\single_speaker\wavs\common_voice_nan-tw_32192670.wav|nan_tw_01|yue|彰化市
E:\008-datasets\mcv-scripted-nan-tw-v23.0\cv-corpus-23.0-2025-09-05\nan-tw\single_speaker\wavs\common_voice_nan-tw_32192671.wav|nan_tw_01|yue|遮的花愛沃水
E:\008-datasets\mcv-scripted-nan-tw-v23.0\cv-corpus-23.0-2025-09-05\nan-tw\single_speaker\wavs\common_voice_nan-tw_32192672.wav|nan_tw_01|yue|輪辦
E:\008-datasets\mcv-scripted-nan-tw-v23.0\cv-corpus-23.0-2025-09-05\nan-tw\single_speaker\wavs\common_voice_nan-tw_32192673.wav|nan_tw_01|yue|薄荷冰
E:\008-datasets\mcv-scripted-nan-tw-v23.0\cv-corpus-23.0-2025-09-05\nan-tw\single_speaker\wavs\common_voice_nan-tw_32192674.wav|nan_tw_01|yue|荔城
E:\008-datasets\mcv-scripted-nan-tw-v23.0\cv-corpus-23.0-2025-09-05\nan-tw\single_speaker\wavs\common_voice_nan-tw_32192675.wav|nan_tw_01|yue|落片
E:\008-datasets\mcv-scripted-nan-tw-v23.0\cv-corpus-23.0-2025-09-05\nan-tw\single_speaker\wavs\common_voice_nan-tw_32192676.wav|nan_tw_01|yue|鎖匙圈仔
E:\008-datasets\mcv-scripted-nan-tw-v23.0\cv-corpus-23.0-2025-09-05\nan-tw\single_speaker\wavs\common_voice_nan-tw_32192677.wav|nan_tw_01|yue|注血射
E:\008-datasets\mcv-scripted-nan-tw-v23.0\cv-corpus-23.0-2025-09-05\nan-tw\single_speaker\wavs\common_voice_nan-tw_32192678.wav|nan_tw_01|yue|有龍骨个動物
E:\008-datasets\mcv-scripted-nan-tw-v23.0\cv-corpus-23.0-2025-09-05\nan-tw\single_speaker\wavs\common_voice_nan-tw_32192679.wav|nan_tw_01|yue|長尾山娘
E:\008-datasets\mcv-scripted-nan-tw-v23.0\cv-corpus-23.0-2025-09-05\nan-tw\single_speaker\wavs\common_voice_nan-tw_32192680.wav|nan_tw_01|yue|下溪墘
E:\008-datasets\mcv-scripted-nan-tw-v23.0\cv-corpus-23.0-2025-09-05\nan-tw\single_speaker\wavs\common_voice_nan-tw_32192681.wav|nan_tw_01|yue|挑俍
E:\008-datasets\mcv-scripted-nan-tw-v23.0\cv-corpus-23.0-2025-09-05\nan-tw\single_speaker\wavs\common_voice_nan-tw_32192682.wav|nan_tw_01|yue|民壯圍
E:\008-datasets\mcv-scripted-nan-tw-v23.0\cv-corpus-23.0-2025-09-05\nan-tw\single_speaker\wavs\common_voice_nan-tw_32192683.wav|nan_tw_01|yue|隨予白
E:\008-datasets\mcv-scripted-nan-tw-v23.0\cv-corpus-23.0-2025-09-05\nan-tw\single_speaker\wavs\common_voice_nan-tw_32192684.wav|nan_tw_01|yue|傷甜
E:\008-datasets\mcv-scripted-nan-tw-v23.0\cv-corpus-23.0-2025-09-05\nan-tw\single_speaker\wavs\common_voice_nan-tw_32192685.wav|nan_tw_01|yue|九歸算法
E:\008-datasets\mcv-scripted-nan-tw-v23.0\cv-corpus-23.0-2025-09-05\nan-tw\single_speaker\wavs\common_voice_nan-tw_32192686.wav|nan_tw_01|yue|隔轉工
E:\008-datasets\mcv-scripted-nan-tw-v23.0\cv-corpus-23.0-2025-09-05\nan-tw\single_speaker\wavs\common_voice_nan-tw_32192687.wav|nan_tw_01|yue|四界捋捋趖
E:\008-datasets\mcv-scripted-nan-tw-v23.0\cv-corpus-23.0-2025-09-05\nan-tw\single_speaker\wavs\common_voice_nan-tw_32192688.wav|nan_tw_01|yue|銅筋鐵肋
E:\008-datasets\mcv-scripted-nan-tw-v23.0\cv-corpus-23.0-2025-09-05\nan-tw\single_speaker\wavs\common_voice_nan-tw_32192690.wav|nan_tw_01|yue|毋知熊抑虎
E:\008-datasets\mcv-scripted-nan-tw-v23.0\cv-corpus-23.0-2025-09-05\nan-tw\single_speaker\wavs\common_voice_nan-tw_32192691.wav|nan_tw_01|yue|萬聖節
E:\008-datasets\mcv-scripted-nan-tw-v23.0\cv-corpus-23.0-2025-09-05\nan-tw\single_speaker\wavs\common_voice_nan-tw_32192692.wav|nan_tw_01|yue|咧睏
E:\008-datasets\mcv-scripted-nan-tw-v23.0\cv-corpus-23.0-2025-09-05\nan-tw\single_speaker\wavs\common_voice_nan-tw_32192693.wav|nan_tw_01|yue|大筒仔蜂
E:\008-datasets\mcv-scripted-nan-tw-v23.0\cv-corpus-23.0-2025-09-05\nan-tw\single_speaker\wavs\common_voice_nan-tw_32192694.wav|nan_tw_01|yue|二十張
E:\008-datasets\mcv-scripted-nan-tw-v23.0\cv-corpus-23.0-2025-09-05\nan-tw\single_speaker\wavs\common_voice_nan-tw_32192695.wav|nan_tw_01|yue|掣掣
E:\008-datasets\mcv-scripted-nan-tw-v23.0\cv-corpus-23.0-2025-09-05\nan-tw\single_speaker\wavs\common_voice_nan-tw_32192696.wav|nan_tw_01|yue|巧士購
E:\008-datasets\mcv-scripted-nan-tw-v23.0\cv-corpus-23.0-2025-09-05\nan-tw\single_speaker\wavs\common_voice_nan-tw_32192697.wav|nan_tw_01|yue|火燒島
E:\008-datasets\mcv-scripted-nan-tw-v23.0\cv-corpus-23.0-2025-09-05\nan-tw\single_speaker\wavs\common_voice_nan-tw_32192698.wav|nan_tw_01|yue|伊看起來真落魄
E:\008-datasets\mcv-scripted-nan-tw-v23.0\cv-corpus-23.0-2025-09-05\nan-tw\single_speaker\wavs\common_voice_nan-tw_32192699.wav|nan_tw_01|yue|伊有三間厝
E:\008-datasets\mcv-scripted-nan-tw-v23.0\cv-corpus-23.0-2025-09-05\nan-tw\single_speaker\wavs\common_voice_nan-tw_32192700.wav|nan_tw_01|yue|嘉北
E:\008-datasets\mcv-scripted-nan-tw-v23.0\cv-corpus-23.0-2025-09-05\nan-tw\single_speaker\wavs\common_voice_nan-tw_32192701.wav|nan_tw_01|yue|膨鏡
E:\008-datasets\mcv-scripted-nan-tw-v23.0\cv-corpus-23.0-2025-09-05\nan-tw\single_speaker\wavs\common_voice_nan-tw_32192702.wav|nan_tw_01|yue|後壁
E:\008-datasets\mcv-scripted-nan-tw-v23.0\cv-corpus-23.0-2025-09-05\nan-tw\single_speaker\wavs\common_voice_nan-tw_32192703.wav|nan_tw_01|yue|儉喙
E:\008-datasets\mcv-scripted-nan-tw-v23.0\cv-corpus-23.0-2025-09-05\nan-tw\single_speaker\wavs\common_voice_nan-tw_32192704.wav|nan_tw_01|yue|新港糖仔
E:\008-datasets\mcv-scripted-nan-tw-v23.0\cv-corpus-23.0-2025-09-05\nan-tw\single_speaker\wavs\common_voice_nan-tw_32192705.wav|nan_tw_01|yue|新竹縣
E:\008-datasets\mcv-scripted-nan-tw-v23.0\cv-corpus-23.0-2025-09-05\nan-tw\single_speaker\wavs\common_voice_nan-tw_32192706.wav|nan_tw_01|yue|茶海星
E:\008-datasets\mcv-scripted-nan-tw-v23.0\cv-corpus-23.0-2025-09-05\nan-tw\single_speaker\wavs\common_voice_nan-tw_32192707.wav|nan_tw_01|yue|睏大豬
E:\008-datasets\mcv-scripted-nan-tw-v23.0\cv-corpus-23.0-2025-09-05\nan-tw\single_speaker\wavs\common_voice_nan-tw_32192708.wav|nan_tw_01|yue|袂恬
E:\008-datasets\mcv-scripted-nan-tw-v23.0\cv-corpus-23.0-2025-09-05\nan-tw\single_speaker\wavs\common_voice_nan-tw_32192709.wav|nan_tw_01|yue|模仔
E:\008-datasets\mcv-scripted-nan-tw-v23.0\cv-corpus-23.0-2025-09-05\nan-tw\single_speaker\wavs\common_voice_nan-tw_32192710.wav|nan_tw_01|yue|七歪八斜
E:\008-datasets\mcv-scripted-nan-tw-v23.0\cv-corpus-23.0-2025-09-05\nan-tw\single_speaker\wavs\common_voice_nan-tw_32192711.wav|nan_tw_01|yue|新聞紙
E:\008-datasets\mcv-scripted-nan-tw-v23.0\cv-corpus-23.0-2025-09-05\nan-tw\single_speaker\wavs\common_voice_nan-tw_32192712.wav|nan_tw_01|yue|通貨膨脹
E:\008-datasets\mcv-scripted-nan-tw-v23.0\cv-corpus-23.0-2025-09-05\nan-tw\single_speaker\wavs\common_voice_nan-tw_32192713.wav|nan_tw_01|yue|漢字文化箍仔
E:\008-datasets\mcv-scripted-nan-tw-v23.0\cv-corpus-23.0-2025-09-05\nan-tw\single_speaker\wavs\common_voice_nan-tw_32192714.wav|nan_tw_01|yue|南靖
E:\008-datasets\mcv-scripted-nan-tw-v23.0\cv-corpus-23.0-2025-09-05\nan-tw\single_speaker\wavs\common_voice_nan-tw_32192715.wav|nan_tw_01|yue|螢橋國小
E:\008-datasets\mcv-scripted-nan-tw-v23.0\cv-corpus-23.0-2025-09-05\nan-tw\single_speaker\wavs\common_voice_nan-tw_32192716.wav|nan_tw_01|yue|痟藥仔
E:\008-datasets\mcv-scripted-nan-tw-v23.0\cv-corpus-23.0-2025-09-05\nan-tw\single_speaker\wavs\common_voice_nan-tw_32192717.wav|nan_tw_01|yue|甜甜
E:\008-datasets\mcv-scripted-nan-tw-v23.0\cv-corpus-23.0-2025-09-05\nan-tw\single_speaker\wavs\common_voice_nan-tw_32192718.wav|nan_tw_01|yue|鑢仔
E:\008-datasets\mcv-scripted-nan-tw-v23.0\cv-corpus-23.0-2025-09-05\nan-tw\single_speaker\wavs\common_voice_nan-tw_32192719.wav|nan_tw_01|yue|興德
E:\008-datasets\mcv-scripted-nan-tw-v23.0\cv-corpus-23.0-2025-09-05\nan-tw\single_speaker\wavs\common_voice_nan-tw_32192720.wav|nan_tw_01|yue|綴路
E:\008-datasets\mcv-scripted-nan-tw-v23.0\cv-corpus-23.0-2025-09-05\nan-tw\single_speaker\wavs\common_voice_nan-tw_32192721.wav|nan_tw_01|yue|中番仔湖
E:\008-datasets\mcv-scripted-nan-tw-v23.0\cv-corpus-23.0-2025-09-05\nan-tw\single_speaker\wavs\common_voice_nan-tw_32192722.wav|nan_tw_01|yue|知行路
E:\008-datasets\mcv-scripted-nan-tw-v23.0\cv-corpus-23.0-2025-09-05\nan-tw\single_speaker\wavs\common_voice_nan-tw_32192723.wav|nan_tw_01|yue|泰雅渡假村
E:\008-datasets\mcv-scripted-nan-tw-v23.0\cv-corpus-23.0-2025-09-05\nan-tw\single_speaker\wavs\common_voice_nan-tw_32192724.wav|nan_tw_01|yue|壁角仔囝
E:\008-datasets\mcv-scripted-nan-tw-v23.0\cv-corpus-23.0-2025-09-05\nan-tw\single_speaker\wavs\common_voice_nan-tw_32192730.wav|nan_tw_01|yue|腹腸
E:\008-datasets\mcv-scripted-nan-tw-v23.0\cv-corpus-23.0-2025-09-05\nan-tw\single_speaker\wavs\common_voice_nan-tw_32192731.wav|nan_tw_01|yue|韓國鹹菜
E:\008-datasets\mcv-scripted-nan-tw-v23.0\cv-corpus-23.0-2025-09-05\nan-tw\single_speaker\wavs\common_voice_nan-tw_32192732.wav|nan_tw_01|yue|東光國小
E:\008-datasets\mcv-scripted-nan-tw-v23.0\cv-corpus-23.0-2025-09-05\nan-tw\single_speaker\wavs\common_voice_nan-tw_32192733.wav|nan_tw_01|yue|火星文
E:\008-datasets\mcv-scripted-nan-tw-v23.0\cv-corpus-23.0-2025-09-05\nan-tw\single_speaker\wavs\common_voice_nan-tw_32192734.wav|nan_tw_01|yue|滷卵
E:\008-datasets\mcv-scripted-nan-tw-v23.0\cv-corpus-23.0-2025-09-05\nan-tw\single_speaker\wavs\common_voice_nan-tw_32192735.wav|nan_tw_01|yue|跤手猛
E:\008-datasets\mcv-scripted-nan-tw-v23.0\cv-corpus-23.0-2025-09-05\nan-tw\single_speaker\wavs\common_voice_nan-tw_32192736.wav|nan_tw_01|yue|指頭仔伸出來無平長
E:\008-datasets\mcv-scripted-nan-tw-v23.0\cv-corpus-23.0-2025-09-05\nan-tw\single_speaker\wavs\common_voice_nan-tw_32192737.wav|nan_tw_01|yue|貓老大
E:\008-datasets\mcv-scripted-nan-tw-v23.0\cv-corpus-23.0-2025-09-05\nan-tw\single_speaker\wavs\common_voice_nan-tw_32192738.wav|nan_tw_01|yue|里里擴擴
E:\008-datasets\mcv-scripted-nan-tw-v23.0\cv-corpus-23.0-2025-09-05\nan-tw\single_speaker\wavs\common_voice_nan-tw_32192739.wav|nan_tw_01|yue|床頭拍，床尾和
E:\008-datasets\mcv-scripted-nan-tw-v23.0\cv-corpus-23.0-2025-09-05\nan-tw\single_speaker\wavs\common_voice_nan-tw_32192745.wav|nan_tw_01|yue|馬蹄糋
E:\008-datasets\mcv-scripted-nan-tw-v23.0\cv-corpus-23.0-2025-09-05\nan-tw\single_speaker\wavs\common_voice_nan-tw_32192746.wav|nan_tw_01|yue|欲按怎用啊
E:\008-datasets\mcv-scripted-nan-tw-v23.0\cv-corpus-23.0-2025-09-05\nan-tw\single_speaker\wavs\common_voice_nan-tw_32192747.wav|nan_tw_01|yue|合群
E:\008-datasets\mcv-scripted-nan-tw-v23.0\cv-corpus-23.0-2025-09-05\nan-tw\single_speaker\wavs\common_voice_nan-tw_32192748.wav|nan_tw_01|yue|垢潔鉎
E:\008-datasets\mcv-scripted-nan-tw-v23.0\cv-corpus-23.0-2025-09-05\nan-tw\single_speaker\wavs\common_voice_nan-tw_32192749.wav|nan_tw_01|yue|果園
E:\008-datasets\mcv-scripted-nan-tw-v23.0\cv-corpus-23.0-2025-09-05\nan-tw\single_speaker\wavs\common_voice_nan-tw_32192755.wav|nan_tw_01|yue|大管薰
E:\008-datasets\mcv-scripted-nan-tw-v23.0\cv-corpus-23.0-2025-09-05\nan-tw\single_speaker\wavs\common_voice_nan-tw_32192756.wav|nan_tw_01|yue|台灣就是台灣
E:\008-datasets\mcv-scripted-nan-tw-v23.0\cv-corpus-23.0-2025-09-05\nan-tw\single_speaker\wavs\common_voice_nan-tw_32192757.wav|nan_tw_01|yue|大潤發
E:\008-datasets\mcv-scripted-nan-tw-v23.0\cv-corpus-23.0-2025-09-05\nan-tw\single_speaker\wavs\common_voice_nan-tw_32192758.wav|nan_tw_01|yue|球箠
E:\008-datasets\mcv-scripted-nan-tw-v23.0\cv-corpus-23.0-2025-09-05\nan-tw\single_speaker\wavs\common_voice_nan-tw_32192759.wav|nan_tw_01|yue|拄拄好
E:\008-datasets\mcv-scripted-nan-tw-v23.0\cv-corpus-23.0-2025-09-05\nan-tw\single_speaker\wavs\common_voice_nan-tw_32192765.wav|nan_tw_01|yue|逐家攏真歡喜
E:\008-datasets\mcv-scripted-nan-tw-v23.0\cv-corpus-23.0-2025-09-05\nan-tw\single_speaker\wavs\common_voice_nan-tw_32192767.wav|nan_tw_01|yue|五跪三叩頭
E:\008-datasets\mcv-scripted-nan-tw-v23.0\cv-corpus-23.0-2025-09-05\nan-tw\single_speaker\wavs\common_voice_nan-tw_32192768.wav|nan_tw_01|yue|拍凊
E:\008-datasets\mcv-scripted-nan-tw-v23.0\cv-corpus-23.0-2025-09-05\nan-tw\single_speaker\wavs\common_voice_nan-tw_32192769.wav|nan_tw_01|yue|舊宗
E:\008-datasets\mcv-scripted-nan-tw-v23.0\cv-corpus-23.0-2025-09-05\nan-tw\single_speaker\wavs\common_voice_nan-tw_32192770.wav|nan_tw_01|yue|低收入戶
E:\008-datasets\mcv-scripted-nan-tw-v23.0\cv-corpus-23.0-2025-09-05\nan-tw\single_speaker\wavs\common_voice_nan-tw_32192771.wav|nan_tw_01|yue|萬隆街
E:\008-datasets\mcv-scripted-nan-tw-v23.0\cv-corpus-23.0-2025-09-05\nan-tw\single_speaker\wavs\common_voice_nan-tw_32192772.wav|nan_tw_01|yue|雞肉角
E:\008-datasets\mcv-scripted-nan-tw-v23.0\cv-corpus-23.0-2025-09-05\nan-tw\single_speaker\wavs\common_voice_nan-tw_32192773.wav|nan_tw_01|yue|名聲敨
E:\008-datasets\mcv-scripted-nan-tw-v23.0\cv-corpus-23.0-2025-09-05\nan-tw\single_speaker\wavs\common_voice_nan-tw_32192774.wav|nan_tw_01|yue|絲線吊銅鐘
E:\008-datasets\mcv-scripted-nan-tw-v23.0\cv-corpus-23.0-2025-09-05\nan-tw\single_speaker\wavs\common_voice_nan-tw_32192775.wav|nan_tw_01|yue|自作多情
E:\008-datasets\mcv-scripted-nan-tw-v23.0\cv-corpus-23.0-2025-09-05\nan-tw\single_speaker\wavs\common_voice_nan-tw_32192776.wav|nan_tw_01|yue|溪洲
E:\008-datasets\mcv-scripted-nan-tw-v23.0\cv-corpus-23.0-2025-09-05\nan-tw\single_speaker\wavs\common_voice_nan-tw_32192777.wav|nan_tw_01|yue|夯飯匙拄貓
E:\008-datasets\mcv-scripted-nan-tw-v23.0\cv-corpus-23.0-2025-09-05\nan-tw\single_speaker\wavs\common_voice_nan-tw_32192778.wav|nan_tw_01|yue|喙焦嚨喉渴
E:\008-datasets\mcv-scripted-nan-tw-v23.0\cv-corpus-23.0-2025-09-05\nan-tw\single_speaker\wavs\common_voice_nan-tw_32192779.wav|nan_tw_01|yue|景豐街
E:\008-datasets\mcv-scripted-nan-tw-v23.0\cv-corpus-23.0-2025-09-05\nan-tw\single_speaker\wavs\common_voice_nan-tw_32192780.wav|nan_tw_01|yue|寧波西街
E:\008-datasets\mcv-scripted-nan-tw-v23.0\cv-corpus-23.0-2025-09-05\nan-tw\single_speaker\wavs\common_voice_nan-tw_32192781.wav|nan_tw_01|yue|營帳
E:\008-datasets\mcv-scripted-nan-tw-v23.0\cv-corpus-23.0-2025-09-05\nan-tw\single_speaker\wavs\common_voice_nan-tw_32192782.wav|nan_tw_01|yue|終其尾
E:\008-datasets\mcv-scripted-nan-tw-v23.0\cv-corpus-23.0-2025-09-05\nan-tw\single_speaker\wavs\common_voice_nan-tw_32192783.wav|nan_tw_01|yue|揜揜貼貼
E:\008-datasets\mcv-scripted-nan-tw-v23.0\cv-corpus-23.0-2025-09-05\nan-tw\single_speaker\wavs\common_voice_nan-tw_32192784.wav|nan_tw_01|yue|磕挵
E:\008-datasets\mcv-scripted-nan-tw-v23.0\cv-corpus-23.0-2025-09-05\nan-tw\single_speaker\wavs\common_voice_nan-tw_32192785.wav|nan_tw_01|yue|丸仔球
E:\008-datasets\mcv-scripted-nan-tw-v23.0\cv-corpus-23.0-2025-09-05\nan-tw\single_speaker\wavs\common_voice_nan-tw_32192786.wav|nan_tw_01|yue|袂插得
E:\008-datasets\mcv-scripted-nan-tw-v23.0\cv-corpus-23.0-2025-09-05\nan-tw\single_speaker\wavs\common_voice_nan-tw_32192788.wav|nan_tw_01|yue|三步做一伐
E:\008-datasets\mcv-scripted-nan-tw-v23.0\cv-corpus-23.0-2025-09-05\nan-tw\single_speaker\wavs\common_voice_nan-tw_32192789.wav|nan_tw_01|yue|光復國小
E:\008-datasets\mcv-scripted-nan-tw-v23.0\cv-corpus-23.0-2025-09-05\nan-tw\single_speaker\wavs\common_voice_nan-tw_32192795.wav|nan_tw_01|yue|歹年冬厚痟人
E:\008-datasets\mcv-scripted-nan-tw-v23.0\cv-corpus-23.0-2025-09-05\nan-tw\single_speaker\wavs\common_voice_nan-tw_32192796.wav|nan_tw_01|yue|紲力走標
E:\008-datasets\mcv-scripted-nan-tw-v23.0\cv-corpus-23.0-2025-09-05\nan-tw\single_speaker\wavs\common_voice_nan-tw_32192797.wav|nan_tw_01|yue|次元
E:\008-datasets\mcv-scripted-nan-tw-v23.0\cv-corpus-23.0-2025-09-05\nan-tw\single_speaker\wavs\common_voice_nan-tw_32192798.wav|nan_tw_01|yue|水紋墘
E:\008-datasets\mcv-scripted-nan-tw-v23.0\cv-corpus-23.0-2025-09-05\nan-tw\single_speaker\wavs\common_voice_nan-tw_32192799.wav|nan_tw_01|yue|小寒
E:\008-datasets\mcv-scripted-nan-tw-v23.0\cv-corpus-23.0-2025-09-05\nan-tw\single_speaker\wavs\common_voice_nan-tw_32192800.wav|nan_tw_01|yue|田嬰機
E:\008-datasets\mcv-scripted-nan-tw-v23.0\cv-corpus-23.0-2025-09-05\nan-tw\single_speaker\wavs\common_voice_nan-tw_32192801.wav|nan_tw_01|yue|絲襪仔
E:\008-datasets\mcv-scripted-nan-tw-v23.0\cv-corpus-23.0-2025-09-05\nan-tw\single_speaker\wavs\common_voice_nan-tw_32192802.wav|nan_tw_01|yue|刺鼠
E:\008-datasets\mcv-scripted-nan-tw-v23.0\cv-corpus-23.0-2025-09-05\nan-tw\single_speaker\wavs\common_voice_nan-tw_32192803.wav|nan_tw_01|yue|刺面
E:\008-datasets\mcv-scripted-nan-tw-v23.0\cv-corpus-23.0-2025-09-05\nan-tw\single_speaker\wavs\common_voice_nan-tw_32192804.wav|nan_tw_01|yue|三安里
E:\008-datasets\mcv-scripted-nan-tw-v23.0\cv-corpus-23.0-2025-09-05\nan-tw\single_speaker\wavs\common_voice_nan-tw_32192815.wav|nan_tw_01|yue|臺西
E:\008-datasets\mcv-scripted-nan-tw-v23.0\cv-corpus-23.0-2025-09-05\nan-tw\single_speaker\wavs\common_voice_nan-tw_32192816.wav|nan_tw_01|yue|利便商店
E:\008-datasets\mcv-scripted-nan-tw-v23.0\cv-corpus-23.0-2025-09-05\nan-tw\single_speaker\wavs\common_voice_nan-tw_32192817.wav|nan_tw_01|yue|景美國小
E:\008-datasets\mcv-scripted-nan-tw-v23.0\cv-corpus-23.0-2025-09-05\nan-tw\single_speaker\wavs\common_voice_nan-tw_32192818.wav|nan_tw_01|yue|蜂蜜雞卵糕
E:\008-datasets\mcv-scripted-nan-tw-v23.0\cv-corpus-23.0-2025-09-05\nan-tw\single_speaker\wavs\common_voice_nan-tw_32192819.wav|nan_tw_01|yue|強力糊
E:\008-datasets\mcv-scripted-nan-tw-v23.0\cv-corpus-23.0-2025-09-05\nan-tw\single_speaker\wavs\common_voice_nan-tw_32192825.wav|nan_tw_01|yue|果子肉
E:\008-datasets\mcv-scripted-nan-tw-v23.0\cv-corpus-23.0-2025-09-05\nan-tw\single_speaker\wavs\common_voice_nan-tw_32192826.wav|nan_tw_01|yue|降龍十八掌
E:\008-datasets\mcv-scripted-nan-tw-v23.0\cv-corpus-23.0-2025-09-05\nan-tw\single_speaker\wavs\common_voice_nan-tw_32192827.wav|nan_tw_01|yue|拍gí仔
E:\008-datasets\mcv-scripted-nan-tw-v23.0\cv-corpus-23.0-2025-09-05\nan-tw\single_speaker\wavs\common_voice_nan-tw_32192828.wav|nan_tw_01|yue|跤毛
E:\008-datasets\mcv-scripted-nan-tw-v23.0\cv-corpus-23.0-2025-09-05\nan-tw\single_speaker\wavs\common_voice_nan-tw_32192829.wav|nan_tw_01|yue|烘麭
E:\008-datasets\mcv-scripted-nan-tw-v23.0\cv-corpus-23.0-2025-09-05\nan-tw\single_speaker\wavs\common_voice_nan-tw_32192835.wav|nan_tw_01|yue|汞
E:\008-datasets\mcv-scripted-nan-tw-v23.0\cv-corpus-23.0-2025-09-05\nan-tw\single_speaker\wavs\common_voice_nan-tw_32192836.wav|nan_tw_01|yue|屈尺
E:\008-datasets\mcv-scripted-nan-tw-v23.0\cv-corpus-23.0-2025-09-05\nan-tw\single_speaker\wavs\common_voice_nan-tw_32192837.wav|nan_tw_01|yue|氣身惱命
E:\008-datasets\mcv-scripted-nan-tw-v23.0\cv-corpus-23.0-2025-09-05\nan-tw\single_speaker\wavs\common_voice_nan-tw_32192838.wav|nan_tw_01|yue|肺腑之言
E:\008-datasets\mcv-scripted-nan-tw-v23.0\cv-corpus-23.0-2025-09-05\nan-tw\single_speaker\wavs\common_voice_nan-tw_32192839.wav|nan_tw_01|yue|西方
E:\008-datasets\mcv-scripted-nan-tw-v23.0\cv-corpus-23.0-2025-09-05\nan-tw\single_speaker\wavs\common_voice_nan-tw_32192840.wav|nan_tw_01|yue|玉環
E:\008-datasets\mcv-scripted-nan-tw-v23.0\cv-corpus-23.0-2025-09-05\nan-tw\single_speaker\wavs\common_voice_nan-tw_32192841.wav|nan_tw_01|yue|食無三把蕹菜著欲上西天
E:\008-datasets\mcv-scripted-nan-tw-v23.0\cv-corpus-23.0-2025-09-05\nan-tw\single_speaker\wavs\common_voice_nan-tw_32192842.wav|nan_tw_01|yue|眼腦線
E:\008-datasets\mcv-scripted-nan-tw-v23.0\cv-corpus-23.0-2025-09-05\nan-tw\single_speaker\wavs\common_voice_nan-tw_32192843.wav|nan_tw_01|yue|果子酸
E:\008-datasets\mcv-scripted-nan-tw-v23.0\cv-corpus-23.0-2025-09-05\nan-tw\single_speaker\wavs\common_voice_nan-tw_32192854.wav|nan_tw_01|yue|姑巡
E:\008-datasets\mcv-scripted-nan-tw-v23.0\cv-corpus-23.0-2025-09-05\nan-tw\single_speaker\wavs\common_voice_nan-tw_32192875.wav|nan_tw_01|yue|雲罩密密
E:\008-datasets\mcv-scripted-nan-tw-v23.0\cv-corpus-23.0-2025-09-05\nan-tw\single_speaker\wavs\common_voice_nan-tw_32192876.wav|nan_tw_01|yue|梅仔林
E:\008-datasets\mcv-scripted-nan-tw-v23.0\cv-corpus-23.0-2025-09-05\nan-tw\single_speaker\wavs\common_voice_nan-tw_32192877.wav|nan_tw_01|yue|莫講較無魍
E:\008-datasets\mcv-scripted-nan-tw-v23.0\cv-corpus-23.0-2025-09-05\nan-tw\single_speaker\wavs\common_voice_nan-tw_32192878.wav|nan_tw_01|yue|科工館
E:\008-datasets\mcv-scripted-nan-tw-v23.0\cv-corpus-23.0-2025-09-05\nan-tw\single_speaker\wavs\common_voice_nan-tw_32192879.wav|nan_tw_01|yue|刺龍爸
E:\008-datasets\mcv-scripted-nan-tw-v23.0\cv-corpus-23.0-2025-09-05\nan-tw\single_speaker\wavs\common_voice_nan-tw_32192975.wav|nan_tw_01|yue|食甲老老老
E:\008-datasets\mcv-scripted-nan-tw-v23.0\cv-corpus-23.0-2025-09-05\nan-tw\single_speaker\wavs\common_voice_nan-tw_32192976.wav|nan_tw_01|yue|無咧要緊
E:\008-datasets\mcv-scripted-nan-tw-v23.0\cv-corpus-23.0-2025-09-05\nan-tw\single_speaker\wavs\common_voice_nan-tw_32192977.wav|nan_tw_01|yue|頭犁犁
E:\008-datasets\mcv-scripted-nan-tw-v23.0\cv-corpus-23.0-2025-09-05\nan-tw\single_speaker\wavs\common_voice_nan-tw_32192978.wav|nan_tw_01|yue|摩勒都峇
E:\008-datasets\mcv-scripted-nan-tw-v23.0\cv-corpus-23.0-2025-09-05\nan-tw\single_speaker\wavs\common_voice_nan-tw_32192979.wav|nan_tw_01|yue|南京龍江路口
E:\008-datasets\mcv-scripted-nan-tw-v23.0\cv-corpus-23.0-2025-09-05\nan-tw\single_speaker\wavs\common_voice_nan-tw_32192985.wav|nan_tw_01|yue|看天凊凊
E:\008-datasets\mcv-scripted-nan-tw-v23.0\cv-corpus-23.0-2025-09-05\nan-tw\single_speaker\wavs\common_voice_nan-tw_32192986.wav|nan_tw_01|yue|百票
E:\008-datasets\mcv-scripted-nan-tw-v23.0\cv-corpus-23.0-2025-09-05\nan-tw\single_speaker\wavs\common_voice_nan-tw_32192987.wav|nan_tw_01|yue|揮發
E:\008-datasets\mcv-scripted-nan-tw-v23.0\cv-corpus-23.0-2025-09-05\nan-tw\single_speaker\wavs\common_voice_nan-tw_32192988.wav|nan_tw_01|yue|揜貼
E:\008-datasets\mcv-scripted-nan-tw-v23.0\cv-corpus-23.0-2025-09-05\nan-tw\single_speaker\wavs\common_voice_nan-tw_32192989.wav|nan_tw_01|yue|裂胸散甲
E:\008-datasets\mcv-scripted-nan-tw-v23.0\cv-corpus-23.0-2025-09-05\nan-tw\single_speaker\wavs\common_voice_nan-tw_32192995.wav|nan_tw_01|yue|去倒
E:\008-datasets\mcv-scripted-nan-tw-v23.0\cv-corpus-23.0-2025-09-05\nan-tw\single_speaker\wavs\common_voice_nan-tw_32192996.wav|nan_tw_01|yue|年頭到年尾
E:\008-datasets\mcv-scripted-nan-tw-v23.0\cv-corpus-23.0-2025-09-05\nan-tw\single_speaker\wavs\common_voice_nan-tw_32193003.wav|nan_tw_01|yue|魯蛇
E:\008-datasets\mcv-scripted-nan-tw-v23.0\cv-corpus-23.0-2025-09-05\nan-tw\single_speaker\wavs\common_voice_nan-tw_32193004.wav|nan_tw_01|yue|粉蟯
E:\008-datasets\mcv-scripted-nan-tw-v23.0\cv-corpus-23.0-2025-09-05\nan-tw\single_speaker\wavs\common_voice_nan-tw_32193005.wav|nan_tw_01|yue|潭子區
E:\008-datasets\mcv-scripted-nan-tw-v23.0\cv-corpus-23.0-2025-09-05\nan-tw\single_speaker\wavs\common_voice_nan-tw_32193007.wav|nan_tw_01|yue|出去耍
E:\008-datasets\mcv-scripted-nan-tw-v23.0\cv-corpus-23.0-2025-09-05\nan-tw\single_speaker\wavs\common_voice_nan-tw_32193008.wav|nan_tw_01|yue|吹焦
E:\008-datasets\mcv-scripted-nan-tw-v23.0\cv-corpus-23.0-2025-09-05\nan-tw\single_speaker\wavs\common_voice_nan-tw_32193009.wav|nan_tw_01|yue|頭盤
E:\008-datasets\mcv-scripted-nan-tw-v23.0\cv-corpus-23.0-2025-09-05\nan-tw\single_speaker\wavs\common_voice_nan-tw_32193010.wav|nan_tw_01|yue|欺瞞
E:\008-datasets\mcv-scripted-nan-tw-v23.0\cv-corpus-23.0-2025-09-05\nan-tw\single_speaker\wavs\common_voice_nan-tw_32193011.wav|nan_tw_01|yue|領錢
E:\008-datasets\mcv-scripted-nan-tw-v23.0\cv-corpus-23.0-2025-09-05\nan-tw\single_speaker\wavs\common_voice_nan-tw_32193015.wav|nan_tw_01|yue|巴圇哺草
E:\008-datasets\mcv-scripted-nan-tw-v23.0\cv-corpus-23.0-2025-09-05\nan-tw\single_speaker\wavs\common_voice_nan-tw_32193016.wav|nan_tw_01|yue|頭起先
E:\008-datasets\mcv-scripted-nan-tw-v23.0\cv-corpus-23.0-2025-09-05\nan-tw\single_speaker\wavs\common_voice_nan-tw_32193017.wav|nan_tw_01|yue|祭品文
E:\008-datasets\mcv-scripted-nan-tw-v23.0\cv-corpus-23.0-2025-09-05\nan-tw\single_speaker\wavs\common_voice_nan-tw_32193018.wav|nan_tw_01|yue|使用人
E:\008-datasets\mcv-scripted-nan-tw-v23.0\cv-corpus-23.0-2025-09-05\nan-tw\single_speaker\wavs\common_voice_nan-tw_32193019.wav|nan_tw_01|yue|三請四姑情
E:\008-datasets\mcv-scripted-nan-tw-v23.0\cv-corpus-23.0-2025-09-05\nan-tw\single_speaker\wavs\common_voice_nan-tw_32193020.wav|nan_tw_01|yue|你咧講啥
E:\008-datasets\mcv-scripted-nan-tw-v23.0\cv-corpus-23.0-2025-09-05\nan-tw\single_speaker\wavs\common_voice_nan-tw_32193021.wav|nan_tw_01|yue|高樹
E:\008-datasets\mcv-scripted-nan-tw-v23.0\cv-corpus-23.0-2025-09-05\nan-tw\single_speaker\wavs\common_voice_nan-tw_32193022.wav|nan_tw_01|yue|客無親疏，來者當受
E:\008-datasets\mcv-scripted-nan-tw-v23.0\cv-corpus-23.0-2025-09-05\nan-tw\single_speaker\wavs\common_voice_nan-tw_32193023.wav|nan_tw_01|yue|刺羅仔蟲
E:\008-datasets\mcv-scripted-nan-tw-v23.0\cv-corpus-23.0-2025-09-05\nan-tw\single_speaker\wavs\common_voice_nan-tw_32193024.wav|nan_tw_01|yue|七股
E:\008-datasets\mcv-scripted-nan-tw-v23.0\cv-corpus-23.0-2025-09-05\nan-tw\single_speaker\wavs\common_voice_nan-tw_32193031.wav|nan_tw_01|yue|椰卵樹
E:\008-datasets\mcv-scripted-nan-tw-v23.0\cv-corpus-23.0-2025-09-05\nan-tw\single_speaker\wavs\common_voice_nan-tw_32193032.wav|nan_tw_01|yue|桃園環線
E:\008-datasets\mcv-scripted-nan-tw-v23.0\cv-corpus-23.0-2025-09-05\nan-tw\single_speaker\wavs\common_voice_nan-tw_32193033.wav|nan_tw_01|yue|塗魠
E:\008-datasets\mcv-scripted-nan-tw-v23.0\cv-corpus-23.0-2025-09-05\nan-tw\single_speaker\wavs\common_voice_nan-tw_32193034.wav|nan_tw_01|yue|龜龜祟祟
E:\008-datasets\mcv-scripted-nan-tw-v23.0\cv-corpus-23.0-2025-09-05\nan-tw\single_speaker\wavs\common_voice_nan-tw_32193035.wav|nan_tw_01|yue|親子丼
E:\008-datasets\mcv-scripted-nan-tw-v23.0\cv-corpus-23.0-2025-09-05\nan-tw\single_speaker\wavs\common_voice_nan-tw_32193036.wav|nan_tw_01|yue|鴨仔聽雷
E:\008-datasets\mcv-scripted-nan-tw-v23.0\cv-corpus-23.0-2025-09-05\nan-tw\single_speaker\wavs\common_voice_nan-tw_32193037.wav|nan_tw_01|yue|二水
E:\008-datasets\mcv-scripted-nan-tw-v23.0\cv-corpus-23.0-2025-09-05\nan-tw\single_speaker\wavs\common_voice_nan-tw_32193038.wav|nan_tw_01|yue|㧣風搢水
E:\008-datasets\mcv-scripted-nan-tw-v23.0\cv-corpus-23.0-2025-09-05\nan-tw\single_speaker\wavs\common_voice_nan-tw_32193039.wav|nan_tw_01|yue|油廠國小
E:\008-datasets\mcv-scripted-nan-tw-v23.0\cv-corpus-23.0-2025-09-05\nan-tw\single_speaker\wavs\common_voice_nan-tw_32193045.wav|nan_tw_01|yue|移花接木
E:\008-datasets\mcv-scripted-nan-tw-v23.0\cv-corpus-23.0-2025-09-05\nan-tw\single_speaker\wavs\common_voice_nan-tw_32193047.wav|nan_tw_01|yue|貓仔上佮意臭臊的
E:\008-datasets\mcv-scripted-nan-tw-v23.0\cv-corpus-23.0-2025-09-05\nan-tw\single_speaker\wavs\common_voice_nan-tw_32193048.wav|nan_tw_01|yue|老舖
E:\008-datasets\mcv-scripted-nan-tw-v23.0\cv-corpus-23.0-2025-09-05\nan-tw\single_speaker\wavs\common_voice_nan-tw_32193050.wav|nan_tw_01|yue|胮腫
E:\008-datasets\mcv-scripted-nan-tw-v23.0\cv-corpus-23.0-2025-09-05\nan-tw\single_speaker\wavs\common_voice_nan-tw_32193051.wav|nan_tw_01|yue|蔣經國
E:\008-datasets\mcv-scripted-nan-tw-v23.0\cv-corpus-23.0-2025-09-05\nan-tw\single_speaker\wavs\common_voice_nan-tw_32193053.wav|nan_tw_01|yue|敢遮爾
E:\008-datasets\mcv-scripted-nan-tw-v23.0\cv-corpus-23.0-2025-09-05\nan-tw\single_speaker\wavs\common_voice_nan-tw_32198869.wav|nan_tw_01|yue|蟯
E:\008-datasets\mcv-scripted-nan-tw-v23.0\cv-corpus-23.0-2025-09-05\nan-tw\single_speaker\wavs\common_voice_nan-tw_32198870.wav|nan_tw_01|yue|三千
E:\008-datasets\mcv-scripted-nan-tw-v23.0\cv-corpus-23.0-2025-09-05\nan-tw\single_speaker\wavs\common_voice_nan-tw_32198871.wav|nan_tw_01|yue|卵包飯
E:\008-datasets\mcv-scripted-nan-tw-v23.0\cv-corpus-23.0-2025-09-05\nan-tw\single_speaker\wavs\common_voice_nan-tw_32198872.wav|nan_tw_01|yue|懷生國中
E:\008-datasets\mcv-scripted-nan-tw-v23.0\cv-corpus-23.0-2025-09-05\nan-tw\single_speaker\wavs\common_voice_nan-tw_32198873.wav|nan_tw_01|yue|毋通予豆油滴落來
E:\008-datasets\mcv-scripted-nan-tw-v23.0\cv-corpus-23.0-2025-09-05\nan-tw\single_speaker\wavs\common_voice_nan-tw_32198874.wav|nan_tw_01|yue|鹿谷鄉
E:\008-datasets\mcv-scripted-nan-tw-v23.0\cv-corpus-23.0-2025-09-05\nan-tw\single_speaker\wavs\common_voice_nan-tw_32198875.wav|nan_tw_01|yue|把水
E:\008-datasets\mcv-scripted-nan-tw-v23.0\cv-corpus-23.0-2025-09-05\nan-tw\single_speaker\wavs\common_voice_nan-tw_32198876.wav|nan_tw_01|yue|偷來黯去
E:\008-datasets\mcv-scripted-nan-tw-v23.0\cv-corpus-23.0-2025-09-05\nan-tw\single_speaker\wavs\common_voice_nan-tw_32198877.wav|nan_tw_01|yue|紮走
E:\008-datasets\mcv-scripted-nan-tw-v23.0\cv-corpus-23.0-2025-09-05\nan-tw\single_speaker\wavs\common_voice_nan-tw_32198878.wav|nan_tw_01|yue|快取
E:\008-datasets\mcv-scripted-nan-tw-v23.0\cv-corpus-23.0-2025-09-05\nan-tw\single_speaker\wavs\common_voice_nan-tw_32198879.wav|nan_tw_01|yue|你足媠
E:\008-datasets\mcv-scripted-nan-tw-v23.0\cv-corpus-23.0-2025-09-05\nan-tw\single_speaker\wavs\common_voice_nan-tw_32198880.wav|nan_tw_01|yue|達成目標
E:\008-datasets\mcv-scripted-nan-tw-v23.0\cv-corpus-23.0-2025-09-05\nan-tw\single_speaker\wavs\common_voice_nan-tw_32198881.wav|nan_tw_01|yue|電腦仔批
E:\008-datasets\mcv-scripted-nan-tw-v23.0\cv-corpus-23.0-2025-09-05\nan-tw\single_speaker\wavs\common_voice_nan-tw_32198882.wav|nan_tw_01|yue|三重埔
E:\008-datasets\mcv-scripted-nan-tw-v23.0\cv-corpus-23.0-2025-09-05\nan-tw\single_speaker\wavs\common_voice_nan-tw_32198883.wav|nan_tw_01|yue|廣西壯族自治區
E:\008-datasets\mcv-scripted-nan-tw-v23.0\cv-corpus-23.0-2025-09-05\nan-tw\single_speaker\wavs\common_voice_nan-tw_32198884.wav|nan_tw_01|yue|你毋通佇遐空喙哺舌亂造話
E:\008-datasets\mcv-scripted-nan-tw-v23.0\cv-corpus-23.0-2025-09-05\nan-tw\single_speaker\wavs\common_voice_nan-tw_32198885.wav|nan_tw_01|yue|學田
E:\008-datasets\mcv-scripted-nan-tw-v23.0\cv-corpus-23.0-2025-09-05\nan-tw\single_speaker\wavs\common_voice_nan-tw_32198886.wav|nan_tw_01|yue|番仔公館
E:\008-datasets\mcv-scripted-nan-tw-v23.0\cv-corpus-23.0-2025-09-05\nan-tw\single_speaker\wavs\common_voice_nan-tw_32198887.wav|nan_tw_01|yue|齒弓
E:\008-datasets\mcv-scripted-nan-tw-v23.0\cv-corpus-23.0-2025-09-05\nan-tw\single_speaker\wavs\common_voice_nan-tw_32198888.wav|nan_tw_01|yue|領錢片
E:\008-datasets\mcv-scripted-nan-tw-v23.0\cv-corpus-23.0-2025-09-05\nan-tw\single_speaker\wavs\common_voice_nan-tw_38069395.wav|nan_tw_01|yue|雞豆
E:\008-datasets\mcv-scripted-nan-tw-v23.0\cv-corpus-23.0-2025-09-05\nan-tw\single_speaker\wavs\common_voice_nan-tw_38069396.wav|nan_tw_01|yue|門派
E:\008-datasets\mcv-scripted-nan-tw-v23.0\cv-corpus-23.0-2025-09-05\nan-tw\single_speaker\wavs\common_voice_nan-tw_38069397.wav|nan_tw_01|yue|拍定
E:\008-datasets\mcv-scripted-nan-tw-v23.0\cv-corpus-23.0-2025-09-05\nan-tw\single_speaker\wavs\common_voice_nan-tw_38069398.wav|nan_tw_01|yue|磺溪中橋
E:\008-datasets\mcv-scripted-nan-tw-v23.0\cv-corpus-23.0-2025-09-05\nan-tw\single_speaker\wavs\common_voice_nan-tw_38069399.wav|nan_tw_01|yue|男友
E:\008-datasets\mcv-scripted-nan-tw-v23.0\cv-corpus-23.0-2025-09-05\nan-tw\single_speaker\wavs\common_voice_nan-tw_38069425.wav|nan_tw_01|yue|纏絆
E:\008-datasets\mcv-scripted-nan-tw-v23.0\cv-corpus-23.0-2025-09-05\nan-tw\single_speaker\wavs\common_voice_nan-tw_38069426.wav|nan_tw_01|yue|伊無踏我个跤，我無踏伊个頭
E:\008-datasets\mcv-scripted-nan-tw-v23.0\cv-corpus-23.0-2025-09-05\nan-tw\single_speaker\wavs\common_voice_nan-tw_38069427.wav|nan_tw_01|yue|趨枋
E:\008-datasets\mcv-scripted-nan-tw-v23.0\cv-corpus-23.0-2025-09-05\nan-tw\single_speaker\wavs\common_voice_nan-tw_38069428.wav|nan_tw_01|yue|總鋪
E:\008-datasets\mcv-scripted-nan-tw-v23.0\cv-corpus-23.0-2025-09-05\nan-tw\single_speaker\wavs\common_voice_nan-tw_38069429.wav|nan_tw_01|yue|無字天書
E:\008-datasets\mcv-scripted-nan-tw-v23.0\cv-corpus-23.0-2025-09-05\nan-tw\single_speaker\wavs\common_voice_nan-tw_38069452.wav|nan_tw_01|yue|毋捌寶
E:\008-datasets\mcv-scripted-nan-tw-v23.0\cv-corpus-23.0-2025-09-05\nan-tw\single_speaker\wavs\common_voice_nan-tw_38069453.wav|nan_tw_01|yue|胎孕糖尿病
E:\008-datasets\mcv-scripted-nan-tw-v23.0\cv-corpus-23.0-2025-09-05\nan-tw\single_speaker\wavs\common_voice_nan-tw_38069454.wav|nan_tw_01|yue|凱旋中華
E:\008-datasets\mcv-scripted-nan-tw-v23.0\cv-corpus-23.0-2025-09-05\nan-tw\single_speaker\wavs\common_voice_nan-tw_38069455.wav|nan_tw_01|yue|生髮油
E:\008-datasets\mcv-scripted-nan-tw-v23.0\cv-corpus-23.0-2025-09-05\nan-tw\single_speaker\wavs\common_voice_nan-tw_38069456.wav|nan_tw_01|yue|塗墼厝
E:\008-datasets\mcv-scripted-nan-tw-v23.0\cv-corpus-23.0-2025-09-05\nan-tw\single_speaker\wavs\common_voice_nan-tw_38069463.wav|nan_tw_01|yue|顯靈
E:\008-datasets\mcv-scripted-nan-tw-v23.0\cv-corpus-23.0-2025-09-05\nan-tw\single_speaker\wavs\common_voice_nan-tw_38069465.wav|nan_tw_01|yue|厚篱㧎
E:\008-datasets\mcv-scripted-nan-tw-v23.0\cv-corpus-23.0-2025-09-05\nan-tw\single_speaker\wavs\common_voice_nan-tw_38069466.wav|nan_tw_01|yue|釋迦佛
E:\008-datasets\mcv-scripted-nan-tw-v23.0\cv-corpus-23.0-2025-09-05\nan-tw\single_speaker\wavs\common_voice_nan-tw_38069468.wav|nan_tw_01|yue|鹽寮
E:\008-datasets\mcv-scripted-nan-tw-v23.0\cv-corpus-23.0-2025-09-05\nan-tw\single_speaker\wavs\common_voice_nan-tw_38069469.wav|nan_tw_01|yue|鄘風
E:\008-datasets\mcv-scripted-nan-tw-v23.0\cv-corpus-23.0-2025-09-05\nan-tw\single_speaker\wavs\common_voice_nan-tw_38069487.wav|nan_tw_01|yue|日久他鄉成故鄉
E:\008-datasets\mcv-scripted-nan-tw-v23.0\cv-corpus-23.0-2025-09-05\nan-tw\single_speaker\wavs\common_voice_nan-tw_38069489.wav|nan_tw_01|yue|海蔬仔
E:\008-datasets\mcv-scripted-nan-tw-v23.0\cv-corpus-23.0-2025-09-05\nan-tw\single_speaker\wavs\common_voice_nan-tw_38069491.wav|nan_tw_01|yue|水上鄉
E:\008-datasets\mcv-scripted-nan-tw-v23.0\cv-corpus-23.0-2025-09-05\nan-tw\single_speaker\wavs\common_voice_nan-tw_38069492.wav|nan_tw_01|yue|有當著仔
E:\008-datasets\mcv-scripted-nan-tw-v23.0\cv-corpus-23.0-2025-09-05\nan-tw\single_speaker\wavs\common_voice_nan-tw_38069494.wav|nan_tw_01|yue|間色
E:\008-datasets\mcv-scripted-nan-tw-v23.0\cv-corpus-23.0-2025-09-05\nan-tw\single_speaker\wavs\common_voice_nan-tw_38069517.wav|nan_tw_01|yue|鰇魚糋
E:\008-datasets\mcv-scripted-nan-tw-v23.0\cv-corpus-23.0-2025-09-05\nan-tw\single_speaker\wavs\common_voice_nan-tw_38069518.wav|nan_tw_01|yue|五級熱帶氣旋
E:\008-datasets\mcv-scripted-nan-tw-v23.0\cv-corpus-23.0-2025-09-05\nan-tw\single_speaker\wavs\common_voice_nan-tw_38069519.wav|nan_tw_01|yue|建成國中
E:\008-datasets\mcv-scripted-nan-tw-v23.0\cv-corpus-23.0-2025-09-05\nan-tw\single_speaker\wavs\common_voice_nan-tw_38069520.wav|nan_tw_01|yue|東門圓環
E:\008-datasets\mcv-scripted-nan-tw-v23.0\cv-corpus-23.0-2025-09-05\nan-tw\single_speaker\wavs\common_voice_nan-tw_38069521.wav|nan_tw_01|yue|伊?山的時陣
E:\008-datasets\mcv-scripted-nan-tw-v23.0\cv-corpus-23.0-2025-09-05\nan-tw\single_speaker\wavs\common_voice_nan-tw_38069550.wav|nan_tw_01|yue|遠端教學
E:\008-datasets\mcv-scripted-nan-tw-v23.0\cv-corpus-23.0-2025-09-05\nan-tw\single_speaker\wavs\common_voice_nan-tw_38069551.wav|nan_tw_01|yue|三叉河
E:\008-datasets\mcv-scripted-nan-tw-v23.0\cv-corpus-23.0-2025-09-05\nan-tw\single_speaker\wavs\common_voice_nan-tw_38069552.wav|nan_tw_01|yue|喙踏脫
E:\008-datasets\mcv-scripted-nan-tw-v23.0\cv-corpus-23.0-2025-09-05\nan-tw\single_speaker\wavs\common_voice_nan-tw_38069553.wav|nan_tw_01|yue|猶會使
E:\008-datasets\mcv-scripted-nan-tw-v23.0\cv-corpus-23.0-2025-09-05\nan-tw\single_speaker\wavs\common_voice_nan-tw_38069554.wav|nan_tw_01|yue|聽候鼎熱的時，愛趕緊下油落去
E:\008-datasets\mcv-scripted-nan-tw-v23.0\cv-corpus-23.0-2025-09-05\nan-tw\single_speaker\wavs\common_voice_nan-tw_38069580.wav|nan_tw_01|yue|飄送
E:\008-datasets\mcv-scripted-nan-tw-v23.0\cv-corpus-23.0-2025-09-05\nan-tw\single_speaker\wavs\common_voice_nan-tw_38069581.wav|nan_tw_01|yue|心內的歌
E:\008-datasets\mcv-scripted-nan-tw-v23.0\cv-corpus-23.0-2025-09-05\nan-tw\single_speaker\wavs\common_voice_nan-tw_38069582.wav|nan_tw_01|yue|賊
E:\008-datasets\mcv-scripted-nan-tw-v23.0\cv-corpus-23.0-2025-09-05\nan-tw\single_speaker\wavs\common_voice_nan-tw_38069583.wav|nan_tw_01|yue|烈嶼鄉
E:\008-datasets\mcv-scripted-nan-tw-v23.0\cv-corpus-23.0-2025-09-05\nan-tw\single_speaker\wavs\common_voice_nan-tw_38069584.wav|nan_tw_01|yue|後驛
E:\008-datasets\mcv-scripted-nan-tw-v23.0\cv-corpus-23.0-2025-09-05\nan-tw\single_speaker\wavs\common_voice_nan-tw_38069590.wav|nan_tw_01|yue|倒向
E:\008-datasets\mcv-scripted-nan-tw-v23.0\cv-corpus-23.0-2025-09-05\nan-tw\single_speaker\wavs\common_voice_nan-tw_38069591.wav|nan_tw_01|yue|大稻埕
E:\008-datasets\mcv-scripted-nan-tw-v23.0\cv-corpus-23.0-2025-09-05\nan-tw\single_speaker\wavs\common_voice_nan-tw_38069592.wav|nan_tw_01|yue|三弦
E:\008-datasets\mcv-scripted-nan-tw-v23.0\cv-corpus-23.0-2025-09-05\nan-tw\single_speaker\wavs\common_voice_nan-tw_38069593.wav|nan_tw_01|yue|指頭仔
E:\008-datasets\mcv-scripted-nan-tw-v23.0\cv-corpus-23.0-2025-09-05\nan-tw\single_speaker\wavs\common_voice_nan-tw_38069594.wav|nan_tw_01|yue|吼面
E:\008-datasets\mcv-scripted-nan-tw-v23.0\cv-corpus-23.0-2025-09-05\nan-tw\single_speaker\wavs\common_voice_nan-tw_38069605.wav|nan_tw_01|yue|到塊
E:\008-datasets\mcv-scripted-nan-tw-v23.0\cv-corpus-23.0-2025-09-05\nan-tw\single_speaker\wavs\common_voice_nan-tw_38069606.wav|nan_tw_01|yue|熱貫
E:\008-datasets\mcv-scripted-nan-tw-v23.0\cv-corpus-23.0-2025-09-05\nan-tw\single_speaker\wavs\common_voice_nan-tw_38069607.wav|nan_tw_01|yue|大聲的
E:\008-datasets\mcv-scripted-nan-tw-v23.0\cv-corpus-23.0-2025-09-05\nan-tw\single_speaker\wavs\common_voice_nan-tw_38069608.wav|nan_tw_01|yue|悶悶不樂
E:\008-datasets\mcv-scripted-nan-tw-v23.0\cv-corpus-23.0-2025-09-05\nan-tw\single_speaker\wavs\common_voice_nan-tw_38069609.wav|nan_tw_01|yue|男演員
E:\008-datasets\mcv-scripted-nan-tw-v23.0\cv-corpus-23.0-2025-09-05\nan-tw\single_speaker\wavs\common_voice_nan-tw_38069620.wav|nan_tw_01|yue|大鼎菜
E:\008-datasets\mcv-scripted-nan-tw-v23.0\cv-corpus-23.0-2025-09-05\nan-tw\single_speaker\wavs\common_voice_nan-tw_38069621.wav|nan_tw_01|yue|金山高中
E:\008-datasets\mcv-scripted-nan-tw-v23.0\cv-corpus-23.0-2025-09-05\nan-tw\single_speaker\wavs\common_voice_nan-tw_38069622.wav|nan_tw_01|yue|林菝仔汁
E:\008-datasets\mcv-scripted-nan-tw-v23.0\cv-corpus-23.0-2025-09-05\nan-tw\single_speaker\wavs\common_voice_nan-tw_38069623.wav|nan_tw_01|yue|阮毋是一个無感情的人
E:\008-datasets\mcv-scripted-nan-tw-v23.0\cv-corpus-23.0-2025-09-05\nan-tw\single_speaker\wavs\common_voice_nan-tw_43282968.wav|nan_tw_01|yue|鋪
E:\008-datasets\mcv-scripted-nan-tw-v23.0\cv-corpus-23.0-2025-09-05\nan-tw\single_speaker\wavs\common_voice_nan-tw_43282974.wav|nan_tw_01|yue|抓
E:\008-datasets\mcv-scripted-nan-tw-v23.0\cv-corpus-23.0-2025-09-05\nan-tw\single_speaker\wavs\common_voice_nan-tw_43282975.wav|nan_tw_01|yue|頇顢
E:\008-datasets\mcv-scripted-nan-tw-v23.0\cv-corpus-23.0-2025-09-05\nan-tw\single_speaker\wavs\common_voice_nan-tw_43282981.wav|nan_tw_01|yue|啊若
E:\008-datasets\mcv-scripted-nan-tw-v23.0\cv-corpus-23.0-2025-09-05\nan-tw\single_speaker\wavs\common_voice_nan-tw_43282990.wav|nan_tw_01|yue|喔
E:\008-datasets\mcv-scripted-nan-tw-v23.0\cv-corpus-23.0-2025-09-05\nan-tw\single_speaker\wavs\common_voice_nan-tw_43282991.wav|nan_tw_01|yue|注
E:\008-datasets\mcv-scripted-nan-tw-v23.0\cv-corpus-23.0-2025-09-05\nan-tw\single_speaker\wavs\common_voice_nan-tw_43283089.wav|nan_tw_01|yue|齊
E:\008-datasets\mcv-scripted-nan-tw-v23.0\cv-corpus-23.0-2025-09-05\nan-tw\single_speaker\wavs\common_voice_nan-tw_43283093.wav|nan_tw_01|yue|拍算
E:\008-datasets\mcv-scripted-nan-tw-v23.0\cv-corpus-23.0-2025-09-05\nan-tw\single_speaker\wavs\common_voice_nan-tw_43283105.wav|nan_tw_01|yue|快活
E:\008-datasets\mcv-scripted-nan-tw-v23.0\cv-corpus-23.0-2025-09-05\nan-tw\single_speaker\wavs\common_voice_nan-tw_43283114.wav|nan_tw_01|yue|緊
E:\008-datasets\mcv-scripted-nan-tw-v23.0\cv-corpus-23.0-2025-09-05\nan-tw\single_speaker\wavs\common_voice_nan-tw_43283122.wav|nan_tw_01|yue|到
E:\008-datasets\mcv-scripted-nan-tw-v23.0\cv-corpus-23.0-2025-09-05\nan-tw\single_speaker\wavs\common_voice_nan-tw_43283132.wav|nan_tw_01|yue|軀
E:\008-datasets\mcv-scripted-nan-tw-v23.0\cv-corpus-23.0-2025-09-05\nan-tw\single_speaker\wavs\common_voice_nan-tw_43283144.wav|nan_tw_01|yue|掀
E:\008-datasets\mcv-scripted-nan-tw-v23.0\cv-corpus-23.0-2025-09-05\nan-tw\single_speaker\wavs\common_voice_nan-tw_43283146.wav|nan_tw_01|yue|倩
E:\008-datasets\mcv-scripted-nan-tw-v23.0\cv-corpus-23.0-2025-09-05\nan-tw\single_speaker\wavs\common_voice_nan-tw_43283148.wav|nan_tw_01|yue|入
E:\008-datasets\mcv-scripted-nan-tw-v23.0\cv-corpus-23.0-2025-09-05\nan-tw\single_speaker\wavs\common_voice_nan-tw_43283164.wav|nan_tw_01|yue|烏暗
E:\008-datasets\mcv-scripted-nan-tw-v23.0\cv-corpus-23.0-2025-09-05\nan-tw\single_speaker\wavs\common_voice_nan-tw_43283169.wav|nan_tw_01|yue|生份
E:\008-datasets\mcv-scripted-nan-tw-v23.0\cv-corpus-23.0-2025-09-05\nan-tw\single_speaker\wavs\common_voice_nan-tw_43283180.wav|nan_tw_01|yue|才閣
E:\008-datasets\mcv-scripted-nan-tw-v23.0\cv-corpus-23.0-2025-09-05\nan-tw\single_speaker\wavs\common_voice_nan-tw_43283190.wav|nan_tw_01|yue|袂當
E:\008-datasets\mcv-scripted-nan-tw-v23.0\cv-corpus-23.0-2025-09-05\nan-tw\single_speaker\wavs\common_voice_nan-tw_43283192.wav|nan_tw_01|yue|斟
E:\008-datasets\mcv-scripted-nan-tw-v23.0\cv-corpus-23.0-2025-09-05\nan-tw\single_speaker\wavs\common_voice_nan-tw_43283216.wav|nan_tw_01|yue|大官
E:\008-datasets\mcv-scripted-nan-tw-v23.0\cv-corpus-23.0-2025-09-05\nan-tw\single_speaker\wavs\common_voice_nan-tw_43283234.wav|nan_tw_01|yue|爍爁
