audio_path,speaker,language,chars,jyutping,tailo_roman,original_text
E:\008-datasets\mcv-scripted-nan-tw-v23.0\cv-corpus-23.0-2025-09-05\nan-tw\single_speaker\wavs\common_voice_nan-tw_32135920.wav,nan_tw_01,yue,公館,gong1 gun2 |1 gong1 goan2,Kong-kuán | Kong-koán,公館（Kong-kuán | Kong-koán）
E:\008-datasets\mcv-scripted-nan-tw-v23.0\cv-corpus-23.0-2025-09-05\nan-tw\single_speaker\wavs\common_voice_nan-tw_32135921.wav,nan_tw_01,yue,三觀五覆,sam1 gun1 ngoo2 hok1,sam-kuan-ngóo-hok,三觀五覆 （sam-kuan-ngóo-hok）
E:\008-datasets\mcv-scripted-nan-tw-v23.0\cv-corpus-23.0-2025-09-05\nan-tw\single_speaker\wavs\common_voice_nan-tw_32135922.wav,nan_tw_01,yue,蟮蟲仔,sin1 tang4 aa2,siān-thâng-á,蟮蟲仔（siān-thâng-á）
E:\008-datasets\mcv-scripted-nan-tw-v23.0\cv-corpus-23.0-2025-09-05\nan-tw\single_speaker\wavs\common_voice_nan-tw_32135923.wav,nan_tw_01,yue,反抗期,hun2 kong3 gi4,huán-khòng-kî,反抗期（huán-khòng-kî）
E:\008-datasets\mcv-scripted-nan-tw-v23.0\cv-corpus-23.0-2025-09-05\nan-tw\single_speaker\wavs\common_voice_nan-tw_32135924.wav,nan_tw_01,yue,門掣,mng4 cuah1,mn̂g-tshuah,門掣（mn̂g-tshuah）
E:\008-datasets\mcv-scripted-nan-tw-v23.0\cv-corpus-23.0-2025-09-05\nan-tw\single_speaker\wavs\common_voice_nan-tw_32135925.wav,nan_tw_01,yue,十三股,za̍p1 sann1 goo2,Tsa̍p-sann-kóo,十三股（Tsa̍p-sann-kóo）
E:\008-datasets\mcv-scripted-nan-tw-v23.0\cv-corpus-23.0-2025-09-05\nan-tw\single_speaker\wavs\common_voice_nan-tw_32135926.wav,nan_tw_01,yue,山鼻仔,suann1 pinn1 aa2,Suann-phīnn-á,山鼻仔 （Suann-phīnn-á）
E:\008-datasets\mcv-scripted-nan-tw-v23.0\cv-corpus-23.0-2025-09-05\nan-tw\single_speaker\wavs\common_voice_nan-tw_32135927.wav,nan_tw_01,yue,腌屁,am1 beoi3,am-puì,腌屁（am-puì）
E:\008-datasets\mcv-scripted-nan-tw-v23.0\cv-corpus-23.0-2025-09-05\nan-tw\single_speaker\wavs\common_voice_nan-tw_32135928.wav,nan_tw_01,yue,密婆坑,bi̍t1 bo4 kinn1 |1 bi̍t1 bo4 kin1,Bi̍t-pô-khinn | Bi̍t-pô-khiⁿ,密婆坑（Bi̍t-pô-khinn | Bi̍t-pô-khiⁿ）
E:\008-datasets\mcv-scripted-nan-tw-v23.0\cv-corpus-23.0-2025-09-05\nan-tw\single_speaker\wavs\common_voice_nan-tw_32135929.wav,nan_tw_01,yue,警示燈,ging3 si1 ding1,kìng-sī-ting,警示燈（kìng-sī-ting）
E:\008-datasets\mcv-scripted-nan-tw-v23.0\cv-corpus-23.0-2025-09-05\nan-tw\single_speaker\wavs\common_voice_nan-tw_32135930.wav,nan_tw_01,yue,雞油龜,go1 iu4 gu1 |1 ge1 iu4 gu1 |1 gere1 iu4 gu1,kue-iû-ku | ke-iû-ku | kere-iû-ku,雞油龜（kue-iû-ku | ke-iû-ku | kere-iû-ku）
E:\008-datasets\mcv-scripted-nan-tw-v23.0\cv-corpus-23.0-2025-09-05\nan-tw\single_speaker\wavs\common_voice_nan-tw_32135931.wav,nan_tw_01,yue,想欲,siunn1 bet1 |1 siunn1 bot1,siūnn-beh | siūnn-bueh,想欲（siūnn-beh | siūnn-bueh）
E:\008-datasets\mcv-scripted-nan-tw-v23.0\cv-corpus-23.0-2025-09-05\nan-tw\single_speaker\wavs\common_voice_nan-tw_32135932.wav,nan_tw_01,yue,上愛,sung1 aai3,siōng ài,上愛 （siōng ài）
E:\008-datasets\mcv-scripted-nan-tw-v23.0\cv-corpus-23.0-2025-09-05\nan-tw\single_speaker\wavs\common_voice_nan-tw_32135933.wav,nan_tw_01,yue,無要意,bo4 iu3 i3,bô-iàu-ì,無要意（bô-iàu-ì）
E:\008-datasets\mcv-scripted-nan-tw-v23.0\cv-corpus-23.0-2025-09-05\nan-tw\single_speaker\wavs\common_voice_nan-tw_32135934.wav,nan_tw_01,yue,玉兔,gio̍k1 too3,Gio̍k-thòo,玉兔（Gio̍k-thòo）
E:\008-datasets\mcv-scripted-nan-tw-v23.0\cv-corpus-23.0-2025-09-05\nan-tw\single_speaker\wavs\common_voice_nan-tw_32135935.wav,nan_tw_01,yue,鰆魚,cun1 hi4,tshun-hî,鰆魚（tshun-hî）
E:\008-datasets\mcv-scripted-nan-tw-v23.0\cv-corpus-23.0-2025-09-05\nan-tw\single_speaker\wavs\common_voice_nan-tw_32135936.wav,nan_tw_01,yue,全班,zun4 ban1,tsuân pan,全班（tsuân pan）
E:\008-datasets\mcv-scripted-nan-tw-v23.0\cv-corpus-23.0-2025-09-05\nan-tw\single_speaker\wavs\common_voice_nan-tw_32135937.wav,nan_tw_01,yue,鉤股,gaau1 goo2,kau-kóo,鉤股（kau-kóo）
E:\008-datasets\mcv-scripted-nan-tw-v23.0\cv-corpus-23.0-2025-09-05\nan-tw\single_speaker\wavs\common_voice_nan-tw_32135938.wav,nan_tw_01,yue,魑魅魍魎,li4 meoi1 bong2 lung2,Lî-muī Bóng-lióng,魑魅魍魎（Lî-muī Bóng-lióng）
E:\008-datasets\mcv-scripted-nan-tw-v23.0\cv-corpus-23.0-2025-09-05\nan-tw\single_speaker\wavs\common_voice_nan-tw_32135939.wav,nan_tw_01,yue,囡仔仙，扮大仙,gin2 aa2 sin1 ban1 daa1 sin1,"gín-á sian, pān tuā-sian","囡仔仙，扮大仙（gín-á sian, pān tuā-sian）"
E:\008-datasets\mcv-scripted-nan-tw-v23.0\cv-corpus-23.0-2025-09-05\nan-tw\single_speaker\wavs\common_voice_nan-tw_32135940.wav,nan_tw_01,yue,銅鉎,dang4 sin1,tâng-sian,銅鉎（tâng-sian）
E:\008-datasets\mcv-scripted-nan-tw-v23.0\cv-corpus-23.0-2025-09-05\nan-tw\single_speaker\wavs\common_voice_nan-tw_32135941.wav,nan_tw_01,yue,昏頭,hun1 taau4,hun-thâu,昏頭（hun-thâu）
E:\008-datasets\mcv-scripted-nan-tw-v23.0\cv-corpus-23.0-2025-09-05\nan-tw\single_speaker\wavs\common_voice_nan-tw_32135942.wav,nan_tw_01,yue,三跤鱉,sann1 kaa1 bit1,sann-kha pih,三跤鱉 （sann-kha pih）
E:\008-datasets\mcv-scripted-nan-tw-v23.0\cv-corpus-23.0-2025-09-05\nan-tw\single_speaker\wavs\common_voice_nan-tw_32135943.wav,nan_tw_01,yue,火戛仔,ho2 kit1 aa2,hué-khiat-á,火戛仔（hué-khiat-á）
E:\008-datasets\mcv-scripted-nan-tw-v23.0\cv-corpus-23.0-2025-09-05\nan-tw\single_speaker\wavs\common_voice_nan-tw_32135944.wav,nan_tw_01,yue,筊會跋，屎嘛會食得,giu2 e1 bua̍h1 saai2 maa1 e1 zia̍h1 dit1,"kiáu ē pua̍h, sái mā-ē tsia̍h-tit","筊會跋，屎嘛會食得（kiáu ē pua̍h, sái mā-ē tsia̍h-tit）"
E:\008-datasets\mcv-scripted-nan-tw-v23.0\cv-corpus-23.0-2025-09-05\nan-tw\single_speaker\wavs\common_voice_nan-tw_32135945.wav,nan_tw_01,yue,阿里史,aa1 li2 su2,A-lí-sú,阿里史（A-lí-sú）
E:\008-datasets\mcv-scripted-nan-tw-v23.0\cv-corpus-23.0-2025-09-05\nan-tw\single_speaker\wavs\common_voice_nan-tw_32135946.wav,nan_tw_01,yue,鎮星,din3 cenn1,tìn-tshenn,鎮星（tìn-tshenn）
E:\008-datasets\mcv-scripted-nan-tw-v23.0\cv-corpus-23.0-2025-09-05\nan-tw\single_speaker\wavs\common_voice_nan-tw_32135947.wav,nan_tw_01,yue,吉林,git1 naa4,Kiat-nâ,吉林（Kiat-nâ）
E:\008-datasets\mcv-scripted-nan-tw-v23.0\cv-corpus-23.0-2025-09-05\nan-tw\single_speaker\wavs\common_voice_nan-tw_32135948.wav,nan_tw_01,yue,暗號貨幣,am3 ho1 ho3 be3,àm-hō-huè-pè,暗號貨幣（àm-hō-huè-pè）
E:\008-datasets\mcv-scripted-nan-tw-v23.0\cv-corpus-23.0-2025-09-05\nan-tw\single_speaker\wavs\common_voice_nan-tw_32135949.wav,nan_tw_01,yue,喙是風，字是蹤,ceoi3 si1 hong1 ji1 si1 zong1,"tshuì sī hong, jī sī tsong","喙是風，字是蹤（tshuì sī hong, jī sī tsong）"
E:\008-datasets\mcv-scripted-nan-tw-v23.0\cv-corpus-23.0-2025-09-05\nan-tw\single_speaker\wavs\common_voice_nan-tw_32135950.wav,nan_tw_01,yue,勻位字,un4 eoi1 ji1,ûn-uī-jī,勻位字（ûn-uī-jī）
E:\008-datasets\mcv-scripted-nan-tw-v23.0\cv-corpus-23.0-2025-09-05\nan-tw\single_speaker\wavs\common_voice_nan-tw_32135951.wav,nan_tw_01,yue,拍瀑拉族,paat1 bo̍k1 laa2 zo̍k1,Phah-po̍k-lá-tso̍k,拍瀑拉族（Phah-po̍k-lá-tso̍k）
E:\008-datasets\mcv-scripted-nan-tw-v23.0\cv-corpus-23.0-2025-09-05\nan-tw\single_speaker\wavs\common_voice_nan-tw_32135952.wav,nan_tw_01,yue,水濺仔,zeoi2 zuann1 aa2,tsuí-tsuānn-á,水濺仔（tsuí-tsuānn-á）
E:\008-datasets\mcv-scripted-nan-tw-v23.0\cv-corpus-23.0-2025-09-05\nan-tw\single_speaker\wavs\common_voice_nan-tw_32135953.wav,nan_tw_01,yue,丸仔蟲,un4 aa2 tang4,uân-á-thâng,丸仔蟲 （uân-á-thâng）
E:\008-datasets\mcv-scripted-nan-tw-v23.0\cv-corpus-23.0-2025-09-05\nan-tw\single_speaker\wavs\common_voice_nan-tw_32135954.wav,nan_tw_01,yue,一還一，二還二,zi̍t1 hun4 zi̍t1 ji1 hun4 ji1,"tsi̍t huân tsi̍t, jī huân jī","一還一，二還二 （tsi̍t huân tsi̍t, jī huân jī）"
E:\008-datasets\mcv-scripted-nan-tw-v23.0\cv-corpus-23.0-2025-09-05\nan-tw\single_speaker\wavs\common_voice_nan-tw_32135955.wav,nan_tw_01,yue,莊頂路,chng1 dang2 lo͘1,Chng-téng-lō͘,莊頂路（Chng-téng-lō͘）
E:\008-datasets\mcv-scripted-nan-tw-v23.0\cv-corpus-23.0-2025-09-05\nan-tw\single_speaker\wavs\common_voice_nan-tw_32135956.wav,nan_tw_01,yue,求神問佛,giu4 sin4 mng1 bu̍t1,kiû-sîn-mn̄g-pu̍t,求神問佛（kiû-sîn-mn̄g-pu̍t）
E:\008-datasets\mcv-scripted-nan-tw-v23.0\cv-corpus-23.0-2025-09-05\nan-tw\single_speaker\wavs\common_voice_nan-tw_32135957.wav,nan_tw_01,yue,埤仔跤,bi1 aa2 kaa1,Pi-á-kha,埤仔跤（Pi-á-kha）
E:\008-datasets\mcv-scripted-nan-tw-v23.0\cv-corpus-23.0-2025-09-05\nan-tw\single_speaker\wavs\common_voice_nan-tw_32135958.wav,nan_tw_01,yue,頂流,ding2 liu4,tíng-liû,頂流（tíng-liû）
E:\008-datasets\mcv-scripted-nan-tw-v23.0\cv-corpus-23.0-2025-09-05\nan-tw\single_speaker\wavs\common_voice_nan-tw_32135959.wav,nan_tw_01,yue,聖潔石,sing3 git1 si̍k1,Sìng-kiat-si̍k,聖潔石（Sìng-kiat-si̍k）
E:\008-datasets\mcv-scripted-nan-tw-v23.0\cv-corpus-23.0-2025-09-05\nan-tw\single_speaker\wavs\common_voice_nan-tw_32135960.wav,nan_tw_01,yue,衝紅燈,cung1 ang4 ding1,tshiong-âng-ting,衝紅燈（tshiong-âng-ting）
E:\008-datasets\mcv-scripted-nan-tw-v23.0\cv-corpus-23.0-2025-09-05\nan-tw\single_speaker\wavs\common_voice_nan-tw_32135961.wav,nan_tw_01,yue,太上老君,taai3 sung1 lo2 gun1,thài siōng ló kun,太上老君（thài siōng ló kun）
E:\008-datasets\mcv-scripted-nan-tw-v23.0\cv-corpus-23.0-2025-09-05\nan-tw\single_speaker\wavs\common_voice_nan-tw_32135962.wav,nan_tw_01,yue,富陽生態公園,hu3 ung4 sing1 taai3 gong1 hng4,Hù-iông Sing-thài Kong-hn̂g,富陽生態公園（Hù-iông Sing-thài Kong-hn̂g）
E:\008-datasets\mcv-scripted-nan-tw-v23.0\cv-corpus-23.0-2025-09-05\nan-tw\single_speaker\wavs\common_voice_nan-tw_32135963.wav,nan_tw_01,yue,細喙壺,so3 ceoi3 oo4 |1 se3 ceoi3 oo4,suè-tshuì-ôo | sè-tshuì-ôo,細喙壺（suè-tshuì-ôo | sè-tshuì-ôo）
E:\008-datasets\mcv-scripted-nan-tw-v23.0\cv-corpus-23.0-2025-09-05\nan-tw\single_speaker\wavs\common_voice_nan-tw_32135964.wav,nan_tw_01,yue,金華公園,gim1 haa4 gong1 hng4,Kim-huâ Kong-hn̂g,金華公園（Kim-huâ Kong-hn̂g）
E:\008-datasets\mcv-scripted-nan-tw-v23.0\cv-corpus-23.0-2025-09-05\nan-tw\single_speaker\wavs\common_voice_nan-tw_32135975.wav,nan_tw_01,yue,栗美國,la̍t1 bi2 gok1,La̍t-bí-kok,栗美國（La̍t-bí-kok）
E:\008-datasets\mcv-scripted-nan-tw-v23.0\cv-corpus-23.0-2025-09-05\nan-tw\single_speaker\wavs\common_voice_nan-tw_32135976.wav,nan_tw_01,yue,山牛犅,suann1 gu4 gang2,suann-gû-káng,山牛犅（suann-gû-káng）
E:\008-datasets\mcv-scripted-nan-tw-v23.0\cv-corpus-23.0-2025-09-05\nan-tw\single_speaker\wavs\common_voice_nan-tw_32135977.wav,nan_tw_01,yue,滅火,bia̍t1 ho2 |1 bia̍t1 he2,bia̍t-hué | bia̍t-hé,滅火（bia̍t-hué | bia̍t-hé）
E:\008-datasets\mcv-scripted-nan-tw-v23.0\cv-corpus-23.0-2025-09-05\nan-tw\single_speaker\wavs\common_voice_nan-tw_32135978.wav,nan_tw_01,yue,十指迵心肝,za̍p1 zainn2 tang3 sim1 guann1,tsa̍p-tsáinn thàng sim-kuann,十指迵心肝 （tsa̍p-tsáinn thàng sim-kuann）
E:\008-datasets\mcv-scripted-nan-tw-v23.0\cv-corpus-23.0-2025-09-05\nan-tw\single_speaker\wavs\common_voice_nan-tw_32135979.wav,nan_tw_01,yue,名號表嘛咧欲用了,me4 ho1 biu2 maa1 let1 bet1 ing1 liu2,miâ-hō-piáu mā leh beh īng-liáu,名號表嘛咧欲用了（miâ-hō-piáu mā leh beh īng-liáu）
E:\008-datasets\mcv-scripted-nan-tw-v23.0\cv-corpus-23.0-2025-09-05\nan-tw\single_speaker\wavs\common_voice_nan-tw_32135980.wav,nan_tw_01,yue,查某囝飼大別人个,zaa1 boo2 giann2 ci1 daa1 ba̍t1 lang4 e4,tsa-bóo-kiánn tshī-tuā pa̍t-lâng ê,查某囝飼大別人个（tsa-bóo-kiánn tshī-tuā pa̍t-lâng ê）
E:\008-datasets\mcv-scripted-nan-tw-v23.0\cv-corpus-23.0-2025-09-05\nan-tw\single_speaker\wavs\common_voice_nan-tw_32135981.wav,nan_tw_01,yue,台北,daai4 bak1,Tâi-pak,台北（Tâi-pak）
E:\008-datasets\mcv-scripted-nan-tw-v23.0\cv-corpus-23.0-2025-09-05\nan-tw\single_speaker\wavs\common_voice_nan-tw_32135982.wav,nan_tw_01,yue,戇虎咬炮紙,gong1 hoo2 gaa1 paau3 zaa2,gōng-hóo kā phàu-tsuá,戇虎咬炮紙（gōng-hóo kā phàu-tsuá）
E:\008-datasets\mcv-scripted-nan-tw-v23.0\cv-corpus-23.0-2025-09-05\nan-tw\single_speaker\wavs\common_voice_nan-tw_32135983.wav,nan_tw_01,yue,藉著,zioh1 dio̍h1,tsioh-tio̍h,藉著（tsioh-tio̍h）
E:\008-datasets\mcv-scripted-nan-tw-v23.0\cv-corpus-23.0-2025-09-05\nan-tw\single_speaker\wavs\common_voice_nan-tw_32135984.wav,nan_tw_01,yue,涼腔仔話,loeng4 koeng1 aa2 o1,liâng-khiang-á-uē,涼腔仔話（liâng-khiang-á-uē）
E:\008-datasets\mcv-scripted-nan-tw-v23.0\cv-corpus-23.0-2025-09-05\nan-tw\single_speaker\wavs\common_voice_nan-tw_32135985.wav,nan_tw_01,yue,登山客,ding1 san1 ket1,ting-san-kheh,登山客（ting-san-kheh）
E:\008-datasets\mcv-scripted-nan-tw-v23.0\cv-corpus-23.0-2025-09-05\nan-tw\single_speaker\wavs\common_voice_nan-tw_32135986.wav,nan_tw_01,yue,阿本仔,aa1 bun2 aa2,A-pún-á,阿本仔（A-pún-á）
E:\008-datasets\mcv-scripted-nan-tw-v23.0\cv-corpus-23.0-2025-09-05\nan-tw\single_speaker\wavs\common_voice_nan-tw_32135987.wav,nan_tw_01,yue,頭銜,taau4 ham4,thâu-hâm,頭銜（thâu-hâm）
E:\008-datasets\mcv-scripted-nan-tw-v23.0\cv-corpus-23.0-2025-09-05\nan-tw\single_speaker\wavs\common_voice_nan-tw_32135988.wav,nan_tw_01,yue,伊已經倒轉去下港矣,i1 i2 ging1 do3 dng2 ki3 e1 gang2 aat1,I í-king tò-tńg-khì ē-káng--ah,伊已經倒轉去下港矣（I í-king tò-tńg-khì ē-káng--ah）
E:\008-datasets\mcv-scripted-nan-tw-v23.0\cv-corpus-23.0-2025-09-05\nan-tw\single_speaker\wavs\common_voice_nan-tw_32135989.wav,nan_tw_01,yue,欠貨,kim3 ho3,khiàm-huè,欠貨（khiàm-huè）
E:\008-datasets\mcv-scripted-nan-tw-v23.0\cv-corpus-23.0-2025-09-05\nan-tw\single_speaker\wavs\common_voice_nan-tw_32135990.wav,nan_tw_01,yue,千甲,cin1 gaat1 |1 chhin1 gaat1,Tshian-kah | Chhian-kah,千甲（Tshian-kah | Chhian-kah）
E:\008-datasets\mcv-scripted-nan-tw-v23.0\cv-corpus-23.0-2025-09-05\nan-tw\single_speaker\wavs\common_voice_nan-tw_32135991.wav,nan_tw_01,yue,在你行,zaai1 li2 giann4,tsāi-lí-kiânn,在你行（tsāi-lí-kiânn）
E:\008-datasets\mcv-scripted-nan-tw-v23.0\cv-corpus-23.0-2025-09-05\nan-tw\single_speaker\wavs\common_voice_nan-tw_32135992.wav,nan_tw_01,yue,傳病蠓,tun4 benn1 bang2 |1 tun4 binn1 bang2,thuân-pēnn-báng | thuân-pīnn-báng,傳病蠓（thuân-pēnn-báng | thuân-pīnn-báng）
E:\008-datasets\mcv-scripted-nan-tw-v23.0\cv-corpus-23.0-2025-09-05\nan-tw\single_speaker\wavs\common_voice_nan-tw_32135993.wav,nan_tw_01,yue,孤?的,goo1 ku̍t1 e4,koo-khu̍t-ê,孤?的（koo-khu̍t-ê）
E:\008-datasets\mcv-scripted-nan-tw-v23.0\cv-corpus-23.0-2025-09-05\nan-tw\single_speaker\wavs\common_voice_nan-tw_32135994.wav,nan_tw_01,yue,雞翼,ge1 si̍t1 |1 go1 si̍t1,ke-si̍t | kue-si̍t,雞翼（ke-si̍t | kue-si̍t）
E:\008-datasets\mcv-scripted-nan-tw-v23.0\cv-corpus-23.0-2025-09-05\nan-tw\single_speaker\wavs\common_voice_nan-tw_32135995.wav,nan_tw_01,yue,跩折,zaai1 zi̍h1 |1 zuainn1 zi̍h1,tsuāi--tsi̍h | tsuāinn--tsi̍h,跩折（tsuāi--tsi̍h | tsuāinn--tsi̍h）
E:\008-datasets\mcv-scripted-nan-tw-v23.0\cv-corpus-23.0-2025-09-05\nan-tw\single_speaker\wavs\common_voice_nan-tw_32135996.wav,nan_tw_01,yue,撨價數,ciu4 ge3 siu3,tshiâu-kè-siàu,撨價數（tshiâu-kè-siàu）
E:\008-datasets\mcv-scripted-nan-tw-v23.0\cv-corpus-23.0-2025-09-05\nan-tw\single_speaker\wavs\common_voice_nan-tw_32135997.wav,nan_tw_01,yue,白耳龍,be̍h1 hinn1 lung4,Pe̍h-hīnn-liông,白耳龍（Pe̍h-hīnn-liông）
E:\008-datasets\mcv-scripted-nan-tw-v23.0\cv-corpus-23.0-2025-09-05\nan-tw\single_speaker\wavs\common_voice_nan-tw_32135998.wav,nan_tw_01,yue,二酸化炭素,li1 sng1 haa3 tuann3 soo3,lī-sng-huà thuànn-sòo,二酸化炭素 （lī-sng-huà thuànn-sòo）
E:\008-datasets\mcv-scripted-nan-tw-v23.0\cv-corpus-23.0-2025-09-05\nan-tw\single_speaker\wavs\common_voice_nan-tw_32135999.wav,nan_tw_01,yue,縉雲,zin3 hun4,Tsìn-hûn,縉雲（Tsìn-hûn）
E:\008-datasets\mcv-scripted-nan-tw-v23.0\cv-corpus-23.0-2025-09-05\nan-tw\single_speaker\wavs\common_voice_nan-tw_32136000.wav,nan_tw_01,yue,獅仔鄉,saai1 aa2 hung1,Sai-á-hiong,獅仔鄉（Sai-á-hiong）
E:\008-datasets\mcv-scripted-nan-tw-v23.0\cv-corpus-23.0-2025-09-05\nan-tw\single_speaker\wavs\common_voice_nan-tw_32136001.wav,nan_tw_01,yue,山院,suann1 inn1,suann-īnn,山院 （suann-īnn）
E:\008-datasets\mcv-scripted-nan-tw-v23.0\cv-corpus-23.0-2025-09-05\nan-tw\single_speaker\wavs\common_voice_nan-tw_32136002.wav,nan_tw_01,yue,佮肩胛頭平闊,gaat1 ging1 gaat1 taau4 benn4 |1 binn4 kuah1,kah king-kah-thâu pênn | pînn khuah,佮肩胛頭平闊（kah king-kah-thâu pênn | pînn khuah）
E:\008-datasets\mcv-scripted-nan-tw-v23.0\cv-corpus-23.0-2025-09-05\nan-tw\single_speaker\wavs\common_voice_nan-tw_32136003.wav,nan_tw_01,yue,咖啡園,gaa1 bi1 hng4,Ka-pi-hn̂g,咖啡園（Ka-pi-hn̂g）
E:\008-datasets\mcv-scripted-nan-tw-v23.0\cv-corpus-23.0-2025-09-05\nan-tw\single_speaker\wavs\common_voice_nan-tw_32136064.wav,nan_tw_01,yue,怙,goo1,kōo,怙（kōo）
E:\008-datasets\mcv-scripted-nan-tw-v23.0\cv-corpus-23.0-2025-09-05\nan-tw\single_speaker\wavs\common_voice_nan-tw_32136065.wav,nan_tw_01,yue,輸贏,su1 iann4,su-iânn,輸贏（su-iânn）
E:\008-datasets\mcv-scripted-nan-tw-v23.0\cv-corpus-23.0-2025-09-05\nan-tw\single_speaker\wavs\common_voice_nan-tw_32136066.wav,nan_tw_01,yue,孔教,kong2 gaau3,Khóng-kàu,孔教（Khóng-kàu）
E:\008-datasets\mcv-scripted-nan-tw-v23.0\cv-corpus-23.0-2025-09-05\nan-tw\single_speaker\wavs\common_voice_nan-tw_32136067.wav,nan_tw_01,yue,透明片,taau3 bing4 pinn3,thàu-bîng-phìnn,透明片（thàu-bîng-phìnn）
E:\008-datasets\mcv-scripted-nan-tw-v23.0\cv-corpus-23.0-2025-09-05\nan-tw\single_speaker\wavs\common_voice_nan-tw_32136068.wav,nan_tw_01,yue,花白sut-sut,ho1 be̍h1 sut1 sut1,hue pe̍h-sut-sut,花白sut-sut（hue pe̍h-sut-sut）
E:\008-datasets\mcv-scripted-nan-tw-v23.0\cv-corpus-23.0-2025-09-05\nan-tw\single_speaker\wavs\common_voice_nan-tw_32136465.wav,nan_tw_01,yue,歹面相看,painn2 bin1 soe1 kuann3,pháinn-bīn-sio-khuànn,歹面相看（pháinn-bīn-sio-khuànn）
E:\008-datasets\mcv-scripted-nan-tw-v23.0\cv-corpus-23.0-2025-09-05\nan-tw\single_speaker\wavs\common_voice_nan-tw_32136466.wav,nan_tw_01,yue,鳳山區,hong1 suann1 ku1,Hōng-suann-khu,鳳山區（Hōng-suann-khu）
E:\008-datasets\mcv-scripted-nan-tw-v23.0\cv-corpus-23.0-2025-09-05\nan-tw\single_speaker\wavs\common_voice_nan-tw_32136467.wav,nan_tw_01,yue,番鼠,hun1 ci2,huan-tshí,番鼠（huan-tshí）
E:\008-datasets\mcv-scripted-nan-tw-v23.0\cv-corpus-23.0-2025-09-05\nan-tw\single_speaker\wavs\common_voice_nan-tw_32136468.wav,nan_tw_01,yue,囡仔人，大人心肝,gin2 aa2 lang4 daa1 lang4 sim1 guann1,"gín-á-lâng, tuā-lâng sim-kuann","囡仔人，大人心肝（gín-á-lâng, tuā-lâng sim-kuann）"
E:\008-datasets\mcv-scripted-nan-tw-v23.0\cv-corpus-23.0-2025-09-05\nan-tw\single_speaker\wavs\common_voice_nan-tw_32136469.wav,nan_tw_01,yue,頭綴,taau4 do3,thâu-tuè,頭綴（thâu-tuè）
E:\008-datasets\mcv-scripted-nan-tw-v23.0\cv-corpus-23.0-2025-09-05\nan-tw\single_speaker\wavs\common_voice_nan-tw_32136470.wav,nan_tw_01,yue,相駛,sann1 saai2,sann-sái,相駛（sann-sái）
E:\008-datasets\mcv-scripted-nan-tw-v23.0\cv-corpus-23.0-2025-09-05\nan-tw\single_speaker\wavs\common_voice_nan-tw_32136471.wav,nan_tw_01,yue,偷微,taau1 bi4,thau-bî,偷微（thau-bî）
E:\008-datasets\mcv-scripted-nan-tw-v23.0\cv-corpus-23.0-2025-09-05\nan-tw\single_speaker\wavs\common_voice_nan-tw_32136472.wav,nan_tw_01,yue,袂假會,be1 ge2 e1,bē ké ē,袂假會（bē ké ē）
E:\008-datasets\mcv-scripted-nan-tw-v23.0\cv-corpus-23.0-2025-09-05\nan-tw\single_speaker\wavs\common_voice_nan-tw_32136473.wav,nan_tw_01,yue,頷頸,am1 gun2,ām-kún,頷頸（ām-kún）
E:\008-datasets\mcv-scripted-nan-tw-v23.0\cv-corpus-23.0-2025-09-05\nan-tw\single_speaker\wavs\common_voice_nan-tw_32136474.wav,nan_tw_01,yue,報路,bo3 loo1,pò-lōo,報路（pò-lōo）
E:\008-datasets\mcv-scripted-nan-tw-v23.0\cv-corpus-23.0-2025-09-05\nan-tw\single_speaker\wavs\common_voice_nan-tw_32136480.wav,nan_tw_01,yue,新園鄉,sin1 hng4 hung1,Sin-hn̂g-hiong,新園鄉（Sin-hn̂g-hiong）
E:\008-datasets\mcv-scripted-nan-tw-v23.0\cv-corpus-23.0-2025-09-05\nan-tw\single_speaker\wavs\common_voice_nan-tw_32136481.wav,nan_tw_01,yue,目降鬚聳,ba̍k1 gang1 ciu1 cang3,ba̍k-kang tshiu tshàng,目降鬚聳（ba̍k-kang tshiu tshàng）
E:\008-datasets\mcv-scripted-nan-tw-v23.0\cv-corpus-23.0-2025-09-05\nan-tw\single_speaker\wavs\common_voice_nan-tw_32136482.wav,nan_tw_01,yue,鳳山區,hong1 suann1 ku1 |1 hong1 soa1 ku1,Hōng-suann-khu | Hōng-soaⁿ-khu,鳳山區（Hōng-suann-khu | Hōng-soaⁿ-khu）
E:\008-datasets\mcv-scripted-nan-tw-v23.0\cv-corpus-23.0-2025-09-05\nan-tw\single_speaker\wavs\common_voice_nan-tw_32136483.wav,nan_tw_01,yue,予人看現現,hoo1 lang4 kuann3 hin1 hin1,hōo lâng khuànn-hiān-hiān,予人看現現（hōo lâng khuànn-hiān-hiān）
E:\008-datasets\mcv-scripted-nan-tw-v23.0\cv-corpus-23.0-2025-09-05\nan-tw\single_speaker\wavs\common_voice_nan-tw_32136484.wav,nan_tw_01,yue,仁愛國小,jin4 aai3 gok1 soe2,Jîn-ài Kok-sió,仁愛國小（Jîn-ài Kok-sió）
E:\008-datasets\mcv-scripted-nan-tw-v23.0\cv-corpus-23.0-2025-09-05\nan-tw\single_speaker\wavs\common_voice_nan-tw_32136485.wav,nan_tw_01,yue,華山公園,haa4 san1 gong1 hng4 |1 hoa4 san1 gong1 hng4,Huâ-san Kong-hn̂g | Hôa-san Kong-hn̂g,華山公園（Huâ-san Kong-hn̂g | Hôa-san Kong-hn̂g）
E:\008-datasets\mcv-scripted-nan-tw-v23.0\cv-corpus-23.0-2025-09-05\nan-tw\single_speaker\wavs\common_voice_nan-tw_32136486.wav,nan_tw_01,yue,無定著彼件代誌就是伊做的,bo4 diann1 dio̍h1 hit1 giann1 daai1 zi3 do1 si1 i1 zo3 e4,Bô-tiānn-tio̍h hit kiānn tāi-tsì tō sī i tsò--ê,無定著彼件代誌就是伊做的（Bô-tiānn-tio̍h hit kiānn tāi-tsì tō sī i tsò--ê）
E:\008-datasets\mcv-scripted-nan-tw-v23.0\cv-corpus-23.0-2025-09-05\nan-tw\single_speaker\wavs\common_voice_nan-tw_32136487.wav,nan_tw_01,yue,游泳箍仔,iu4 ing2 koo1 aa2,iû-íng-khoo-á,游泳箍仔（iû-íng-khoo-á）
E:\008-datasets\mcv-scripted-nan-tw-v23.0\cv-corpus-23.0-2025-09-05\nan-tw\single_speaker\wavs\common_voice_nan-tw_32136488.wav,nan_tw_01,yue,后里區,aau1 li2 ku1,Āu-lí-khu,后里區（Āu-lí-khu）
E:\008-datasets\mcv-scripted-nan-tw-v23.0\cv-corpus-23.0-2025-09-05\nan-tw\single_speaker\wavs\common_voice_nan-tw_32136490.wav,nan_tw_01,yue,魚嶺,hi4 ne2,hî-niá,魚嶺（hî-niá）
E:\008-datasets\mcv-scripted-nan-tw-v23.0\cv-corpus-23.0-2025-09-05\nan-tw\single_speaker\wavs\common_voice_nan-tw_32136495.wav,nan_tw_01,yue,後尾仔,aau1 bo2 aa2,āu-bué-á,後尾仔（āu-bué-á）
E:\008-datasets\mcv-scripted-nan-tw-v23.0\cv-corpus-23.0-2025-09-05\nan-tw\single_speaker\wavs\common_voice_nan-tw_32136496.wav,nan_tw_01,yue,碧藍幻想,pik1 naa4 hun3 sung2,Phik-nâ-huàn-sióng,碧藍幻想（Phik-nâ-huàn-sióng）
E:\008-datasets\mcv-scripted-nan-tw-v23.0\cv-corpus-23.0-2025-09-05\nan-tw\single_speaker\wavs\common_voice_nan-tw_32136497.wav,nan_tw_01,yue,自樂岫,zu1 lo̍k1 siu1,tsū-lo̍k-siū,自樂岫（tsū-lo̍k-siū）
E:\008-datasets\mcv-scripted-nan-tw-v23.0\cv-corpus-23.0-2025-09-05\nan-tw\single_speaker\wavs\common_voice_nan-tw_32136498.wav,nan_tw_01,yue,蔭酒,im3 ziu2,ìm-tsiú,蔭酒（ìm-tsiú）
E:\008-datasets\mcv-scripted-nan-tw-v23.0\cv-corpus-23.0-2025-09-05\nan-tw\single_speaker\wavs\common_voice_nan-tw_32136499.wav,nan_tw_01,yue,一碗飯來分我好無？,zi̍t1 uann2 bng1 laai4 bun1 gaa2 ho2 bo4,Tsi̍t uánn pn̄g lâi pun--guá hó--bô?,一碗飯來分我好無？（Tsi̍t uánn pn̄g lâi pun--guá hó--bô?）
E:\008-datasets\mcv-scripted-nan-tw-v23.0\cv-corpus-23.0-2025-09-05\nan-tw\single_speaker\wavs\common_voice_nan-tw_32136505.wav,nan_tw_01,yue,食較䆀,zia̍h1 kaat1 baai2,tsia̍h khah bái,食較䆀（tsia̍h khah bái）
E:\008-datasets\mcv-scripted-nan-tw-v23.0\cv-corpus-23.0-2025-09-05\nan-tw\single_speaker\wavs\common_voice_nan-tw_32136506.wav,nan_tw_01,yue,溝仔,gaau1 aa2,kau-á,溝仔（kau-á）
E:\008-datasets\mcv-scripted-nan-tw-v23.0\cv-corpus-23.0-2025-09-05\nan-tw\single_speaker\wavs\common_voice_nan-tw_32136507.wav,nan_tw_01,yue,有心，無氣力,u1 sim1 bo4 keoi3 la̍t1,"ū-sim, bô khuì-la̍t","有心，無氣力（ū-sim, bô khuì-la̍t）"
E:\008-datasets\mcv-scripted-nan-tw-v23.0\cv-corpus-23.0-2025-09-05\nan-tw\single_speaker\wavs\common_voice_nan-tw_32136508.wav,nan_tw_01,yue,臺北大巨蛋,daai4 bak1 daa1 gi1 dan3 |1 daai4 bak1 daa1 gu1 dan3,Tâi-pak Tuā-kī-tàn | Tâi pak Tuā-kū-tàn,臺北大巨蛋（Tâi-pak Tuā-kī-tàn | Tâi pak Tuā-kū-tàn）
E:\008-datasets\mcv-scripted-nan-tw-v23.0\cv-corpus-23.0-2025-09-05\nan-tw\single_speaker\wavs\common_voice_nan-tw_32136509.wav,nan_tw_01,yue,網紗,bang1 se1,bāng-se,網紗（bāng-se）
E:\008-datasets\mcv-scripted-nan-tw-v23.0\cv-corpus-23.0-2025-09-05\nan-tw\single_speaker\wavs\common_voice_nan-tw_32136515.wav,nan_tw_01,yue,市立體育場,ci1 li̍p1 te2 io̍k1 gun2,Tshī-li̍p Thé-io̍k-kuán,市立體育場（Tshī-li̍p Thé-io̍k-kuán）
E:\008-datasets\mcv-scripted-nan-tw-v23.0\cv-corpus-23.0-2025-09-05\nan-tw\single_speaker\wavs\common_voice_nan-tw_32136516.wav,nan_tw_01,yue,松柏樹,cing4 bet1 ciu1,tshîng-peh-tshiū,松柏樹（tshîng-peh-tshiū）
E:\008-datasets\mcv-scripted-nan-tw-v23.0\cv-corpus-23.0-2025-09-05\nan-tw\single_speaker\wavs\common_voice_nan-tw_32136517.wav,nan_tw_01,yue,爸母生成,be1 bo2 senn1 ziann4,pē-bó senn-tsiânn,爸母生成（pē-bó senn-tsiânn）
E:\008-datasets\mcv-scripted-nan-tw-v23.0\cv-corpus-23.0-2025-09-05\nan-tw\single_speaker\wavs\common_voice_nan-tw_32136518.wav,nan_tw_01,yue,一手包辦,zi̍t1 ciu2 baau1 ban1,tsi̍t-tshiú pau-pān,一手包辦 （tsi̍t-tshiú pau-pān）
E:\008-datasets\mcv-scripted-nan-tw-v23.0\cv-corpus-23.0-2025-09-05\nan-tw\single_speaker\wavs\common_voice_nan-tw_32136519.wav,nan_tw_01,yue,頂頂下下,ding2 ding2 e1 e1,tíng-tíng-ē-ē,頂頂下下（tíng-tíng-ē-ē）
E:\008-datasets\mcv-scripted-nan-tw-v23.0\cv-corpus-23.0-2025-09-05\nan-tw\single_speaker\wavs\common_voice_nan-tw_32136520.wav,nan_tw_01,yue,五結鄉,goo1 git1 hung1,Gōo-kiat-hiong,五結鄉（Gōo-kiat-hiong）
E:\008-datasets\mcv-scripted-nan-tw-v23.0\cv-corpus-23.0-2025-09-05\nan-tw\single_speaker\wavs\common_voice_nan-tw_32136521.wav,nan_tw_01,yue,山坪,suann1 piann4,suann-phiânn,山坪 （suann-phiânn）
E:\008-datasets\mcv-scripted-nan-tw-v23.0\cv-corpus-23.0-2025-09-05\nan-tw\single_speaker\wavs\common_voice_nan-tw_32136522.wav,nan_tw_01,yue,臭柑吐籠,caau3 gam1 too3 lang2,tshàu-kam thòo-láng,臭柑吐籠（tshàu-kam thòo-láng）
E:\008-datasets\mcv-scripted-nan-tw-v23.0\cv-corpus-23.0-2025-09-05\nan-tw\single_speaker\wavs\common_voice_nan-tw_32136523.wav,nan_tw_01,yue,松山路,sung4 san1 loo1,Siông-san-lōo,松山路（Siông-san-lōo）
E:\008-datasets\mcv-scripted-nan-tw-v23.0\cv-corpus-23.0-2025-09-05\nan-tw\single_speaker\wavs\common_voice_nan-tw_32136524.wav,nan_tw_01,yue,字卡,ji1 kaat1,jī-khah,字卡（jī-khah）
E:\008-datasets\mcv-scripted-nan-tw-v23.0\cv-corpus-23.0-2025-09-05\nan-tw\single_speaker\wavs\common_voice_nan-tw_32136525.wav,nan_tw_01,yue,落水頭,lo̍h1 zeoi2 taau4,lo̍h-tsuí-thâu,落水頭（lo̍h-tsuí-thâu）
E:\008-datasets\mcv-scripted-nan-tw-v23.0\cv-corpus-23.0-2025-09-05\nan-tw\single_speaker\wavs\common_voice_nan-tw_32136526.wav,nan_tw_01,yue,二八張,ji1 bet1 diunn1 |1 ji1 bet1 diun1,Jī-peh-tiunn | Jī-peh-tiuⁿ,二八張（Jī-peh-tiunn | Jī-peh-tiuⁿ）
E:\008-datasets\mcv-scripted-nan-tw-v23.0\cv-corpus-23.0-2025-09-05\nan-tw\single_speaker\wavs\common_voice_nan-tw_32136527.wav,nan_tw_01,yue,山里,san1 li2,San-lí,山里（San-lí）
E:\008-datasets\mcv-scripted-nan-tw-v23.0\cv-corpus-23.0-2025-09-05\nan-tw\single_speaker\wavs\common_voice_nan-tw_32136528.wav,nan_tw_01,yue,隘寮坑,aai3 liu4 kinn1,Ài-liâu-khinn,隘寮坑（Ài-liâu-khinn）
E:\008-datasets\mcv-scripted-nan-tw-v23.0\cv-corpus-23.0-2025-09-05\nan-tw\single_speaker\wavs\common_voice_nan-tw_32136529.wav,nan_tw_01,yue,腎盂,sin1 u4,sīn-û,腎盂（sīn-û）
E:\008-datasets\mcv-scripted-nan-tw-v23.0\cv-corpus-23.0-2025-09-05\nan-tw\single_speaker\wavs\common_voice_nan-tw_32136530.wav,nan_tw_01,yue,竹坑口,dik1 kinn1 kaau2,Tik-khinn-kháu,竹坑口（Tik-khinn-kháu）
E:\008-datasets\mcv-scripted-nan-tw-v23.0\cv-corpus-23.0-2025-09-05\nan-tw\single_speaker\wavs\common_voice_nan-tw_32136531.wav,nan_tw_01,yue,赤跤仙仔,ciah1 kaa1 sin1 aa2,tshiah-kha-sian-á,赤跤仙仔（tshiah-kha-sian-á）
E:\008-datasets\mcv-scripted-nan-tw-v23.0\cv-corpus-23.0-2025-09-05\nan-tw\single_speaker\wavs\common_voice_nan-tw_32136532.wav,nan_tw_01,yue,飽流,baa2 laau4,pá-lâu,飽流（pá-lâu）
E:\008-datasets\mcv-scripted-nan-tw-v23.0\cv-corpus-23.0-2025-09-05\nan-tw\single_speaker\wavs\common_voice_nan-tw_32136533.wav,nan_tw_01,yue,深山林內,cim1 suann1 naa4 laai1,tshim-suann nâ-lāi,深山林內（tshim-suann nâ-lāi）
E:\008-datasets\mcv-scripted-nan-tw-v23.0\cv-corpus-23.0-2025-09-05\nan-tw\single_speaker\wavs\common_voice_nan-tw_32136534.wav,nan_tw_01,yue,吳興街,ngoo4 hing1 ge1,Ngôo-hing-ke,吳興街（Ngôo-hing-ke）
E:\008-datasets\mcv-scripted-nan-tw-v23.0\cv-corpus-23.0-2025-09-05\nan-tw\single_speaker\wavs\common_voice_nan-tw_32136535.wav,nan_tw_01,yue,扯,ce2,tshé,扯（tshé）
E:\008-datasets\mcv-scripted-nan-tw-v23.0\cv-corpus-23.0-2025-09-05\nan-tw\single_speaker\wavs\common_voice_nan-tw_32136536.wav,nan_tw_01,yue,岐山,ge4 suann1,Kiâ-suann,岐山（Kiâ-suann）
E:\008-datasets\mcv-scripted-nan-tw-v23.0\cv-corpus-23.0-2025-09-05\nan-tw\single_speaker\wavs\common_voice_nan-tw_32136537.wav,nan_tw_01,yue,餘姚,u4 iu4,Û-iâu,餘姚（Û-iâu）
E:\008-datasets\mcv-scripted-nan-tw-v23.0\cv-corpus-23.0-2025-09-05\nan-tw\single_speaker\wavs\common_voice_nan-tw_32136538.wav,nan_tw_01,yue,隔腹阿姊,get1 bak1 aa1 zi2,keh-pak a-tsí,隔腹阿姊（keh-pak a-tsí）
E:\008-datasets\mcv-scripted-nan-tw-v23.0\cv-corpus-23.0-2025-09-05\nan-tw\single_speaker\wavs\common_voice_nan-tw_32136539.wav,nan_tw_01,yue,塗角厝,too4 gak1 cu3,thôo-kak-tshù,塗角厝（thôo-kak-tshù）
E:\008-datasets\mcv-scripted-nan-tw-v23.0\cv-corpus-23.0-2025-09-05\nan-tw\single_speaker\wavs\common_voice_nan-tw_32136540.wav,nan_tw_01,yue,你去共門開開,li2 ki3 gaa1 mng4 keoi1 keoi1,Lí khì kā mn̂g khui--khui,你去共門開開（Lí khì kā mn̂g khui--khui）
E:\008-datasets\mcv-scripted-nan-tw-v23.0\cv-corpus-23.0-2025-09-05\nan-tw\single_speaker\wavs\common_voice_nan-tw_32136541.wav,nan_tw_01,yue,馬卡龍,be2 ka̍h1 lung4,bé-kha̍h-liông,馬卡龍（bé-kha̍h-liông）
E:\008-datasets\mcv-scripted-nan-tw-v23.0\cv-corpus-23.0-2025-09-05\nan-tw\single_speaker\wavs\common_voice_nan-tw_32136542.wav,nan_tw_01,yue,國民黨,gok1 bin4 dong2,Kok-bîn-tóng,國民黨（Kok-bîn-tóng）
E:\008-datasets\mcv-scripted-nan-tw-v23.0\cv-corpus-23.0-2025-09-05\nan-tw\single_speaker\wavs\common_voice_nan-tw_32136543.wav,nan_tw_01,yue,報鳥鼠冤,bo3 niu2 ci2 |1 cu2 aa2 un1,pò niáu-tshí | tshú-á-uan,報鳥鼠冤（pò niáu-tshí | tshú-á-uan）
E:\008-datasets\mcv-scripted-nan-tw-v23.0\cv-corpus-23.0-2025-09-05\nan-tw\single_speaker\wavs\common_voice_nan-tw_32136544.wav,nan_tw_01,yue,燒褲,soe1 koo3,sio-khòo,燒褲（sio-khòo）
E:\008-datasets\mcv-scripted-nan-tw-v23.0\cv-corpus-23.0-2025-09-05\nan-tw\single_speaker\wavs\common_voice_nan-tw_32136550.wav,nan_tw_01,yue,真讚,zin1 zan2,tsin tsán,真讚（tsin tsán）
E:\008-datasets\mcv-scripted-nan-tw-v23.0\cv-corpus-23.0-2025-09-05\nan-tw\single_speaker\wavs\common_voice_nan-tw_32136551.wav,nan_tw_01,yue,小可事變做大曠臼,soe2 kaa2 su1 bin3 zo2 daa1 kang3 ku1,sió-khuá sū piàn-tsó tuā khàng-khū,小可事變做大曠臼 （sió-khuá sū piàn-tsó tuā khàng-khū）
E:\008-datasets\mcv-scripted-nan-tw-v23.0\cv-corpus-23.0-2025-09-05\nan-tw\single_speaker\wavs\common_voice_nan-tw_32136552.wav,nan_tw_01,yue,花痴,ho1 ci1,hue-tshi,花痴（hue-tshi）
E:\008-datasets\mcv-scripted-nan-tw-v23.0\cv-corpus-23.0-2025-09-05\nan-tw\single_speaker\wavs\common_voice_nan-tw_32136553.wav,nan_tw_01,yue,掰喙,bo2 ceoi3,pué-tshuì,掰喙（pué-tshuì）
E:\008-datasets\mcv-scripted-nan-tw-v23.0\cv-corpus-23.0-2025-09-05\nan-tw\single_speaker\wavs\common_voice_nan-tw_32136554.wav,nan_tw_01,yue,看無上目,kuann3 bo4 ziunn1 ba̍k1,khuànn-bô tsiūnn-ba̍k,看無上目（khuànn-bô tsiūnn-ba̍k）
E:\008-datasets\mcv-scripted-nan-tw-v23.0\cv-corpus-23.0-2025-09-05\nan-tw\single_speaker\wavs\common_voice_nan-tw_32137066.wav,nan_tw_01,yue,幼齒,iu3 ki2,iù-khí,幼齒（iù-khí）
E:\008-datasets\mcv-scripted-nan-tw-v23.0\cv-corpus-23.0-2025-09-05\nan-tw\single_speaker\wavs\common_voice_nan-tw_32137067.wav,nan_tw_01,yue,崇德,zong4 dik1,Tsông-tik,崇德（Tsông-tik）
E:\008-datasets\mcv-scripted-nan-tw-v23.0\cv-corpus-23.0-2025-09-05\nan-tw\single_speaker\wavs\common_voice_nan-tw_32137068.wav,nan_tw_01,yue,插車,caat1 ce1,tshah-tshia,插車（tshah-tshia）
E:\008-datasets\mcv-scripted-nan-tw-v23.0\cv-corpus-23.0-2025-09-05\nan-tw\single_speaker\wavs\common_voice_nan-tw_32137069.wav,nan_tw_01,yue,福星國小,hok1 sing1 gok1 soe2,Hok-sing-kok-sió,福星國小（Hok-sing-kok-sió）
E:\008-datasets\mcv-scripted-nan-tw-v23.0\cv-corpus-23.0-2025-09-05\nan-tw\single_speaker\wavs\common_voice_nan-tw_32137070.wav,nan_tw_01,yue,池上鄉,di4 sung1 hung1,Tî-siōng-hiong,池上鄉（Tî-siōng-hiong）
E:\008-datasets\mcv-scripted-nan-tw-v23.0\cv-corpus-23.0-2025-09-05\nan-tw\single_speaker\wavs\common_voice_nan-tw_32137084.wav,nan_tw_01,yue,啥物命，食甲竹塹餅,siann2 mi̍h1 me1 zia̍h1 gaat1 dik1 cam3 biann2,siánn-mi̍h miā tsia̍h kah Tik-tshàm piánn,啥物命，食甲竹塹餅（siánn-mi̍h miā tsia̍h kah Tik-tshàm piánn）
E:\008-datasets\mcv-scripted-nan-tw-v23.0\cv-corpus-23.0-2025-09-05\nan-tw\single_speaker\wavs\common_voice_nan-tw_32137085.wav,nan_tw_01,yue,牯嶺街,goo2 ne2 go1,Kóo-niá-kue,牯嶺街（Kóo-niá-kue）
E:\008-datasets\mcv-scripted-nan-tw-v23.0\cv-corpus-23.0-2025-09-05\nan-tw\single_speaker\wavs\common_voice_nan-tw_32137086.wav,nan_tw_01,yue,我來揀菜，揀好才予你洗,gaa2 laai4 ging2 caai3 ging2 ho2 ziah1 hoo1 li2 se2,"Guá lâi kíng-tshài, kíng-hó tsiah hōo lí sé","我來揀菜，揀好才予你洗（Guá lâi kíng-tshài, kíng-hó tsiah hōo lí sé）"
E:\008-datasets\mcv-scripted-nan-tw-v23.0\cv-corpus-23.0-2025-09-05\nan-tw\single_speaker\wavs\common_voice_nan-tw_32137087.wav,nan_tw_01,yue,法人,hut1 jin4,huat-jîn,法人（huat-jîn）
E:\008-datasets\mcv-scripted-nan-tw-v23.0\cv-corpus-23.0-2025-09-05\nan-tw\single_speaker\wavs\common_voice_nan-tw_32137088.wav,nan_tw_01,yue,灣潭,un1 tam4 |1 oan1 tam4,Uan-thâm | Oan-thâm,灣潭（Uan-thâm | Oan-thâm）
E:\008-datasets\mcv-scripted-nan-tw-v23.0\cv-corpus-23.0-2025-09-05\nan-tw\single_speaker\wavs\common_voice_nan-tw_32137109.wav,nan_tw_01,yue,焦燥花,daa1 so3 ho1,ta-sò-hue,焦燥花（ta-sò-hue）
E:\008-datasets\mcv-scripted-nan-tw-v23.0\cv-corpus-23.0-2025-09-05\nan-tw\single_speaker\wavs\common_voice_nan-tw_32137110.wav,nan_tw_01,yue,棧船,zan3 zun4,tsàn-tsûn,棧船（tsàn-tsûn）
E:\008-datasets\mcv-scripted-nan-tw-v23.0\cv-corpus-23.0-2025-09-05\nan-tw\single_speaker\wavs\common_voice_nan-tw_32137112.wav,nan_tw_01,yue,魚池仔,hi4 di4 aa2,hî-tî-á,魚池仔（hî-tî-á）
E:\008-datasets\mcv-scripted-nan-tw-v23.0\cv-corpus-23.0-2025-09-05\nan-tw\single_speaker\wavs\common_voice_nan-tw_32137113.wav,nan_tw_01,yue,趨溜廊,cu1 liu1 long4,tshu-liu-lông,趨溜廊（tshu-liu-lông）
E:\008-datasets\mcv-scripted-nan-tw-v23.0\cv-corpus-23.0-2025-09-05\nan-tw\single_speaker\wavs\common_voice_nan-tw_32137115.wav,nan_tw_01,yue,放盡磅,bang3 zin1 bong1,pàng-tsīn-pōng,放盡磅（pàng-tsīn-pōng）
E:\008-datasets\mcv-scripted-nan-tw-v23.0\cv-corpus-23.0-2025-09-05\nan-tw\single_speaker\wavs\common_voice_nan-tw_32137147.wav,nan_tw_01,yue,大極大，細極細,daa1 gi̍k1 daa1 se3 gi̍k1 se3,"tuā ki̍k tuā, sè ki̍k sè","大極大，細極細 （tuā ki̍k tuā, sè ki̍k sè）"
E:\008-datasets\mcv-scripted-nan-tw-v23.0\cv-corpus-23.0-2025-09-05\nan-tw\single_speaker\wavs\common_voice_nan-tw_32137149.wav,nan_tw_01,yue,伊真凍霜，連一屑仔物都毋甘予人,i1 zin1 dang3 sng1 lin4 zi̍t1 sut1 aa2 mit1 do1 m1 gam1 hoo1 lang4,"I tsin tàng-sng, liân tsi̍t-sut-á mih to m̄-kam hōo--lâng","伊真凍霜，連一屑仔物都毋甘予人（I tsin tàng-sng, liân tsi̍t-sut-á mih to m̄-kam hōo--lâng）"
E:\008-datasets\mcv-scripted-nan-tw-v23.0\cv-corpus-23.0-2025-09-05\nan-tw\single_speaker\wavs\common_voice_nan-tw_32137152.wav,nan_tw_01,yue,冊型電腦,cet1 hing4 din1 naau2,tsheh-hîng tiān-náu,冊型電腦（tsheh-hîng tiān-náu）
E:\008-datasets\mcv-scripted-nan-tw-v23.0\cv-corpus-23.0-2025-09-05\nan-tw\single_speaker\wavs\common_voice_nan-tw_32137153.wav,nan_tw_01,yue,瑞源,seoi1 gun4 |1 seoi1 goan4,Suī-guân | Sūi-goân,瑞源（Suī-guân | Sūi-goân）
E:\008-datasets\mcv-scripted-nan-tw-v23.0\cv-corpus-23.0-2025-09-05\nan-tw\single_speaker\wavs\common_voice_nan-tw_32137155.wav,nan_tw_01,yue,熟悉,si̍k1 sik1,si̍k-sik,熟悉（si̍k-sik）
E:\008-datasets\mcv-scripted-nan-tw-v23.0\cv-corpus-23.0-2025-09-05\nan-tw\single_speaker\wavs\common_voice_nan-tw_32137157.wav,nan_tw_01,yue,蠹魚,doo3 hi4,tòo-hî,蠹魚（tòo-hî）
E:\008-datasets\mcv-scripted-nan-tw-v23.0\cv-corpus-23.0-2025-09-05\nan-tw\single_speaker\wavs\common_voice_nan-tw_32137158.wav,nan_tw_01,yue,寒帽,guann4 bo1,kuânn-bō,寒帽（kuânn-bō）
E:\008-datasets\mcv-scripted-nan-tw-v23.0\cv-corpus-23.0-2025-09-05\nan-tw\single_speaker\wavs\common_voice_nan-tw_32137159.wav,nan_tw_01,yue,魔鏡,moo4 giann3,môo-kiànn,魔鏡（môo-kiànn）
E:\008-datasets\mcv-scripted-nan-tw-v23.0\cv-corpus-23.0-2025-09-05\nan-tw\single_speaker\wavs\common_voice_nan-tw_32137160.wav,nan_tw_01,yue,愛斯提,aai3 su1 de4,Ài-su-tê,愛斯提（Ài-su-tê）
E:\008-datasets\mcv-scripted-nan-tw-v23.0\cv-corpus-23.0-2025-09-05\nan-tw\single_speaker\wavs\common_voice_nan-tw_32137161.wav,nan_tw_01,yue,三姓橋,sam1 sing3 goe4,Sam-sìng-kiô,三姓橋（Sam-sìng-kiô）
E:\008-datasets\mcv-scripted-nan-tw-v23.0\cv-corpus-23.0-2025-09-05\nan-tw\single_speaker\wavs\common_voice_nan-tw_32137188.wav,nan_tw_01,yue,大武窟部落,daa1 bu2 kut1 boo1 lo̍k1,Tuā-bú-khut Pōo-lo̍k,大武窟部落 （Tuā-bú-khut Pōo-lo̍k）
E:\008-datasets\mcv-scripted-nan-tw-v23.0\cv-corpus-23.0-2025-09-05\nan-tw\single_speaker\wavs\common_voice_nan-tw_32137189.wav,nan_tw_01,yue,做會到,zo3 e1 gaau3,tsò ē kàu,做會到（tsò ē kàu）
E:\008-datasets\mcv-scripted-nan-tw-v23.0\cv-corpus-23.0-2025-09-05\nan-tw\single_speaker\wavs\common_voice_nan-tw_32137190.wav,nan_tw_01,yue,袂接力,be1 zit1 la̍t1,bē tsih-la̍t,袂接力（bē tsih-la̍t）
E:\008-datasets\mcv-scripted-nan-tw-v23.0\cv-corpus-23.0-2025-09-05\nan-tw\single_speaker\wavs\common_voice_nan-tw_32137191.wav,nan_tw_01,yue,後壠,aau1 lang4,Āu-lâng,後壠（Āu-lâng）
E:\008-datasets\mcv-scripted-nan-tw-v23.0\cv-corpus-23.0-2025-09-05\nan-tw\single_speaker\wavs\common_voice_nan-tw_32137192.wav,nan_tw_01,yue,紅記記,ang4 gi3 gi3,âng-kì-kì,紅記記（âng-kì-kì）
E:\008-datasets\mcv-scripted-nan-tw-v23.0\cv-corpus-23.0-2025-09-05\nan-tw\single_speaker\wavs\common_voice_nan-tw_32137196.wav,nan_tw_01,yue,毋畏寒,m1 eoi3 guann4,m̄ uì-kuânn,毋畏寒（m̄ uì-kuânn）
E:\008-datasets\mcv-scripted-nan-tw-v23.0\cv-corpus-23.0-2025-09-05\nan-tw\single_speaker\wavs\common_voice_nan-tw_32137197.wav,nan_tw_01,yue,統埔,tong2 boo1,Thóng-poo,統埔（Thóng-poo）
E:\008-datasets\mcv-scripted-nan-tw-v23.0\cv-corpus-23.0-2025-09-05\nan-tw\single_speaker\wavs\common_voice_nan-tw_32137198.wav,nan_tw_01,yue,匯水,ho1 zeoi2,huē-tsuí,匯水（huē-tsuí）
E:\008-datasets\mcv-scripted-nan-tw-v23.0\cv-corpus-23.0-2025-09-05\nan-tw\single_speaker\wavs\common_voice_nan-tw_32137199.wav,nan_tw_01,yue,分袂平，拍甲二九暝,bun1 be1 benn4 paat1 gaat1 ji1 gaau2 me4,pun-bē-pênn phah-kah Jī-káu-mê,分袂平，拍甲二九暝（pun-bē-pênn phah-kah Jī-káu-mê）
E:\008-datasets\mcv-scripted-nan-tw-v23.0\cv-corpus-23.0-2025-09-05\nan-tw\single_speaker\wavs\common_voice_nan-tw_32137200.wav,nan_tw_01,yue,迂拘,u1 ku1,u-khu,迂拘（u-khu）
E:\008-datasets\mcv-scripted-nan-tw-v23.0\cv-corpus-23.0-2025-09-05\nan-tw\single_speaker\wavs\common_voice_nan-tw_32137202.wav,nan_tw_01,yue,山巖,suann1 gam4,suann-gâm,山巖 （suann-gâm）
E:\008-datasets\mcv-scripted-nan-tw-v23.0\cv-corpus-23.0-2025-09-05\nan-tw\single_speaker\wavs\common_voice_nan-tw_32137203.wav,nan_tw_01,yue,有歲,u1 ho3 |1 u1 he3,ū-huè | ū-hè,有歲（ū-huè | ū-hè）
E:\008-datasets\mcv-scripted-nan-tw-v23.0\cv-corpus-23.0-2025-09-05\nan-tw\single_speaker\wavs\common_voice_nan-tw_32137204.wav,nan_tw_01,yue,向頭族,ann3 taau4 zo̍k1,ànn-thâu-tso̍k,向頭族（ànn-thâu-tso̍k）
E:\008-datasets\mcv-scripted-nan-tw-v23.0\cv-corpus-23.0-2025-09-05\nan-tw\single_speaker\wavs\common_voice_nan-tw_32137205.wav,nan_tw_01,yue,隔壁位,get1 biah1 eoi1,keh-piah-uī,隔壁位（keh-piah-uī）
E:\008-datasets\mcv-scripted-nan-tw-v23.0\cv-corpus-23.0-2025-09-05\nan-tw\single_speaker\wavs\common_voice_nan-tw_32137206.wav,nan_tw_01,yue,拍第一,paat1 de1 it1,phah-tē-it,拍第一（phah-tē-it）
E:\008-datasets\mcv-scripted-nan-tw-v23.0\cv-corpus-23.0-2025-09-05\nan-tw\single_speaker\wavs\common_voice_nan-tw_32145876.wav,nan_tw_01,yue,光洘山,gng1 ko2 suann1,kng-khó-suann,光洘山（kng-khó-suann）
E:\008-datasets\mcv-scripted-nan-tw-v23.0\cv-corpus-23.0-2025-09-05\nan-tw\single_speaker\wavs\common_voice_nan-tw_32145877.wav,nan_tw_01,yue,陂內坑,bi1 laai1 kinn1,Pi-lāi--khinn,陂內坑（Pi-lāi--khinn）
E:\008-datasets\mcv-scripted-nan-tw-v23.0\cv-corpus-23.0-2025-09-05\nan-tw\single_speaker\wavs\common_voice_nan-tw_32145878.wav,nan_tw_01,yue,離櫥,li1 du4,lī-tû,離櫥（lī-tû）
E:\008-datasets\mcv-scripted-nan-tw-v23.0\cv-corpus-23.0-2025-09-05\nan-tw\single_speaker\wavs\common_voice_nan-tw_32145879.wav,nan_tw_01,yue,海岸,haai2 huann1,hái-huānn,海岸（hái-huānn）
E:\008-datasets\mcv-scripted-nan-tw-v23.0\cv-corpus-23.0-2025-09-05\nan-tw\single_speaker\wavs\common_voice_nan-tw_32145880.wav,nan_tw_01,yue,打猫,daa2 baa4,Tá-bâ,打猫（Tá-bâ）
E:\008-datasets\mcv-scripted-nan-tw-v23.0\cv-corpus-23.0-2025-09-05\nan-tw\single_speaker\wavs\common_voice_nan-tw_32145881.wav,nan_tw_01,yue,公館鄉,gong1 goan2 hung1,Kong-koán-hiong,公館鄉（Kong-koán-hiong）
E:\008-datasets\mcv-scripted-nan-tw-v23.0\cv-corpus-23.0-2025-09-05\nan-tw\single_speaker\wavs\common_voice_nan-tw_32145882.wav,nan_tw_01,yue,戛仔頭,kit1 aa2 taau4,khiat-á-thâu,戛仔頭（khiat-á-thâu）
E:\008-datasets\mcv-scripted-nan-tw-v23.0\cv-corpus-23.0-2025-09-05\nan-tw\single_speaker\wavs\common_voice_nan-tw_32145883.wav,nan_tw_01,yue,水湳,zeoi2 lam3,tsuí-làm,水湳（tsuí-làm）
E:\008-datasets\mcv-scripted-nan-tw-v23.0\cv-corpus-23.0-2025-09-05\nan-tw\single_speaker\wavs\common_voice_nan-tw_32145884.wav,nan_tw_01,yue,電蠓拍,din1 bang2 paat1,tiān-báng-phah,電蠓拍（tiān-báng-phah）
E:\008-datasets\mcv-scripted-nan-tw-v23.0\cv-corpus-23.0-2025-09-05\nan-tw\single_speaker\wavs\common_voice_nan-tw_32145885.wav,nan_tw_01,yue,神岡,sin1 gong1 |1 sin4 gong2 |1 sin1 gong2 |1 sin4 gong2,Sin-gong | Sîn-góng | Sin-kóng | Sîn-kóng,神岡（Sin-gong | Sîn-góng | Sin-kóng | Sîn-kóng）
E:\008-datasets\mcv-scripted-nan-tw-v23.0\cv-corpus-23.0-2025-09-05\nan-tw\single_speaker\wavs\common_voice_nan-tw_32145896.wav,nan_tw_01,yue,媠甲十全,seoi2 gaat1 za̍p1 zng4,suí kah tsa̍p-tsn̂g,媠甲十全（suí kah tsa̍p-tsn̂g）
E:\008-datasets\mcv-scripted-nan-tw-v23.0\cv-corpus-23.0-2025-09-05\nan-tw\single_speaker\wavs\common_voice_nan-tw_32145897.wav,nan_tw_01,yue,溪口國小,ko1 kaau2 gok1 soe2 |1 koe1 kaau2 gok1 soe2,Khue-kháu Kok-sió | Khoe-kháu Kok-sió,溪口國小（Khue-kháu Kok-sió | Khoe-kháu Kok-sió）
E:\008-datasets\mcv-scripted-nan-tw-v23.0\cv-corpus-23.0-2025-09-05\nan-tw\single_speaker\wavs\common_voice_nan-tw_32145898.wav,nan_tw_01,yue,正規,zing3 geoi1,tsìng-kui,正規（tsìng-kui）
E:\008-datasets\mcv-scripted-nan-tw-v23.0\cv-corpus-23.0-2025-09-05\nan-tw\single_speaker\wavs\common_voice_nan-tw_32145899.wav,nan_tw_01,yue,眵眵,cut1 cut1,tshuh-tshuh,眵眵（tshuh-tshuh）
E:\008-datasets\mcv-scripted-nan-tw-v23.0\cv-corpus-23.0-2025-09-05\nan-tw\single_speaker\wavs\common_voice_nan-tw_32145900.wav,nan_tw_01,yue,橐袋仔袋磅子,lak1 de1 aa2 de1 bong1 zi2,lak-tē-á tē pōng-tsí,橐袋仔袋磅子（lak-tē-á tē pōng-tsí）
E:\008-datasets\mcv-scripted-nan-tw-v23.0\cv-corpus-23.0-2025-09-05\nan-tw\single_speaker\wavs\common_voice_nan-tw_32145906.wav,nan_tw_01,yue,電火戲,din1 ho1 hi3,tiān-huē hì,電火戲（tiān-huē hì）
E:\008-datasets\mcv-scripted-nan-tw-v23.0\cv-corpus-23.0-2025-09-05\nan-tw\single_speaker\wavs\common_voice_nan-tw_32145907.wav,nan_tw_01,yue,兩句半話,nng1 gu3 buann3 o1,nn̄g-kù-puànn-uē,兩句半話（nn̄g-kù-puànn-uē）
E:\008-datasets\mcv-scripted-nan-tw-v23.0\cv-corpus-23.0-2025-09-05\nan-tw\single_speaker\wavs\common_voice_nan-tw_32145908.wav,nan_tw_01,yue,佬仔,laau2 aa2,láu-á,佬仔（láu-á）
E:\008-datasets\mcv-scripted-nan-tw-v23.0\cv-corpus-23.0-2025-09-05\nan-tw\single_speaker\wavs\common_voice_nan-tw_32145909.wav,nan_tw_01,yue,烏屎,oo1 saai2,oo-sái,烏屎（oo-sái）
E:\008-datasets\mcv-scripted-nan-tw-v23.0\cv-corpus-23.0-2025-09-05\nan-tw\single_speaker\wavs\common_voice_nan-tw_32145910.wav,nan_tw_01,yue,喙較密閣菜籃,ceoi3 kaat1 ba̍t1 got1 caai3 naa4,tshuì khah ba̍t koh tshài-nâ,喙較密閣菜籃（tshuì khah ba̍t koh tshài-nâ）
E:\008-datasets\mcv-scripted-nan-tw-v23.0\cv-corpus-23.0-2025-09-05\nan-tw\single_speaker\wavs\common_voice_nan-tw_32145916.wav,nan_tw_01,yue,原原照舊,gun4 gun4 ziu3 gu1,guân-guân tsiàu-kū,原原照舊（guân-guân tsiàu-kū）
E:\008-datasets\mcv-scripted-nan-tw-v23.0\cv-corpus-23.0-2025-09-05\nan-tw\single_speaker\wavs\common_voice_nan-tw_32145917.wav,nan_tw_01,yue,枋仔,bang1 aa2,pang-á,枋仔（pang-á）
E:\008-datasets\mcv-scripted-nan-tw-v23.0\cv-corpus-23.0-2025-09-05\nan-tw\single_speaker\wavs\common_voice_nan-tw_32145918.wav,nan_tw_01,yue,保本基金,bo2 bun2 gi1 gim1,pó-pún ki-kim,保本基金（pó-pún ki-kim）
E:\008-datasets\mcv-scripted-nan-tw-v23.0\cv-corpus-23.0-2025-09-05\nan-tw\single_speaker\wavs\common_voice_nan-tw_32145919.wav,nan_tw_01,yue,鍾南山,zing1 lam4 san1,Tsing Lâm-san,鍾南山（Tsing Lâm-san）
E:\008-datasets\mcv-scripted-nan-tw-v23.0\cv-corpus-23.0-2025-09-05\nan-tw\single_speaker\wavs\common_voice_nan-tw_32145920.wav,nan_tw_01,yue,下內埔,e1 laai4 boo1,Ē-lâi-poo,下內埔（Ē-lâi-poo）
E:\008-datasets\mcv-scripted-nan-tw-v23.0\cv-corpus-23.0-2025-09-05\nan-tw\single_speaker\wavs\common_voice_nan-tw_32145921.wav,nan_tw_01,yue,大同區,daai1 dong4 ku1,Tāi-tông-khu,大同區（Tāi-tông-khu）
E:\008-datasets\mcv-scripted-nan-tw-v23.0\cv-corpus-23.0-2025-09-05\nan-tw\single_speaker\wavs\common_voice_nan-tw_32145922.wav,nan_tw_01,yue,伊是來亂的，咱莫管伊,i1 si1 laai4 lun1 e4 lan2 maai3 gun2 i1,"I sī lâi luān--ê, lán mài kuán--i","伊是來亂的，咱莫管伊（I sī lâi luān--ê, lán mài kuán--i）"
E:\008-datasets\mcv-scripted-nan-tw-v23.0\cv-corpus-23.0-2025-09-05\nan-tw\single_speaker\wavs\common_voice_nan-tw_32145923.wav,nan_tw_01,yue,無順序,bo4 sun1 si1 |1 bo4 sun1 su1,bô sūn-sī | bô sūn-sū,無順序（bô sūn-sī | bô sūn-sū）
E:\008-datasets\mcv-scripted-nan-tw-v23.0\cv-corpus-23.0-2025-09-05\nan-tw\single_speaker\wavs\common_voice_nan-tw_32145924.wav,nan_tw_01,yue,回檔,ho4 dong2,huê-tóng,回檔（huê-tóng）
E:\008-datasets\mcv-scripted-nan-tw-v23.0\cv-corpus-23.0-2025-09-05\nan-tw\single_speaker\wavs\common_voice_nan-tw_32145925.wav,nan_tw_01,yue,跗骨,hu1 gut1,hū-kut,跗骨（hū-kut）
E:\008-datasets\mcv-scripted-nan-tw-v23.0\cv-corpus-23.0-2025-09-05\nan-tw\single_speaker\wavs\common_voice_nan-tw_32145926.wav,nan_tw_01,yue,苧仔園坑,do1 aa2 hng4 kinn1,Tuē-á-hn̂g-khinn,苧仔園坑（Tuē-á-hn̂g-khinn）
E:\008-datasets\mcv-scripted-nan-tw-v23.0\cv-corpus-23.0-2025-09-05\nan-tw\single_speaker\wavs\common_voice_nan-tw_32145927.wav,nan_tw_01,yue,風較恬,hong1 kaat1 dim1 |1 hong1 kaat1 dim1,hong khah tiām | huang khah tiām,風較恬（hong khah tiām | huang khah tiām）
E:\008-datasets\mcv-scripted-nan-tw-v23.0\cv-corpus-23.0-2025-09-05\nan-tw\single_speaker\wavs\common_voice_nan-tw_32145928.wav,nan_tw_01,yue,松山,sung4 san1,Siông-san,松山（Siông-san）
E:\008-datasets\mcv-scripted-nan-tw-v23.0\cv-corpus-23.0-2025-09-05\nan-tw\single_speaker\wavs\common_voice_nan-tw_32145929.wav,nan_tw_01,yue,框箍,kong1 koo1,khong-khoo,框箍（khong-khoo）
E:\008-datasets\mcv-scripted-nan-tw-v23.0\cv-corpus-23.0-2025-09-05\nan-tw\single_speaker\wavs\common_voice_nan-tw_32145930.wav,nan_tw_01,yue,神經線絞無絚,sin4 ging1 suann3 gaa2 bo4 an4,sîn-king-suànn ká-bô-ân,神經線絞無絚（sîn-king-suànn ká-bô-ân）
E:\008-datasets\mcv-scripted-nan-tw-v23.0\cv-corpus-23.0-2025-09-05\nan-tw\single_speaker\wavs\common_voice_nan-tw_32145931.wav,nan_tw_01,yue,烏點格仔,oo1 dim2 get1 aa2,oo-tiám-keh-á,烏點格仔（oo-tiám-keh-á）
E:\008-datasets\mcv-scripted-nan-tw-v23.0\cv-corpus-23.0-2025-09-05\nan-tw\single_speaker\wavs\common_voice_nan-tw_32145932.wav,nan_tw_01,yue,士林公館公園,su1 lim4 gong1 gun2 gong1 hng4,Sū-lîm Kong-kuán Kong-hn̂g,士林公館公園（Sū-lîm Kong-kuán Kong-hn̂g）
E:\008-datasets\mcv-scripted-nan-tw-v23.0\cv-corpus-23.0-2025-09-05\nan-tw\single_speaker\wavs\common_voice_nan-tw_32145933.wav,nan_tw_01,yue,山水,suann1 zeoi2,suann-tsuí,山水 （suann-tsuí）
E:\008-datasets\mcv-scripted-nan-tw-v23.0\cv-corpus-23.0-2025-09-05\nan-tw\single_speaker\wavs\common_voice_nan-tw_32145934.wav,nan_tw_01,yue,魔獸爭霸,moo4 siu1 zing1 baa3,môo-siū-tsing-pà,魔獸爭霸（môo-siū-tsing-pà）
E:\008-datasets\mcv-scripted-nan-tw-v23.0\cv-corpus-23.0-2025-09-05\nan-tw\single_speaker\wavs\common_voice_nan-tw_32145935.wav,nan_tw_01,yue,大雺,daa1 bong4,tuā-bông,大雺 （tuā-bông）
E:\008-datasets\mcv-scripted-nan-tw-v23.0\cv-corpus-23.0-2025-09-05\nan-tw\single_speaker\wavs\common_voice_nan-tw_32145936.wav,nan_tw_01,yue,老猴無粉頭,laau1 gaau4 bo4 hun2 taau4,lāu-kâu bô hún-thâu,老猴無粉頭（lāu-kâu bô hún-thâu）
E:\008-datasets\mcv-scripted-nan-tw-v23.0\cv-corpus-23.0-2025-09-05\nan-tw\single_speaker\wavs\common_voice_nan-tw_32145937.wav,nan_tw_01,yue,八仙橋,bat1 sin1 goe4,Pat-sian-kiô,八仙橋（Pat-sian-kiô）
E:\008-datasets\mcv-scripted-nan-tw-v23.0\cv-corpus-23.0-2025-09-05\nan-tw\single_speaker\wavs\common_voice_nan-tw_32145938.wav,nan_tw_01,yue,倒手仔猴,do3 ciu2 aa2 gaau4,tò-tshiú-á-kâu,倒手仔猴（tò-tshiú-á-kâu）
E:\008-datasets\mcv-scripted-nan-tw-v23.0\cv-corpus-23.0-2025-09-05\nan-tw\single_speaker\wavs\common_voice_nan-tw_32145939.wav,nan_tw_01,yue,中央氣象局,dung1 ng1 ki3 sung1 gio̍k1,Tiong-ng-khì-siōng-kio̍k,中央氣象局 （Tiong-ng-khì-siōng-kio̍k）
E:\008-datasets\mcv-scripted-nan-tw-v23.0\cv-corpus-23.0-2025-09-05\nan-tw\single_speaker\wavs\common_voice_nan-tw_32145940.wav,nan_tw_01,yue,白醋,be̍h1 coo3,pe̍h-tshòo,白醋（pe̍h-tshòo）
E:\008-datasets\mcv-scripted-nan-tw-v23.0\cv-corpus-23.0-2025-09-05\nan-tw\single_speaker\wavs\common_voice_nan-tw_32145941.wav,nan_tw_01,yue,妄,bong1,bōng,妄（bōng）
E:\008-datasets\mcv-scripted-nan-tw-v23.0\cv-corpus-23.0-2025-09-05\nan-tw\single_speaker\wavs\common_voice_nan-tw_32145942.wav,nan_tw_01,yue,忝頭,tim2 taau4,thiám-thâu,忝頭（thiám-thâu）
E:\008-datasets\mcv-scripted-nan-tw-v23.0\cv-corpus-23.0-2025-09-05\nan-tw\single_speaker\wavs\common_voice_nan-tw_32145943.wav,nan_tw_01,yue,智慧型手機,di3 heoi1 hing4 ciu2 gi1,tì-huī-hîng tshiú-ki,智慧型手機（tì-huī-hîng tshiú-ki）
E:\008-datasets\mcv-scripted-nan-tw-v23.0\cv-corpus-23.0-2025-09-05\nan-tw\single_speaker\wavs\common_voice_nan-tw_32145944.wav,nan_tw_01,yue,飛來飛去的火金姑,bo1 laai4 bo1 ki3 e4 ho2 gim1 goo1,pue-lâi-pue-khì ê hué-kim-koo,飛來飛去的火金姑（pue-lâi-pue-khì ê hué-kim-koo）
E:\008-datasets\mcv-scripted-nan-tw-v23.0\cv-corpus-23.0-2025-09-05\nan-tw\single_speaker\wavs\common_voice_nan-tw_32145945.wav,nan_tw_01,yue,細粒電火球仔,so3 lia̍p1 din1 ho2 giu4 aa2,suè-lia̍p tiān-hué-kiû-á,細粒電火球仔（suè-lia̍p tiān-hué-kiû-á）
E:\008-datasets\mcv-scripted-nan-tw-v23.0\cv-corpus-23.0-2025-09-05\nan-tw\single_speaker\wavs\common_voice_nan-tw_32145946.wav,nan_tw_01,yue,洪秀柱,ang4 siu3 tiu1,Âng Siù-thiāu,洪秀柱（Âng Siù-thiāu）
E:\008-datasets\mcv-scripted-nan-tw-v23.0\cv-corpus-23.0-2025-09-05\nan-tw\single_speaker\wavs\common_voice_nan-tw_32145947.wav,nan_tw_01,yue,后山崎,aau1 sun1 ge1,Āu-suaⁿ-kiā,后山崎（Āu-suaⁿ-kiā）
E:\008-datasets\mcv-scripted-nan-tw-v23.0\cv-corpus-23.0-2025-09-05\nan-tw\single_speaker\wavs\common_voice_nan-tw_32145948.wav,nan_tw_01,yue,斜角線,cua̍h1 gak1 suann3,tshua̍h-kak-suànn,斜角線（tshua̍h-kak-suànn）
E:\008-datasets\mcv-scripted-nan-tw-v23.0\cv-corpus-23.0-2025-09-05\nan-tw\single_speaker\wavs\common_voice_nan-tw_32145949.wav,nan_tw_01,yue,蜘蛛膜,di1 du1 mo̍oh1,ti-tu-mo̍oh,蜘蛛膜（ti-tu-mo̍oh）
E:\008-datasets\mcv-scripted-nan-tw-v23.0\cv-corpus-23.0-2025-09-05\nan-tw\single_speaker\wavs\common_voice_nan-tw_32145950.wav,nan_tw_01,yue,答應,dap1 ing3,tap-ìng,答應（tap-ìng）
E:\008-datasets\mcv-scripted-nan-tw-v23.0\cv-corpus-23.0-2025-09-05\nan-tw\single_speaker\wavs\common_voice_nan-tw_32145951.wav,nan_tw_01,yue,斗南鎮,daau2 lam4 din3,Táu-lâm-tìn,斗南鎮（Táu-lâm-tìn）
E:\008-datasets\mcv-scripted-nan-tw-v23.0\cv-corpus-23.0-2025-09-05\nan-tw\single_speaker\wavs\common_voice_nan-tw_32145952.wav,nan_tw_01,yue,大病院,daa1 benn1 inn1,Tuā-pēnn-īnn,大病院 （Tuā-pēnn-īnn）
E:\008-datasets\mcv-scripted-nan-tw-v23.0\cv-corpus-23.0-2025-09-05\nan-tw\single_speaker\wavs\common_voice_nan-tw_32145953.wav,nan_tw_01,yue,少年人愛較有志氣咧,siu3 lin4 lang4 aai3 kaat1 u1 zi3 ki3 let1,Siàu-liân-lâng ài khah ū tsì-khì--leh,少年人愛較有志氣咧（Siàu-liân-lâng ài khah ū tsì-khì--leh）
E:\008-datasets\mcv-scripted-nan-tw-v23.0\cv-corpus-23.0-2025-09-05\nan-tw\single_speaker\wavs\common_voice_nan-tw_32145954.wav,nan_tw_01,yue,米粉羹,bi2 hun2 genn1,bí-hún kenn,米粉羹（bí-hún kenn）
E:\008-datasets\mcv-scripted-nan-tw-v23.0\cv-corpus-23.0-2025-09-05\nan-tw\single_speaker\wavs\common_voice_nan-tw_32145955.wav,nan_tw_01,yue,車擋脣,ce1 dong3 dun4,tshia-tòng-tûn,車擋脣（tshia-tòng-tûn）
E:\008-datasets\mcv-scripted-nan-tw-v23.0\cv-corpus-23.0-2025-09-05\nan-tw\single_speaker\wavs\common_voice_nan-tw_32145956.wav,nan_tw_01,yue,櫻花鉤吻鮭,ing1 ho1 gaau1 bun2 geoi1,ing-hue kau-bún-kui,櫻花鉤吻鮭（ing-hue kau-bún-kui）
E:\008-datasets\mcv-scripted-nan-tw-v23.0\cv-corpus-23.0-2025-09-05\nan-tw\single_speaker\wavs\common_voice_nan-tw_32145957.wav,nan_tw_01,yue,膨風豆,pong3 hong1 daau1,phòng-hong-tāu,膨風豆（phòng-hong-tāu）
E:\008-datasets\mcv-scripted-nan-tw-v23.0\cv-corpus-23.0-2025-09-05\nan-tw\single_speaker\wavs\common_voice_nan-tw_32145958.wav,nan_tw_01,yue,魔法少女,moo4 hut1 siu3 lu2,Môo-huat Siàu-lú,魔法少女（Môo-huat Siàu-lú）
E:\008-datasets\mcv-scripted-nan-tw-v23.0\cv-corpus-23.0-2025-09-05\nan-tw\single_speaker\wavs\common_voice_nan-tw_32145959.wav,nan_tw_01,yue,食飽未,zia̍h1 baa2 bo1 |1 zia̍h1 baa2 be1,tsia̍h-pá--buē | tsia̍h-pá--bē,食飽未（tsia̍h-pá--buē | tsia̍h-pá--bē）
E:\008-datasets\mcv-scripted-nan-tw-v23.0\cv-corpus-23.0-2025-09-05\nan-tw\single_speaker\wavs\common_voice_nan-tw_32145960.wav,nan_tw_01,yue,神廣,sin4 gong2,Sîn-kóng,神廣（Sîn-kóng）
E:\008-datasets\mcv-scripted-nan-tw-v23.0\cv-corpus-23.0-2025-09-05\nan-tw\single_speaker\wavs\common_voice_nan-tw_32145961.wav,nan_tw_01,yue,騎,gi4 |1 ki4 |1 ke4,gî | khî | khiâ,騎（gî | khî | khiâ）
E:\008-datasets\mcv-scripted-nan-tw-v23.0\cv-corpus-23.0-2025-09-05\nan-tw\single_speaker\wavs\common_voice_nan-tw_32145962.wav,nan_tw_01,yue,天頂雲尾,tinn1 ding2 hun4 bo2,thinn-tíng hûn-bué,天頂雲尾（thinn-tíng hûn-bué）
E:\008-datasets\mcv-scripted-nan-tw-v23.0\cv-corpus-23.0-2025-09-05\nan-tw\single_speaker\wavs\common_voice_nan-tw_32145963.wav,nan_tw_01,yue,黃葉猫,ng4 hio̍h1 baa4,n̂g-hio̍h-bâ,黃葉猫（n̂g-hio̍h-bâ）
E:\008-datasets\mcv-scripted-nan-tw-v23.0\cv-corpus-23.0-2025-09-05\nan-tw\single_speaker\wavs\common_voice_nan-tw_32145964.wav,nan_tw_01,yue,星仔,cenn1 aa2,tshenn-á,星仔（tshenn-á）
E:\008-datasets\mcv-scripted-nan-tw-v23.0\cv-corpus-23.0-2025-09-05\nan-tw\single_speaker\wavs\common_voice_nan-tw_32145965.wav,nan_tw_01,yue,礦物學,kong3 bu̍t1 ha̍k1,khòng-bu̍t-ha̍k,礦物學（khòng-bu̍t-ha̍k）
E:\008-datasets\mcv-scripted-nan-tw-v23.0\cv-corpus-23.0-2025-09-05\nan-tw\single_speaker\wavs\common_voice_nan-tw_32145966.wav,nan_tw_01,yue,好食的物件,ho2 zia̍h1 e4 mi̍h1 giann1,hó-tsia̍h ê mi̍h-kiānn,好食的物件（hó-tsia̍h ê mi̍h-kiānn）
E:\008-datasets\mcv-scripted-nan-tw-v23.0\cv-corpus-23.0-2025-09-05\nan-tw\single_speaker\wavs\common_voice_nan-tw_32145967.wav,nan_tw_01,yue,俄羅斯疊磚仔,go4 lo4 su1 tip1 zng1 aa2,Gô-lô-su-thiap-tsng-á,俄羅斯疊磚仔（Gô-lô-su-thiap-tsng-á）
E:\008-datasets\mcv-scripted-nan-tw-v23.0\cv-corpus-23.0-2025-09-05\nan-tw\single_speaker\wavs\common_voice_nan-tw_32145968.wav,nan_tw_01,yue,仝款,gang4 kun2,kâng-khuán,仝款（kâng-khuán）
E:\008-datasets\mcv-scripted-nan-tw-v23.0\cv-corpus-23.0-2025-09-05\nan-tw\single_speaker\wavs\common_voice_nan-tw_32145969.wav,nan_tw_01,yue,女使,lu2 su2,lú-sú,女使 （lú-sú）
E:\008-datasets\mcv-scripted-nan-tw-v23.0\cv-corpus-23.0-2025-09-05\nan-tw\single_speaker\wavs\common_voice_nan-tw_32145970.wav,nan_tw_01,yue,石頭格仔,zio̍h1 taukeh4 aa2,tsio̍h-thâukeh-á,石頭格仔（tsio̍h-thâukeh-á）
E:\008-datasets\mcv-scripted-nan-tw-v23.0\cv-corpus-23.0-2025-09-05\nan-tw\single_speaker\wavs\common_voice_nan-tw_32145976.wav,nan_tw_01,yue,燒山,soe1 suann1,sio-suann,燒山（sio-suann）
E:\008-datasets\mcv-scripted-nan-tw-v23.0\cv-corpus-23.0-2025-09-05\nan-tw\single_speaker\wavs\common_voice_nan-tw_32145977.wav,nan_tw_01,yue,紙屑仔,zaa2 sap1 aa2,tsuá-sap-á,紙屑仔（tsuá-sap-á）
E:\008-datasets\mcv-scripted-nan-tw-v23.0\cv-corpus-23.0-2025-09-05\nan-tw\single_speaker\wavs\common_voice_nan-tw_32145978.wav,nan_tw_01,yue,湠生,tuann3 sing1,thuànn-sing,湠生（thuànn-sing）
E:\008-datasets\mcv-scripted-nan-tw-v23.0\cv-corpus-23.0-2025-09-05\nan-tw\single_speaker\wavs\common_voice_nan-tw_32145979.wav,nan_tw_01,yue,攑耙柫摃家己頭額,gia̍h1 be4 but1 gong3,gia̍h pê-put kòng,攑耙柫摃（gia̍h pê-put kòng）家己頭額（ka-kī thâu-hia̍h | ka-tī thâu-hia̍h）
E:\008-datasets\mcv-scripted-nan-tw-v23.0\cv-corpus-23.0-2025-09-05\nan-tw\single_speaker\wavs\common_voice_nan-tw_32145980.wav,nan_tw_01,yue,畢業戶橂,bit1 gia̍p1 hoo1 ding1,pit-gia̍p-hōo-tīng,畢業戶橂（pit-gia̍p-hōo-tīng）
E:\008-datasets\mcv-scripted-nan-tw-v23.0\cv-corpus-23.0-2025-09-05\nan-tw\single_speaker\wavs\common_voice_nan-tw_32145986.wav,nan_tw_01,yue,袋鼠,de1 ciu2,tē-tshiú,袋鼠（tē-tshiú）
E:\008-datasets\mcv-scripted-nan-tw-v23.0\cv-corpus-23.0-2025-09-05\nan-tw\single_speaker\wavs\common_voice_nan-tw_32145987.wav,nan_tw_01,yue,無合時機,bo4 ha̍h1 si4 gi1,bô-ha̍h sî-ki,無合時機（bô-ha̍h sî-ki）
E:\008-datasets\mcv-scripted-nan-tw-v23.0\cv-corpus-23.0-2025-09-05\nan-tw\single_speaker\wavs\common_voice_nan-tw_32145988.wav,nan_tw_01,yue,思維,su1 i4,su-î,思維（su-î）
E:\008-datasets\mcv-scripted-nan-tw-v23.0\cv-corpus-23.0-2025-09-05\nan-tw\single_speaker\wavs\common_voice_nan-tw_32145989.wav,nan_tw_01,yue,太空梭,taai3 kong1 so1,thài-khong-so,太空梭（thài-khong-so）
E:\008-datasets\mcv-scripted-nan-tw-v23.0\cv-corpus-23.0-2025-09-05\nan-tw\single_speaker\wavs\common_voice_nan-tw_32145990.wav,nan_tw_01,yue,骨,gut1,kut,骨（kut）
E:\008-datasets\mcv-scripted-nan-tw-v23.0\cv-corpus-23.0-2025-09-05\nan-tw\single_speaker\wavs\common_voice_nan-tw_32145991.wav,nan_tw_01,yue,拍煙腸,paat1 in1 coeng4,phah ian-tshiâng,拍煙腸（phah ian-tshiâng）
E:\008-datasets\mcv-scripted-nan-tw-v23.0\cv-corpus-23.0-2025-09-05\nan-tw\single_speaker\wavs\common_voice_nan-tw_32145992.wav,nan_tw_01,yue,榮星花園公園,ing4 cinn2 ho1 hng4 gong1 hng4,Îng-tshínn Hue-hn̂g Kong-hn̂g,榮星花園公園（Îng-tshínn Hue-hn̂g Kong-hn̂g）
E:\008-datasets\mcv-scripted-nan-tw-v23.0\cv-corpus-23.0-2025-09-05\nan-tw\single_speaker\wavs\common_voice_nan-tw_32145993.wav,nan_tw_01,yue,好空,ho2 kang1,hó-khang,好空（hó-khang）
E:\008-datasets\mcv-scripted-nan-tw-v23.0\cv-corpus-23.0-2025-09-05\nan-tw\single_speaker\wavs\common_voice_nan-tw_32145994.wav,nan_tw_01,yue,陽明交大陽明校區,ung4 bing4 gaau1 daai1 ung4 bing4 haau1 ku1,Iông-bîng Kau-tāi Iông-bîng Hāu-khu,陽明交大陽明校區（Iông-bîng Kau-tāi Iông-bîng Hāu-khu）
E:\008-datasets\mcv-scripted-nan-tw-v23.0\cv-corpus-23.0-2025-09-05\nan-tw\single_speaker\wavs\common_voice_nan-tw_32145995.wav,nan_tw_01,yue,亡人節,bong4 lang4 zet1 |1 bong4 lang4 zot1,Bông-lâng-tseh | Bông-lâng-tsueh,亡人節 （Bông-lâng-tseh | Bông-lâng-tsueh）
E:\008-datasets\mcv-scripted-nan-tw-v23.0\cv-corpus-23.0-2025-09-05\nan-tw\single_speaker\wavs\common_voice_nan-tw_32146001.wav,nan_tw_01,yue,燈徛u,ding1 ke1 u1,ting-khiā-u,燈徛u（ting-khiā-u）
E:\008-datasets\mcv-scripted-nan-tw-v23.0\cv-corpus-23.0-2025-09-05\nan-tw\single_speaker\wavs\common_voice_nan-tw_32146002.wav,nan_tw_01,yue,頭殼歹去,taau4 kak1 paai2 ki3 |1 taau4 kak1 painn2 ki3,thâu-khak phái--khì | thâu-khak pháinn--khì,頭殼歹去（thâu-khak phái--khì | thâu-khak pháinn--khì）
E:\008-datasets\mcv-scripted-nan-tw-v23.0\cv-corpus-23.0-2025-09-05\nan-tw\single_speaker\wavs\common_voice_nan-tw_32146003.wav,nan_tw_01,yue,中壢,dung1 li̍k1 |1 dung1 le̍k1,Tiong-li̍k | Tiong-le̍k,中壢（Tiong-li̍k | Tiong-le̍k）
E:\008-datasets\mcv-scripted-nan-tw-v23.0\cv-corpus-23.0-2025-09-05\nan-tw\single_speaker\wavs\common_voice_nan-tw_32146004.wav,nan_tw_01,yue,相關兩意,soeng1 gun1 lung2 i3,siang-kuan lióng-ì,相關兩意（siang-kuan lióng-ì）
E:\008-datasets\mcv-scripted-nan-tw-v23.0\cv-corpus-23.0-2025-09-05\nan-tw\single_speaker\wavs\common_voice_nan-tw_32146005.wav,nan_tw_01,yue,土地公擽跤底,too2 de1 gong1 ngiu1 kaa1 de2,Thóo-tē-kong ngiau kha-té,土地公擽跤底 （Thóo-tē-kong ngiau kha-té）
E:\008-datasets\mcv-scripted-nan-tw-v23.0\cv-corpus-23.0-2025-09-05\nan-tw\single_speaker\wavs\common_voice_nan-tw_32146006.wav,nan_tw_01,yue,無線電字母的呼號,bo4 suann3 din1 ji1 bu2 e4 hoo1 ho1,bô-suànn-tiān jī-bú ê hoo-hō,無線電字母的呼號（bô-suànn-tiān jī-bú ê hoo-hō）
E:\008-datasets\mcv-scripted-nan-tw-v23.0\cv-corpus-23.0-2025-09-05\nan-tw\single_speaker\wavs\common_voice_nan-tw_32146007.wav,nan_tw_01,yue,悶悶慒慒,bun1 bun1 zo1 zo1,būn-būn tso-tso,悶悶慒慒（būn-būn tso-tso）
E:\008-datasets\mcv-scripted-nan-tw-v23.0\cv-corpus-23.0-2025-09-05\nan-tw\single_speaker\wavs\common_voice_nan-tw_32146008.wav,nan_tw_01,yue,飄撇,piu1 pit1,phiau-phiat,飄撇（phiau-phiat）
E:\008-datasets\mcv-scripted-nan-tw-v23.0\cv-corpus-23.0-2025-09-05\nan-tw\single_speaker\wavs\common_voice_nan-tw_32146009.wav,nan_tw_01,yue,埋沒,baai4 bua̍t1,bâi-bua̍t,埋沒（bâi-bua̍t）
E:\008-datasets\mcv-scripted-nan-tw-v23.0\cv-corpus-23.0-2025-09-05\nan-tw\single_speaker\wavs\common_voice_nan-tw_32146010.wav,nan_tw_01,yue,流感的檢驗結果攏是陰性,liu4 gam2 e4 gim2 gim1 git1 go2 long2 si1 im1 sing3,liû-kám ê kiám-giām kiat-kó lóng sī im-sìng,流感的檢驗結果攏是陰性（liû-kám ê kiám-giām kiat-kó lóng sī im-sìng）
E:\008-datasets\mcv-scripted-nan-tw-v23.0\cv-corpus-23.0-2025-09-05\nan-tw\single_speaker\wavs\common_voice_nan-tw_32146011.wav,nan_tw_01,yue,伊蹛佇阮隔壁,i1 daa3 di1 gun2 get1 biah1,I tuà tī guán keh-piah,伊蹛佇阮隔壁（I tuà tī guán keh-piah）
E:\008-datasets\mcv-scripted-nan-tw-v23.0\cv-corpus-23.0-2025-09-05\nan-tw\single_speaker\wavs\common_voice_nan-tw_32146012.wav,nan_tw_01,yue,絞群,gaa2 gun4,ká-kûn,絞群（ká-kûn）
E:\008-datasets\mcv-scripted-nan-tw-v23.0\cv-corpus-23.0-2025-09-05\nan-tw\single_speaker\wavs\common_voice_nan-tw_32146018.wav,nan_tw_01,yue,借殼上市,zioh1 kak1 ziunn1 ci1,tsioh-khak tsiūnn-tshī,借殼上市（tsioh-khak tsiūnn-tshī）
E:\008-datasets\mcv-scripted-nan-tw-v23.0\cv-corpus-23.0-2025-09-05\nan-tw\single_speaker\wavs\common_voice_nan-tw_32146019.wav,nan_tw_01,yue,花瓜仔,ho1 go1 aa2,hue-kue-á,花瓜仔（hue-kue-á）
E:\008-datasets\mcv-scripted-nan-tw-v23.0\cv-corpus-23.0-2025-09-05\nan-tw\single_speaker\wavs\common_voice_nan-tw_32146020.wav,nan_tw_01,yue,犁園寮,le4 hng4 liu4,Lê-hn̂g-liâu,犁園寮（Lê-hn̂g-liâu）
E:\008-datasets\mcv-scripted-nan-tw-v23.0\cv-corpus-23.0-2025-09-05\nan-tw\single_speaker\wavs\common_voice_nan-tw_32146021.wav,nan_tw_01,yue,窒咧,tat1 let1,that--leh,窒咧（that--leh）
E:\008-datasets\mcv-scripted-nan-tw-v23.0\cv-corpus-23.0-2025-09-05\nan-tw\single_speaker\wavs\common_voice_nan-tw_32146023.wav,nan_tw_01,yue,熟士,si̍k1 su1,si̍k-sū,熟士（si̍k-sū）
E:\008-datasets\mcv-scripted-nan-tw-v23.0\cv-corpus-23.0-2025-09-05\nan-tw\single_speaker\wavs\common_voice_nan-tw_32146048.wav,nan_tw_01,yue,拍包,paat1 baau1,phah pau,拍包（phah pau）
E:\008-datasets\mcv-scripted-nan-tw-v23.0\cv-corpus-23.0-2025-09-05\nan-tw\single_speaker\wavs\common_voice_nan-tw_32146049.wav,nan_tw_01,yue,實字,si̍t1 ji1,si̍t-jī,實字（si̍t-jī）
E:\008-datasets\mcv-scripted-nan-tw-v23.0\cv-corpus-23.0-2025-09-05\nan-tw\single_speaker\wavs\common_voice_nan-tw_32146050.wav,nan_tw_01,yue,真真正正,zin1 zin1 ziann3 ziann3,tsin tsin tsiànn tsiànn,真真正正（tsin tsin tsiànn tsiànn）
E:\008-datasets\mcv-scripted-nan-tw-v23.0\cv-corpus-23.0-2025-09-05\nan-tw\single_speaker\wavs\common_voice_nan-tw_32146051.wav,nan_tw_01,yue,譀鏡,ham3 giann3,hàm-kiànn,譀鏡（hàm-kiànn）
E:\008-datasets\mcv-scripted-nan-tw-v23.0\cv-corpus-23.0-2025-09-05\nan-tw\single_speaker\wavs\common_voice_nan-tw_32146052.wav,nan_tw_01,yue,無機化合物,bu4 gi1 haa3 ha̍p1 bu̍t1,bû-ki huà-ha̍p-bu̍t,無機化合物（bû-ki huà-ha̍p-bu̍t）
E:\008-datasets\mcv-scripted-nan-tw-v23.0\cv-corpus-23.0-2025-09-05\nan-tw\single_speaker\wavs\common_voice_nan-tw_32146058.wav,nan_tw_01,yue,楔暗烏,sot1 am3 oo1 |1 set1 am3 oo1,sueh-àm-oo | seh-àm-oo,楔暗烏（sueh-àm-oo | seh-àm-oo）
E:\008-datasets\mcv-scripted-nan-tw-v23.0\cv-corpus-23.0-2025-09-05\nan-tw\single_speaker\wavs\common_voice_nan-tw_32146059.wav,nan_tw_01,yue,府中,hu2 dung1,Hú-tiong,府中（Hú-tiong）
E:\008-datasets\mcv-scripted-nan-tw-v23.0\cv-corpus-23.0-2025-09-05\nan-tw\single_speaker\wavs\common_voice_nan-tw_32146060.wav,nan_tw_01,yue,零星股,lan4 san1 goo2,lân-san-kóo,零星股（lân-san-kóo）
E:\008-datasets\mcv-scripted-nan-tw-v23.0\cv-corpus-23.0-2025-09-05\nan-tw\single_speaker\wavs\common_voice_nan-tw_32146061.wav,nan_tw_01,yue,石觀音,zio̍h1 gun1 im1,Tsio̍h-kuan-im,石觀音（Tsio̍h-kuan-im）
E:\008-datasets\mcv-scripted-nan-tw-v23.0\cv-corpus-23.0-2025-09-05\nan-tw\single_speaker\wavs\common_voice_nan-tw_32146062.wav,nan_tw_01,yue,心狂火熱,sim1 gong4 ho2 jia̍t1,sim-kông-hué-jia̍t,心狂火熱（sim-kông-hué-jia̍t）
E:\008-datasets\mcv-scripted-nan-tw-v23.0\cv-corpus-23.0-2025-09-05\nan-tw\single_speaker\wavs\common_voice_nan-tw_32146073.wav,nan_tw_01,yue,指甲刀仔,zing2 gaat1 do1 aa2,tsíng-kah-to-á,指甲刀仔（tsíng-kah-to-á）
E:\008-datasets\mcv-scripted-nan-tw-v23.0\cv-corpus-23.0-2025-09-05\nan-tw\single_speaker\wavs\common_voice_nan-tw_32146074.wav,nan_tw_01,yue,聽你的腔口敢若是臺南人,tiann1 li2 e4 kiunn1 kaau2 gann2 naa2 si1 daai4 lam4 lang4,Thiann lí ê khiunn-kháu kánn-ná sī Tâi-lâm-lâng,聽你的腔口敢若是臺南人（Thiann lí ê khiunn-kháu kánn-ná sī Tâi-lâm-lâng）
E:\008-datasets\mcv-scripted-nan-tw-v23.0\cv-corpus-23.0-2025-09-05\nan-tw\single_speaker\wavs\common_voice_nan-tw_32146075.wav,nan_tw_01,yue,所羅門,soo2 lo4 bun4,Sóo-lô-bûn,所羅門（Sóo-lô-bûn）
E:\008-datasets\mcv-scripted-nan-tw-v23.0\cv-corpus-23.0-2025-09-05\nan-tw\single_speaker\wavs\common_voice_nan-tw_32146076.wav,nan_tw_01,yue,干樂,gan1 lo̍k1,kan-lo̍k,干樂 （kan-lo̍k）
E:\008-datasets\mcv-scripted-nan-tw-v23.0\cv-corpus-23.0-2025-09-05\nan-tw\single_speaker\wavs\common_voice_nan-tw_32146078.wav,nan_tw_01,yue,公車,gong1 ce1,kong-tshia,公車（kong-tshia）
E:\008-datasets\mcv-scripted-nan-tw-v23.0\cv-corpus-23.0-2025-09-05\nan-tw\single_speaker\wavs\common_voice_nan-tw_32146079.wav,nan_tw_01,yue,羅東溪,lo4 dong1 ke1,Lô-tong-khe,羅東溪（Lô-tong-khe）
E:\008-datasets\mcv-scripted-nan-tw-v23.0\cv-corpus-23.0-2025-09-05\nan-tw\single_speaker\wavs\common_voice_nan-tw_32146080.wav,nan_tw_01,yue,矮頓矮頓,e2 dng3 e2 dng3,é-tǹg-é-tǹg,矮頓矮頓（é-tǹg-é-tǹg）
E:\008-datasets\mcv-scripted-nan-tw-v23.0\cv-corpus-23.0-2025-09-05\nan-tw\single_speaker\wavs\common_voice_nan-tw_32146081.wav,nan_tw_01,yue,三月節,sann1 gue̍h1 zet1,sann-gue̍h tseh,三月節 （sann-gue̍h tseh）
E:\008-datasets\mcv-scripted-nan-tw-v23.0\cv-corpus-23.0-2025-09-05\nan-tw\single_speaker\wavs\common_voice_nan-tw_32146082.wav,nan_tw_01,yue,趨枋仔車,cu1 bang1 aa2 ce1,tshu-pang-á-tshia,趨枋仔車（tshu-pang-á-tshia）
E:\008-datasets\mcv-scripted-nan-tw-v23.0\cv-corpus-23.0-2025-09-05\nan-tw\single_speaker\wavs\common_voice_nan-tw_32146088.wav,nan_tw_01,yue,雲端,hun4 dun1,hûn-tuan,雲端（hûn-tuan）
E:\008-datasets\mcv-scripted-nan-tw-v23.0\cv-corpus-23.0-2025-09-05\nan-tw\single_speaker\wavs\common_voice_nan-tw_32146089.wav,nan_tw_01,yue,雪文膏,sap1 bun4 go1,sap-bûn-ko,雪文膏（sap-bûn-ko）
E:\008-datasets\mcv-scripted-nan-tw-v23.0\cv-corpus-23.0-2025-09-05\nan-tw\single_speaker\wavs\common_voice_nan-tw_32146090.wav,nan_tw_01,yue,三三五五,sam1 sam1 ngoo2 ngoo2,sam sam ngóo ngóo,三三五五 （sam sam ngóo ngóo）
E:\008-datasets\mcv-scripted-nan-tw-v23.0\cv-corpus-23.0-2025-09-05\nan-tw\single_speaker\wavs\common_voice_nan-tw_32146091.wav,nan_tw_01,yue,薰頭莫亂擲,hun1 taau4 maai3 lun1 dan3,hun-thâu mài luān tàn,薰頭莫亂擲（hun-thâu mài luān tàn）
E:\008-datasets\mcv-scripted-nan-tw-v23.0\cv-corpus-23.0-2025-09-05\nan-tw\single_speaker\wavs\common_voice_nan-tw_32146092.wav,nan_tw_01,yue,加答兒,gaa1 dap1 ji4,ka-tap-jî,加答兒（ka-tap-jî）
E:\008-datasets\mcv-scripted-nan-tw-v23.0\cv-corpus-23.0-2025-09-05\nan-tw\single_speaker\wavs\common_voice_nan-tw_32146103.wav,nan_tw_01,yue,父母用心來栽培,be1 bu2 ung1 sim1 laai4 zaai1 bo4,pē-bú iōng-sim lâi tsai-puê,父母用心來栽培（pē-bú iōng-sim lâi tsai-puê）
E:\008-datasets\mcv-scripted-nan-tw-v23.0\cv-corpus-23.0-2025-09-05\nan-tw\single_speaker\wavs\common_voice_nan-tw_32146104.wav,nan_tw_01,yue,景美,ging2 bi2 |1 gang2 bi2,Kíng-bí | Kéng-bí,景美（Kíng-bí | Kéng-bí）
E:\008-datasets\mcv-scripted-nan-tw-v23.0\cv-corpus-23.0-2025-09-05\nan-tw\single_speaker\wavs\common_voice_nan-tw_32146105.wav,nan_tw_01,yue,霧霧,bu1 bu1,bū-bū,霧霧（bū-bū）
E:\008-datasets\mcv-scripted-nan-tw-v23.0\cv-corpus-23.0-2025-09-05\nan-tw\single_speaker\wavs\common_voice_nan-tw_32146106.wav,nan_tw_01,yue,腹蓋筋力,bak1 gaa3 gin1 la̍t1,pak-kuà-kin-la̍t,腹蓋筋力（pak-kuà-kin-la̍t）
E:\008-datasets\mcv-scripted-nan-tw-v23.0\cv-corpus-23.0-2025-09-05\nan-tw\single_speaker\wavs\common_voice_nan-tw_32146107.wav,nan_tw_01,yue,糞埽話,bun3 so3 o1,pùn-sò uē,糞埽話（pùn-sò uē）
E:\008-datasets\mcv-scripted-nan-tw-v23.0\cv-corpus-23.0-2025-09-05\nan-tw\single_speaker\wavs\common_voice_nan-tw_32146114.wav,nan_tw_01,yue,宜蘭,gi4 lan4,Gî-lân,宜蘭（Gî-lân）
E:\008-datasets\mcv-scripted-nan-tw-v23.0\cv-corpus-23.0-2025-09-05\nan-tw\single_speaker\wavs\common_voice_nan-tw_32146115.wav,nan_tw_01,yue,三仙台,sam1 sin1 daai4,Sam-sian-tâi,三仙台 （Sam-sian-tâi）
E:\008-datasets\mcv-scripted-nan-tw-v23.0\cv-corpus-23.0-2025-09-05\nan-tw\single_speaker\wavs\common_voice_nan-tw_32146116.wav,nan_tw_01,yue,一坵田,zi̍t1 ku1 can4,tsi̍t khu tshân,一坵田 （tsi̍t khu tshân）
E:\008-datasets\mcv-scripted-nan-tw-v23.0\cv-corpus-23.0-2025-09-05\nan-tw\single_speaker\wavs\common_voice_nan-tw_32146117.wav,nan_tw_01,yue,燒水機,soe1 zeoi2 gi1,sio-tsuí-ki,燒水機（sio-tsuí-ki）
E:\008-datasets\mcv-scripted-nan-tw-v23.0\cv-corpus-23.0-2025-09-05\nan-tw\single_speaker\wavs\common_voice_nan-tw_32146118.wav,nan_tw_01,yue,土米仔,too2 bi2 aa2,thóo-bí-á,土米仔 （thóo-bí-á）
E:\008-datasets\mcv-scripted-nan-tw-v23.0\cv-corpus-23.0-2025-09-05\nan-tw\single_speaker\wavs\common_voice_nan-tw_32146128.wav,nan_tw_01,yue,犁頭山,le4 taau4 suann1,Lê-thâu-suann,犁頭山（Lê-thâu-suann）
E:\008-datasets\mcv-scripted-nan-tw-v23.0\cv-corpus-23.0-2025-09-05\nan-tw\single_speaker\wavs\common_voice_nan-tw_32146129.wav,nan_tw_01,yue,大風大湧,daa1 hong1 daa1 ing2,tuā-hong tuā-íng,大風大湧 （tuā-hong tuā-íng）
E:\008-datasets\mcv-scripted-nan-tw-v23.0\cv-corpus-23.0-2025-09-05\nan-tw\single_speaker\wavs\common_voice_nan-tw_32146130.wav,nan_tw_01,yue,十五分內,za̍p1 goo1 hun1 laai1 |1 cha̍p1 go͘1 hun1 laai1,Tsa̍p-gōo-hūn-lāi | Cha̍p-gō͘-hūn-lāi,十五分內（Tsa̍p-gōo-hūn-lāi | Cha̍p-gō͘-hūn-lāi）
E:\008-datasets\mcv-scripted-nan-tw-v23.0\cv-corpus-23.0-2025-09-05\nan-tw\single_speaker\wavs\common_voice_nan-tw_32146131.wav,nan_tw_01,yue,天主教堂,tin1 zu2 gaau3 dng4 |1 tin1 chu2 gaau3 dng4,Thian-tsú Kàu-tn̂g | Thian-chú Kàu-tn̂g,天主教堂（Thian-tsú Kàu-tn̂g | Thian-chú Kàu-tn̂g）
E:\008-datasets\mcv-scripted-nan-tw-v23.0\cv-corpus-23.0-2025-09-05\nan-tw\single_speaker\wavs\common_voice_nan-tw_32146132.wav,nan_tw_01,yue,牲醴文,sing1 le2 bun4,sing-lé-bûn,牲醴文（sing-lé-bûn）
E:\008-datasets\mcv-scripted-nan-tw-v23.0\cv-corpus-23.0-2025-09-05\nan-tw\single_speaker\wavs\common_voice_nan-tw_32146136.wav,nan_tw_01,yue,礦車,kong3 ce1,khòng-tshia,礦車（khòng-tshia）
E:\008-datasets\mcv-scripted-nan-tw-v23.0\cv-corpus-23.0-2025-09-05\nan-tw\single_speaker\wavs\common_voice_nan-tw_32146137.wav,nan_tw_01,yue,頭拄仔,ta̍h1 du2 aa2,tha̍h-tú-á,頭拄仔（tha̍h-tú-á）
E:\008-datasets\mcv-scripted-nan-tw-v23.0\cv-corpus-23.0-2025-09-05\nan-tw\single_speaker\wavs\common_voice_nan-tw_32146138.wav,nan_tw_01,yue,悾歁,kong1 kam2,khong-khám,悾歁（khong-khám）
E:\008-datasets\mcv-scripted-nan-tw-v23.0\cv-corpus-23.0-2025-09-05\nan-tw\single_speaker\wavs\common_voice_nan-tw_32146139.wav,nan_tw_01,yue,挽草,ban2 caau2,bán-tsháu,挽草（bán-tsháu）
E:\008-datasets\mcv-scripted-nan-tw-v23.0\cv-corpus-23.0-2025-09-05\nan-tw\single_speaker\wavs\common_voice_nan-tw_32146140.wav,nan_tw_01,yue,店仔口,dim2 aa2 kaau2,Tiám-á-kháu,店仔口（Tiám-á-kháu）
E:\008-datasets\mcv-scripted-nan-tw-v23.0\cv-corpus-23.0-2025-09-05\nan-tw\single_speaker\wavs\common_voice_nan-tw_32146158.wav,nan_tw_01,yue,新屋區,sin1 ok1 ku1,Sin-ok-khu,新屋區（Sin-ok-khu）
E:\008-datasets\mcv-scripted-nan-tw-v23.0\cv-corpus-23.0-2025-09-05\nan-tw\single_speaker\wavs\common_voice_nan-tw_32146159.wav,nan_tw_01,yue,淚腺,leoi1 suann3,luī-suànn,淚腺（luī-suànn）
E:\008-datasets\mcv-scripted-nan-tw-v23.0\cv-corpus-23.0-2025-09-05\nan-tw\single_speaker\wavs\common_voice_nan-tw_32146160.wav,nan_tw_01,yue,天公地道,tinn1 gong1 de1 do1,thinn-kong-tē-tō,天公地道（thinn-kong-tē-tō）
E:\008-datasets\mcv-scripted-nan-tw-v23.0\cv-corpus-23.0-2025-09-05\nan-tw\single_speaker\wavs\common_voice_nan-tw_32146161.wav,nan_tw_01,yue,焦花,daa1 ho1,ta-hue,焦花（ta-hue）
E:\008-datasets\mcv-scripted-nan-tw-v23.0\cv-corpus-23.0-2025-09-05\nan-tw\single_speaker\wavs\common_voice_nan-tw_32146162.wav,nan_tw_01,yue,興網路症頭,hing1 bang1 loo1 zing3 taau4,hing bāng-lōo tsìng-thâu,興網路症頭（hing bāng-lōo tsìng-thâu）
E:\008-datasets\mcv-scripted-nan-tw-v23.0\cv-corpus-23.0-2025-09-05\nan-tw\single_speaker\wavs\common_voice_nan-tw_32146172.wav,nan_tw_01,yue,田墘,can4 ginn4,tshân-kînn,田墘（tshân-kînn）
E:\008-datasets\mcv-scripted-nan-tw-v23.0\cv-corpus-23.0-2025-09-05\nan-tw\single_speaker\wavs\common_voice_nan-tw_32146173.wav,nan_tw_01,yue,獸人,siu3 lang4,siù-lâng,獸人（siù-lâng）
E:\008-datasets\mcv-scripted-nan-tw-v23.0\cv-corpus-23.0-2025-09-05\nan-tw\single_speaker\wavs\common_voice_nan-tw_32146174.wav,nan_tw_01,yue,虹彩,king1 caai2,khīng-tshái,虹彩（khīng-tshái）
E:\008-datasets\mcv-scripted-nan-tw-v23.0\cv-corpus-23.0-2025-09-05\nan-tw\single_speaker\wavs\common_voice_nan-tw_32146175.wav,nan_tw_01,yue,井底水雞,zenn2 de2 zeoi2 ge1,tsénn-té tsuí-ke,井底水雞（tsénn-té tsuí-ke）
E:\008-datasets\mcv-scripted-nan-tw-v23.0\cv-corpus-23.0-2025-09-05\nan-tw\single_speaker\wavs\common_voice_nan-tw_32146176.wav,nan_tw_01,yue,厚麶,gaau1 ti1,kāu-thi,厚麶（kāu-thi）
E:\008-datasets\mcv-scripted-nan-tw-v23.0\cv-corpus-23.0-2025-09-05\nan-tw\single_speaker\wavs\common_voice_nan-tw_32146182.wav,nan_tw_01,yue,蔡厝,caa3 cu3 |1 chhoa3 chhu3,Tshuà-tshù | Chhòa-chhù,蔡厝（Tshuà-tshù | Chhòa-chhù）
E:\008-datasets\mcv-scripted-nan-tw-v23.0\cv-corpus-23.0-2025-09-05\nan-tw\single_speaker\wavs\common_voice_nan-tw_32146183.wav,nan_tw_01,yue,炊斗,ce1 daau2 |1 co1 daau2,tshe-táu | tshue-táu,炊斗（tshe-táu | tshue-táu）
E:\008-datasets\mcv-scripted-nan-tw-v23.0\cv-corpus-23.0-2025-09-05\nan-tw\single_speaker\wavs\common_voice_nan-tw_32146184.wav,nan_tw_01,yue,跋落枕,bua̍h1 lo̍h1 zim2,pua̍h-lo̍h-tsím,跋落枕（pua̍h-lo̍h-tsím）
E:\008-datasets\mcv-scripted-nan-tw-v23.0\cv-corpus-23.0-2025-09-05\nan-tw\single_speaker\wavs\common_voice_nan-tw_32146185.wav,nan_tw_01,yue,烏雉,oo1 ti1,oo-thī,烏雉（oo-thī）
E:\008-datasets\mcv-scripted-nan-tw-v23.0\cv-corpus-23.0-2025-09-05\nan-tw\single_speaker\wavs\common_voice_nan-tw_32146194.wav,nan_tw_01,yue,冇蟳夯籠,pann3 zim4 ge4 lang2,phànn tsîm giâ láng,冇蟳夯籠（phànn tsîm giâ láng）
E:\008-datasets\mcv-scripted-nan-tw-v23.0\cv-corpus-23.0-2025-09-05\nan-tw\single_speaker\wavs\common_voice_nan-tw_32146195.wav,nan_tw_01,yue,輕鬆熊,kin1 sang1 him4,Khin-sang-hîm,輕鬆熊（Khin-sang-hîm）
E:\008-datasets\mcv-scripted-nan-tw-v23.0\cv-corpus-23.0-2025-09-05\nan-tw\single_speaker\wavs\common_voice_nan-tw_32146196.wav,nan_tw_01,yue,做代誌嘛誠骨力,zo3 daai1 zi3 maa1 ziann4 gut1 la̍t1,Tsò tāi-tsì mā tsiânn kut-la̍t,做代誌嘛誠骨力（Tsò tāi-tsì mā tsiânn kut-la̍t）
E:\008-datasets\mcv-scripted-nan-tw-v23.0\cv-corpus-23.0-2025-09-05\nan-tw\single_speaker\wavs\common_voice_nan-tw_32146197.wav,nan_tw_01,yue,著猴,dio̍h1 gaau4,tio̍h-kâu,著猴（tio̍h-kâu）
E:\008-datasets\mcv-scripted-nan-tw-v23.0\cv-corpus-23.0-2025-09-05\nan-tw\single_speaker\wavs\common_voice_nan-tw_32146198.wav,nan_tw_01,yue,濾水鈷,li1 zeoi2 goo2 |1 lu1 zeoi2 goo2,lī-tsuí-kóo | lū-tsuí-kóo,濾水鈷（lī-tsuí-kóo | lū-tsuí-kóo）
E:\008-datasets\mcv-scripted-nan-tw-v23.0\cv-corpus-23.0-2025-09-05\nan-tw\single_speaker\wavs\common_voice_nan-tw_32146203.wav,nan_tw_01,yue,未拄好,bo1 du2 ho2 |1 be1 du2 ho2,buē-tú-hó | bē-tú-hó,未拄好（buē-tú-hó | bē-tú-hó）
E:\008-datasets\mcv-scripted-nan-tw-v23.0\cv-corpus-23.0-2025-09-05\nan-tw\single_speaker\wavs\common_voice_nan-tw_32146213.wav,nan_tw_01,yue,熱學,jia̍t1 ha̍k1,jia̍t-ha̍k,熱學（jia̍t-ha̍k）
E:\008-datasets\mcv-scripted-nan-tw-v23.0\cv-corpus-23.0-2025-09-05\nan-tw\single_speaker\wavs\common_voice_nan-tw_32146214.wav,nan_tw_01,yue,揤落去,ci̍h1 lot1,tshi̍h--lueh,揤落去（tshi̍h--lueh）
E:\008-datasets\mcv-scripted-nan-tw-v23.0\cv-corpus-23.0-2025-09-05\nan-tw\single_speaker\wavs\common_voice_nan-tw_32146215.wav,nan_tw_01,yue,景興國中,ging2 hing1 gok1 dung1 |1 gang2 hang1 gok1 dung1,Kíng-hing Kok-tiong | Kéng-heng Kok-tiong,景興國中（Kíng-hing Kok-tiong | Kéng-heng Kok-tiong）
E:\008-datasets\mcv-scripted-nan-tw-v23.0\cv-corpus-23.0-2025-09-05\nan-tw\single_speaker\wavs\common_voice_nan-tw_32146216.wav,nan_tw_01,yue,烏日國小,oo1 ji̍t1 gok1 soe2,Oo-ji̍t-kok-sió,烏日國小（Oo-ji̍t-kok-sió）
E:\008-datasets\mcv-scripted-nan-tw-v23.0\cv-corpus-23.0-2025-09-05\nan-tw\single_speaker\wavs\common_voice_nan-tw_32146217.wav,nan_tw_01,yue,東區,dang1 ku1,Tang-khu,東區（Tang-khu）
E:\008-datasets\mcv-scripted-nan-tw-v23.0\cv-corpus-23.0-2025-09-05\nan-tw\single_speaker\wavs\common_voice_nan-tw_32146233.wav,nan_tw_01,yue,使性鳥,saai2 sing3 ziu2,Sái-sìng-tsiáu,使性鳥（Sái-sìng-tsiáu）
E:\008-datasets\mcv-scripted-nan-tw-v23.0\cv-corpus-23.0-2025-09-05\nan-tw\single_speaker\wavs\common_voice_nan-tw_32146234.wav,nan_tw_01,yue,屬託,sio̍k1 tok1,sio̍k-thok,屬託（sio̍k-thok）
E:\008-datasets\mcv-scripted-nan-tw-v23.0\cv-corpus-23.0-2025-09-05\nan-tw\single_speaker\wavs\common_voice_nan-tw_32146235.wav,nan_tw_01,yue,不丹,but1 dan1,Put-tan,不丹 （Put-tan）
E:\008-datasets\mcv-scripted-nan-tw-v23.0\cv-corpus-23.0-2025-09-05\nan-tw\single_speaker\wavs\common_voice_nan-tw_32146236.wav,nan_tw_01,yue,壓迫感,ap1 bik1 gam2,ap-pik-kám,壓迫感（ap-pik-kám）
E:\008-datasets\mcv-scripted-nan-tw-v23.0\cv-corpus-23.0-2025-09-05\nan-tw\single_speaker\wavs\common_voice_nan-tw_32146237.wav,nan_tw_01,yue,只會當靠這來趁食過日,只會當靠這來趁食過日1,只會當靠這來趁食過日,只會當靠這來趁食過日
E:\008-datasets\mcv-scripted-nan-tw-v23.0\cv-corpus-23.0-2025-09-05\nan-tw\single_speaker\wavs\common_voice_nan-tw_32146269.wav,nan_tw_01,yue,究勘,giu3 kam3,kiù-khàm,究勘（kiù-khàm）
E:\008-datasets\mcv-scripted-nan-tw-v23.0\cv-corpus-23.0-2025-09-05\nan-tw\single_speaker\wavs\common_voice_nan-tw_32146270.wav,nan_tw_01,yue,戮空,lak1 kang1,lak-khang,戮空（lak-khang）
E:\008-datasets\mcv-scripted-nan-tw-v23.0\cv-corpus-23.0-2025-09-05\nan-tw\single_speaker\wavs\common_voice_nan-tw_32146271.wav,nan_tw_01,yue,新市橋,sin1 chhi1 goe4,Sin-chhī-kiô,新市橋（Sin-chhī-kiô）
E:\008-datasets\mcv-scripted-nan-tw-v23.0\cv-corpus-23.0-2025-09-05\nan-tw\single_speaker\wavs\common_voice_nan-tw_32146286.wav,nan_tw_01,yue,過工空,go3 gong1 kang1 |1 ge3 gong1 kang1,kuè-kong-khang | kè-kong-khang,過工空（kuè-kong-khang | kè-kong-khang）
E:\008-datasets\mcv-scripted-nan-tw-v23.0\cv-corpus-23.0-2025-09-05\nan-tw\single_speaker\wavs\common_voice_nan-tw_32146287.wav,nan_tw_01,yue,水滾矣,zeoi2 gun2 aat1,Tsuí kún--ah,水滾矣（Tsuí kún--ah）
E:\008-datasets\mcv-scripted-nan-tw-v23.0\cv-corpus-23.0-2025-09-05\nan-tw\single_speaker\wavs\common_voice_nan-tw_32146288.wav,nan_tw_01,yue,中和橋,dung1 ho4 goe4,Tiong-hô-kiô,中和橋（Tiong-hô-kiô）
E:\008-datasets\mcv-scripted-nan-tw-v23.0\cv-corpus-23.0-2025-09-05\nan-tw\single_speaker\wavs\common_voice_nan-tw_32146289.wav,nan_tw_01,yue,喙甜心肝烏,ceoi3 dinn1 sim1 guann1 oo1,tshuì-tinn sim-kuann oo,喙甜心肝烏（tshuì-tinn sim-kuann oo）
E:\008-datasets\mcv-scripted-nan-tw-v23.0\cv-corpus-23.0-2025-09-05\nan-tw\single_speaker\wavs\common_voice_nan-tw_32146290.wav,nan_tw_01,yue,查某囡仔人,zaa1 boo2 gin2 aa2 lang4,tsa-bóo gín-á-lâng,查某囡仔人（tsa-bóo gín-á-lâng）
E:\008-datasets\mcv-scripted-nan-tw-v23.0\cv-corpus-23.0-2025-09-05\nan-tw\single_speaker\wavs\common_voice_nan-tw_32146295.wav,nan_tw_01,yue,起路,ki2 loo1,khí-lōo,起路（khí-lōo）
E:\008-datasets\mcv-scripted-nan-tw-v23.0\cv-corpus-23.0-2025-09-05\nan-tw\single_speaker\wavs\common_voice_nan-tw_32146296.wav,nan_tw_01,yue,躉納,dun2 la̍p1,tún-la̍p,躉納（tún-la̍p）
E:\008-datasets\mcv-scripted-nan-tw-v23.0\cv-corpus-23.0-2025-09-05\nan-tw\single_speaker\wavs\common_voice_nan-tw_32146297.wav,nan_tw_01,yue,電動奕者,din1 dong1 i1 ze2,tiān-tōng ī-tsiá,電動奕者（tiān-tōng ī-tsiá）
E:\008-datasets\mcv-scripted-nan-tw-v23.0\cv-corpus-23.0-2025-09-05\nan-tw\single_speaker\wavs\common_voice_nan-tw_32146298.wav,nan_tw_01,yue,國立高雄大學,gok1 li̍p1 go1 hung4 daai1 ha̍k1,Kok-li̍p Ko-hiông Tāi-ha̍k,國立高雄大學（Kok-li̍p Ko-hiông Tāi-ha̍k）
E:\008-datasets\mcv-scripted-nan-tw-v23.0\cv-corpus-23.0-2025-09-05\nan-tw\single_speaker\wavs\common_voice_nan-tw_32146299.wav,nan_tw_01,yue,和仁,ho4 jin4,Hô-jîn,和仁（Hô-jîn）
E:\008-datasets\mcv-scripted-nan-tw-v23.0\cv-corpus-23.0-2025-09-05\nan-tw\single_speaker\wavs\common_voice_nan-tw_32146309.wav,nan_tw_01,yue,花瓜,ho1 go1,hue-kue,花瓜（hue-kue）
E:\008-datasets\mcv-scripted-nan-tw-v23.0\cv-corpus-23.0-2025-09-05\nan-tw\single_speaker\wavs\common_voice_nan-tw_32146310.wav,nan_tw_01,yue,竇,doo1,tōo,竇（tōo）
E:\008-datasets\mcv-scripted-nan-tw-v23.0\cv-corpus-23.0-2025-09-05\nan-tw\single_speaker\wavs\common_voice_nan-tw_32146311.wav,nan_tw_01,yue,菝仔,ba̍t1 aa2,pa̍t-á,菝仔（pa̍t-á）
E:\008-datasets\mcv-scripted-nan-tw-v23.0\cv-corpus-23.0-2025-09-05\nan-tw\single_speaker\wavs\common_voice_nan-tw_32146312.wav,nan_tw_01,yue,秦風,zin4 hong1,Tsîn-hong,秦風（Tsîn-hong）
E:\008-datasets\mcv-scripted-nan-tw-v23.0\cv-corpus-23.0-2025-09-05\nan-tw\single_speaker\wavs\common_voice_nan-tw_32146313.wav,nan_tw_01,yue,萬波,ban1 po1,bān-pho,萬波（bān-pho）
E:\008-datasets\mcv-scripted-nan-tw-v23.0\cv-corpus-23.0-2025-09-05\nan-tw\single_speaker\wavs\common_voice_nan-tw_32146353.wav,nan_tw_01,yue,英蘭,ing1 lan4,Ing-lân,英蘭（Ing-lân）
E:\008-datasets\mcv-scripted-nan-tw-v23.0\cv-corpus-23.0-2025-09-05\nan-tw\single_speaker\wavs\common_voice_nan-tw_32146355.wav,nan_tw_01,yue,夢時代,bang1 si4 daai1,Bāng-sî-tāi,夢時代（Bāng-sî-tāi）
E:\008-datasets\mcv-scripted-nan-tw-v23.0\cv-corpus-23.0-2025-09-05\nan-tw\single_speaker\wavs\common_voice_nan-tw_32146356.wav,nan_tw_01,yue,愣愣去,gang1 gang1 ki3,gāng-gāng-khì,愣愣去（gāng-gāng-khì）
E:\008-datasets\mcv-scripted-nan-tw-v23.0\cv-corpus-23.0-2025-09-05\nan-tw\single_speaker\wavs\common_voice_nan-tw_32146357.wav,nan_tw_01,yue,雙蓮國小,soeng1 lin4 gok1 soe2,Siang-liân Kok-sió,雙蓮國小（Siang-liân Kok-sió）
E:\008-datasets\mcv-scripted-nan-tw-v23.0\cv-corpus-23.0-2025-09-05\nan-tw\single_speaker\wavs\common_voice_nan-tw_32146358.wav,nan_tw_01,yue,攏,lang2,láng,攏（láng）
E:\008-datasets\mcv-scripted-nan-tw-v23.0\cv-corpus-23.0-2025-09-05\nan-tw\single_speaker\wavs\common_voice_nan-tw_32146364.wav,nan_tw_01,yue,流星群,liu4 cenn1 gun4 |1 liu4 cinn1 gun4,liû-tshenn-kûn | liû-tshinn-kûn,流星群（liû-tshenn-kûn | liû-tshinn-kûn）
E:\008-datasets\mcv-scripted-nan-tw-v23.0\cv-corpus-23.0-2025-09-05\nan-tw\single_speaker\wavs\common_voice_nan-tw_32146365.wav,nan_tw_01,yue,蔥仔鴨,cang1 aa2 aat1,Tshang-á-ah,蔥仔鴨（Tshang-á-ah）
E:\008-datasets\mcv-scripted-nan-tw-v23.0\cv-corpus-23.0-2025-09-05\nan-tw\single_speaker\wavs\common_voice_nan-tw_32146366.wav,nan_tw_01,yue,橐袋仔妖怪,lak1 de1 aa2 iu1 gaai3,lak-tē-á-iau-kuài,橐袋仔妖怪（lak-tē-á-iau-kuài）
E:\008-datasets\mcv-scripted-nan-tw-v23.0\cv-corpus-23.0-2025-09-05\nan-tw\single_speaker\wavs\common_voice_nan-tw_32146367.wav,nan_tw_01,yue,袂落樓梯,be1 lo̍h1 laau4 teoi1,bē lo̍h lâu-thui,袂落樓梯（bē lo̍h lâu-thui）
E:\008-datasets\mcv-scripted-nan-tw-v23.0\cv-corpus-23.0-2025-09-05\nan-tw\single_speaker\wavs\common_voice_nan-tw_32146368.wav,nan_tw_01,yue,高級衛生紙,go1 gip1 eoi1 sing1 zaa2,ko-kip-uī-sing-tsuá,高級衛生紙（ko-kip-uī-sing-tsuá）
E:\008-datasets\mcv-scripted-nan-tw-v23.0\cv-corpus-23.0-2025-09-05\nan-tw\single_speaker\wavs\common_voice_nan-tw_32158809.wav,nan_tw_01,yue,中興坑,dung1 hing1 kinn1,Tiong-hing-khinn,中興坑（Tiong-hing-khinn）
E:\008-datasets\mcv-scripted-nan-tw-v23.0\cv-corpus-23.0-2025-09-05\nan-tw\single_speaker\wavs\common_voice_nan-tw_32158810.wav,nan_tw_01,yue,獨立書店,do̍k1 li̍p1 zu1 dim3,to̍k-li̍p tsu-tiàm,獨立書店（to̍k-li̍p tsu-tiàm）
E:\008-datasets\mcv-scripted-nan-tw-v23.0\cv-corpus-23.0-2025-09-05\nan-tw\single_speaker\wavs\common_voice_nan-tw_32158811.wav,nan_tw_01,yue,東寧國,dang1 ling4 gok1,Tang-lîng-kok,東寧國（Tang-lîng-kok）
E:\008-datasets\mcv-scripted-nan-tw-v23.0\cv-corpus-23.0-2025-09-05\nan-tw\single_speaker\wavs\common_voice_nan-tw_32158812.wav,nan_tw_01,yue,塗豆塊仔,too4 daau1 de3 aa2,thôo-tāu-tè-á,塗豆塊仔（thôo-tāu-tè-á）
E:\008-datasets\mcv-scripted-nan-tw-v23.0\cv-corpus-23.0-2025-09-05\nan-tw\single_speaker\wavs\common_voice_nan-tw_32158813.wav,nan_tw_01,yue,濁口溪,lo4 kaau2 ke1,Lô-kháu-khe,濁口溪（Lô-kháu-khe）
E:\008-datasets\mcv-scripted-nan-tw-v23.0\cv-corpus-23.0-2025-09-05\nan-tw\single_speaker\wavs\common_voice_nan-tw_32158824.wav,nan_tw_01,yue,頓井,dun3 zenn2 |1 dun3 zinn2,tùn-tsénn | tùn-tsínn,頓井（tùn-tsénn | tùn-tsínn）
E:\008-datasets\mcv-scripted-nan-tw-v23.0\cv-corpus-23.0-2025-09-05\nan-tw\single_speaker\wavs\common_voice_nan-tw_32158825.wav,nan_tw_01,yue,刺海馬,ciah1 haai2 be2,Tshiah-hái-bé,刺海馬（Tshiah-hái-bé）
E:\008-datasets\mcv-scripted-nan-tw-v23.0\cv-corpus-23.0-2025-09-05\nan-tw\single_speaker\wavs\common_voice_nan-tw_32158826.wav,nan_tw_01,yue,甘甜,gam1 dinn1,kam-tinn,甘甜（kam-tinn）
E:\008-datasets\mcv-scripted-nan-tw-v23.0\cv-corpus-23.0-2025-09-05\nan-tw\single_speaker\wavs\common_voice_nan-tw_32158827.wav,nan_tw_01,yue,目睭黏著蜊仔肉,ba̍k1 ziu1 lim4 dio̍h1 laa4 aa2 baat1,ba̍k-tsiu liâm-tio̍h lâ-á-bah,目睭黏著蜊仔肉（ba̍k-tsiu liâm-tio̍h lâ-á-bah）
E:\008-datasets\mcv-scripted-nan-tw-v23.0\cv-corpus-23.0-2025-09-05\nan-tw\single_speaker\wavs\common_voice_nan-tw_32158828.wav,nan_tw_01,yue,放nih捒,bang3 nit1 sak1,pàng-nih-sak,放nih捒（pàng-nih-sak）
E:\008-datasets\mcv-scripted-nan-tw-v23.0\cv-corpus-23.0-2025-09-05\nan-tw\single_speaker\wavs\common_voice_nan-tw_32163007.wav,nan_tw_01,yue,一下雷，天下響,zi̍t1 e1 leoi4 tin1 haa1 hoeng2,"tsi̍t-ē luî, thian-hā hiáng","一下雷，天下響 （tsi̍t-ē luî, thian-hā hiáng）"
E:\008-datasets\mcv-scripted-nan-tw-v23.0\cv-corpus-23.0-2025-09-05\nan-tw\single_speaker\wavs\common_voice_nan-tw_32163008.wav,nan_tw_01,yue,戇猴擔石頭,gong1 gaau4 dann1 zio̍h1 taau4,gōng-kâu tann tsio̍h-thâu,戇猴擔石頭（gōng-kâu tann tsio̍h-thâu）
E:\008-datasets\mcv-scripted-nan-tw-v23.0\cv-corpus-23.0-2025-09-05\nan-tw\single_speaker\wavs\common_voice_nan-tw_32163009.wav,nan_tw_01,yue,結拜,git1 baai3,kiat-pài,結拜（kiat-pài）
E:\008-datasets\mcv-scripted-nan-tw-v23.0\cv-corpus-23.0-2025-09-05\nan-tw\single_speaker\wavs\common_voice_nan-tw_32163010.wav,nan_tw_01,yue,狗肉忌蔥,gaau2 baat1 gi1 cang1,káu-bah kī tshang,狗肉忌蔥（káu-bah kī tshang）
E:\008-datasets\mcv-scripted-nan-tw-v23.0\cv-corpus-23.0-2025-09-05\nan-tw\single_speaker\wavs\common_voice_nan-tw_32163011.wav,nan_tw_01,yue,乏定著,ha̍t1 diann1 dio̍h1,ha̍t-tiānn-tio̍h,乏定著（ha̍t-tiānn-tio̍h）
E:\008-datasets\mcv-scripted-nan-tw-v23.0\cv-corpus-23.0-2025-09-05\nan-tw\single_speaker\wavs\common_voice_nan-tw_32163017.wav,nan_tw_01,yue,鼓山,goo2 san1,Kóo-san,鼓山（Kóo-san）
E:\008-datasets\mcv-scripted-nan-tw-v23.0\cv-corpus-23.0-2025-09-05\nan-tw\single_speaker\wavs\common_voice_nan-tw_32163018.wav,nan_tw_01,yue,普篩,poo2 taai1,phóo-thai,普篩（phóo-thai）
E:\008-datasets\mcv-scripted-nan-tw-v23.0\cv-corpus-23.0-2025-09-05\nan-tw\single_speaker\wavs\common_voice_nan-tw_32163019.wav,nan_tw_01,yue,出師表,cut1 su1 biu2,Tshut-su-piáu,出師表（Tshut-su-piáu）
E:\008-datasets\mcv-scripted-nan-tw-v23.0\cv-corpus-23.0-2025-09-05\nan-tw\single_speaker\wavs\common_voice_nan-tw_32163020.wav,nan_tw_01,yue,大坵園,daa1 ku1 hng4,Tuā-khu-hn̂g,大坵園（Tuā-khu-hn̂g）
E:\008-datasets\mcv-scripted-nan-tw-v23.0\cv-corpus-23.0-2025-09-05\nan-tw\single_speaker\wavs\common_voice_nan-tw_32163021.wav,nan_tw_01,yue,榖雨,gok1 u2 |1 gok1 i2,kok-ú | kok-í,榖雨（kok-ú | kok-í）
E:\008-datasets\mcv-scripted-nan-tw-v23.0\cv-corpus-23.0-2025-09-05\nan-tw\single_speaker\wavs\common_voice_nan-tw_32163027.wav,nan_tw_01,yue,生徒會,sing1 doo4 ho1,sing-tôo-huē,生徒會（sing-tôo-huē）
E:\008-datasets\mcv-scripted-nan-tw-v23.0\cv-corpus-23.0-2025-09-05\nan-tw\single_speaker\wavs\common_voice_nan-tw_32163028.wav,nan_tw_01,yue,公竹跤,gong1 di̍k1 kaa1 |1 gong1 dak1 kaa1,Kong-ti̍k-kha | Kong-tek-kha,公竹跤（Kong-ti̍k-kha | Kong-tek-kha）
E:\008-datasets\mcv-scripted-nan-tw-v23.0\cv-corpus-23.0-2025-09-05\nan-tw\single_speaker\wavs\common_voice_nan-tw_32163029.wav,nan_tw_01,yue,看現場,kuann3 hin1 diunn4,khuànn hiān-tiûnn,看現場（khuànn hiān-tiûnn）
E:\008-datasets\mcv-scripted-nan-tw-v23.0\cv-corpus-23.0-2025-09-05\nan-tw\single_speaker\wavs\common_voice_nan-tw_32163030.wav,nan_tw_01,yue,洗身軀精,se2 sin1 ku1 zing1,sé-sin-khu-tsing,洗身軀精（sé-sin-khu-tsing）
E:\008-datasets\mcv-scripted-nan-tw-v23.0\cv-corpus-23.0-2025-09-05\nan-tw\single_speaker\wavs\common_voice_nan-tw_32163031.wav,nan_tw_01,yue,零時政府,ling4 si4 zing3 hu2,Lîng-sî-tsìng-hú,零時政府（Lîng-sî-tsìng-hú）
E:\008-datasets\mcv-scripted-nan-tw-v23.0\cv-corpus-23.0-2025-09-05\nan-tw\single_speaker\wavs\common_voice_nan-tw_32163032.wav,nan_tw_01,yue,柴橋,caa4 goe4,tshâ-kiô,柴橋（tshâ-kiô）
E:\008-datasets\mcv-scripted-nan-tw-v23.0\cv-corpus-23.0-2025-09-05\nan-tw\single_speaker\wavs\common_voice_nan-tw_32163033.wav,nan_tw_01,yue,暗坑下,am3 kenn1 haa1 |1 am3 ken1 haa1,Àm-khenn-hā | Àm-kheⁿ-hā,暗坑下（Àm-khenn-hā | Àm-kheⁿ-hā）
E:\008-datasets\mcv-scripted-nan-tw-v23.0\cv-corpus-23.0-2025-09-05\nan-tw\single_speaker\wavs\common_voice_nan-tw_32163034.wav,nan_tw_01,yue,麥仔角,be̍h1 aa2 gak1,be̍h-á-kak,麥仔角（be̍h-á-kak）
E:\008-datasets\mcv-scripted-nan-tw-v23.0\cv-corpus-23.0-2025-09-05\nan-tw\single_speaker\wavs\common_voice_nan-tw_32163035.wav,nan_tw_01,yue,走甲離褲跤,zaau2 gaat1 li1 koo2 kaa1,tsáu kah lī khóo-kha,走甲離褲跤（tsáu kah lī khóo-kha）
E:\008-datasets\mcv-scripted-nan-tw-v23.0\cv-corpus-23.0-2025-09-05\nan-tw\single_speaker\wavs\common_voice_nan-tw_32163036.wav,nan_tw_01,yue,辛亥國小,sin1 haai1 gok1 soe2,Sin-hāi Kok-sió,辛亥國小（Sin-hāi Kok-sió）
E:\008-datasets\mcv-scripted-nan-tw-v23.0\cv-corpus-23.0-2025-09-05\nan-tw\single_speaker\wavs\common_voice_nan-tw_32163042.wav,nan_tw_01,yue,分蜢薛,bun1 met1 sit1,pun meh-sih,分蜢薛（pun meh-sih）
E:\008-datasets\mcv-scripted-nan-tw-v23.0\cv-corpus-23.0-2025-09-05\nan-tw\single_speaker\wavs\common_voice_nan-tw_32163043.wav,nan_tw_01,yue,偌爾,gaa1 ni1,guā-nī,偌爾（guā-nī）
E:\008-datasets\mcv-scripted-nan-tw-v23.0\cv-corpus-23.0-2025-09-05\nan-tw\single_speaker\wavs\common_voice_nan-tw_32163044.wav,nan_tw_01,yue,長榮航空,dung4 ing4 hang4 kong1,tiông-îng-hâng-khong,長榮航空（tiông-îng-hâng-khong）
E:\008-datasets\mcv-scripted-nan-tw-v23.0\cv-corpus-23.0-2025-09-05\nan-tw\single_speaker\wavs\common_voice_nan-tw_32163045.wav,nan_tw_01,yue,失角擦,sit1 gak1 cat1,sit-kak-tshat,失角擦（sit-kak-tshat）
E:\008-datasets\mcv-scripted-nan-tw-v23.0\cv-corpus-23.0-2025-09-05\nan-tw\single_speaker\wavs\common_voice_nan-tw_32163046.wav,nan_tw_01,yue,你欲信無我落人予你死,li2 bet1 sin3 bo4 gaa2 laau3 lang4 hoo1 li2 si2,Lí beh sìn--bô? Guá làu-lâng hōo lí sí,你欲信無我落人予你死（Lí beh sìn--bô? Guá làu-lâng hōo lí sí）
E:\008-datasets\mcv-scripted-nan-tw-v23.0\cv-corpus-23.0-2025-09-05\nan-tw\single_speaker\wavs\common_voice_nan-tw_32163052.wav,nan_tw_01,yue,沓滴,da̍p1 dit1,ta̍p-tih,沓滴（ta̍p-tih）
E:\008-datasets\mcv-scripted-nan-tw-v23.0\cv-corpus-23.0-2025-09-05\nan-tw\single_speaker\wavs\common_voice_nan-tw_32163053.wav,nan_tw_01,yue,佛心,bu̍t1 sim1,pu̍t-sim,佛心（pu̍t-sim）
E:\008-datasets\mcv-scripted-nan-tw-v23.0\cv-corpus-23.0-2025-09-05\nan-tw\single_speaker\wavs\common_voice_nan-tw_32163054.wav,nan_tw_01,yue,冰雪奇緣,bing1 sut1 gi4 in4,Ping-suat-kî-iân,冰雪奇緣（Ping-suat-kî-iân）
E:\008-datasets\mcv-scripted-nan-tw-v23.0\cv-corpus-23.0-2025-09-05\nan-tw\single_speaker\wavs\common_voice_nan-tw_32163055.wav,nan_tw_01,yue,有勢不可盡量,iu2 se3 but1 kotsin2 lung1,iú sè put-khótsīn-liōng,有勢不可盡量（iú sè put-khótsīn-liōng）
E:\008-datasets\mcv-scripted-nan-tw-v23.0\cv-corpus-23.0-2025-09-05\nan-tw\single_speaker\wavs\common_voice_nan-tw_32163056.wav,nan_tw_01,yue,福斗路口,hok1 daau2 loo1 kaau2,Hok-táu Lōo-kháu,福斗路口（Hok-táu Lōo-kháu）
E:\008-datasets\mcv-scripted-nan-tw-v23.0\cv-corpus-23.0-2025-09-05\nan-tw\single_speaker\wavs\common_voice_nan-tw_32163057.wav,nan_tw_01,yue,台灣猴山仔,daai4 un4 gaau4 san1 aa2,Tâi-uân kâu-san-á,台灣猴山仔（Tâi-uân kâu-san-á）
E:\008-datasets\mcv-scripted-nan-tw-v23.0\cv-corpus-23.0-2025-09-05\nan-tw\single_speaker\wavs\common_voice_nan-tw_32163058.wav,nan_tw_01,yue,抱起毛,po1 ki2 moo1,phō-khí-moo,抱起毛（phō-khí-moo）
E:\008-datasets\mcv-scripted-nan-tw-v23.0\cv-corpus-23.0-2025-09-05\nan-tw\single_speaker\wavs\common_voice_nan-tw_32163059.wav,nan_tw_01,yue,褪褲拍的,tng3 koo3 paat1 e4,thǹg khòo phah--ê,褪褲拍的（thǹg khòo phah--ê）
E:\008-datasets\mcv-scripted-nan-tw-v23.0\cv-corpus-23.0-2025-09-05\nan-tw\single_speaker\wavs\common_voice_nan-tw_32163060.wav,nan_tw_01,yue,閃袂離,sim2 be1 li1 |1 sim2 bo1 li1,siám-bē-lī | siám-buē-lī,閃袂離（siám-bē-lī | siám-buē-lī）
E:\008-datasets\mcv-scripted-nan-tw-v23.0\cv-corpus-23.0-2025-09-05\nan-tw\single_speaker\wavs\common_voice_nan-tw_32163061.wav,nan_tw_01,yue,見鬼司公白賊戲,ginn3 geoi2 saai1 gong1 be̍h1 ca̍t1 hi3,kìnn kuí sai-kong pe̍h-tsha̍t hì,見鬼司公白賊戲（kìnn kuí sai-kong pe̍h-tsha̍t hì）
E:\008-datasets\mcv-scripted-nan-tw-v23.0\cv-corpus-23.0-2025-09-05\nan-tw\single_speaker\wavs\common_voice_nan-tw_32163072.wav,nan_tw_01,yue,點心擔,dim2 sim1 dann3,tiám-sim-tànn,點心擔（tiám-sim-tànn）
E:\008-datasets\mcv-scripted-nan-tw-v23.0\cv-corpus-23.0-2025-09-05\nan-tw\single_speaker\wavs\common_voice_nan-tw_32163073.wav,nan_tw_01,yue,坐咧食，倒咧放,ze1 let1 zia̍h1 do2 let1 bang3,tsē leh tsia̍h tó leh pàng,坐咧食，倒咧放（tsē leh tsia̍h tó leh pàng）
E:\008-datasets\mcv-scripted-nan-tw-v23.0\cv-corpus-23.0-2025-09-05\nan-tw\single_speaker\wavs\common_voice_nan-tw_32163074.wav,nan_tw_01,yue,鹹死死,gim4 si2 si2,kiâm-sí-sí,鹹死死（kiâm-sí-sí）
E:\008-datasets\mcv-scripted-nan-tw-v23.0\cv-corpus-23.0-2025-09-05\nan-tw\single_speaker\wavs\common_voice_nan-tw_32163075.wav,nan_tw_01,yue,十份,za̍p1 hun1 |1 cha̍p1 hun1,Tsa̍p-hūn | Cha̍p-hūn,十份（Tsa̍p-hūn | Cha̍p-hūn）
E:\008-datasets\mcv-scripted-nan-tw-v23.0\cv-corpus-23.0-2025-09-05\nan-tw\single_speaker\wavs\common_voice_nan-tw_32163076.wav,nan_tw_01,yue,正月初四,ziann1 gue̍h1 ce1 su3,tsiann-gue̍h tshe-sù,正月初四（tsiann-gue̍h tshe-sù）
E:\008-datasets\mcv-scripted-nan-tw-v23.0\cv-corpus-23.0-2025-09-05\nan-tw\single_speaker\wavs\common_voice_nan-tw_32163092.wav,nan_tw_01,yue,按呢做一日歇一日,an2 ne1 zo3 zi̍t1 ji̍t1 hioh1 zi̍t1 ji̍t1,Án-ne tsò tsi̍t ji̍t hioh tsi̍t ji̍t,按呢做一日歇一日（Án-ne tsò tsi̍t ji̍t hioh tsi̍t ji̍t）
E:\008-datasets\mcv-scripted-nan-tw-v23.0\cv-corpus-23.0-2025-09-05\nan-tw\single_speaker\wavs\common_voice_nan-tw_32163093.wav,nan_tw_01,yue,余天,u4 tin1,Û Thian,余天（Û Thian）
E:\008-datasets\mcv-scripted-nan-tw-v23.0\cv-corpus-23.0-2025-09-05\nan-tw\single_speaker\wavs\common_voice_nan-tw_32163094.wav,nan_tw_01,yue,汐止區,si̍k1 zi2 ku1,Si̍k-tsí-khu,汐止區（Si̍k-tsí-khu）
E:\008-datasets\mcv-scripted-nan-tw-v23.0\cv-corpus-23.0-2025-09-05\nan-tw\single_speaker\wavs\common_voice_nan-tw_32163095.wav,nan_tw_01,yue,臺羅拼音,daai4 lo4 ping1 im1,Tâi-lô phing-im,臺羅拼音（Tâi-lô phing-im）
E:\008-datasets\mcv-scripted-nan-tw-v23.0\cv-corpus-23.0-2025-09-05\nan-tw\single_speaker\wavs\common_voice_nan-tw_32163096.wav,nan_tw_01,yue,向望,ng3 bang1,ǹg-bāng,向望（ǹg-bāng）
E:\008-datasets\mcv-scripted-nan-tw-v23.0\cv-corpus-23.0-2025-09-05\nan-tw\single_speaker\wavs\common_voice_nan-tw_32163102.wav,nan_tw_01,yue,數獨,soo2 do̍k1 |1 soo3 do̍k1,sóo-to̍k | sòo-to̍k,數獨（sóo-to̍k | sòo-to̍k）
E:\008-datasets\mcv-scripted-nan-tw-v23.0\cv-corpus-23.0-2025-09-05\nan-tw\single_speaker\wavs\common_voice_nan-tw_32163103.wav,nan_tw_01,yue,乙狀結腸,it1 zong1 git1 dng4,it-tsōng-kiat-tn̂g,乙狀結腸 （it-tsōng-kiat-tn̂g）
E:\008-datasets\mcv-scripted-nan-tw-v23.0\cv-corpus-23.0-2025-09-05\nan-tw\single_speaker\wavs\common_voice_nan-tw_32163104.wav,nan_tw_01,yue,粉間,hun2 ging1,hún-king,粉間（hún-king）
E:\008-datasets\mcv-scripted-nan-tw-v23.0\cv-corpus-23.0-2025-09-05\nan-tw\single_speaker\wavs\common_voice_nan-tw_32163105.wav,nan_tw_01,yue,跑馬,paau2 maa2,pháu-má,跑馬（pháu-má）
E:\008-datasets\mcv-scripted-nan-tw-v23.0\cv-corpus-23.0-2025-09-05\nan-tw\single_speaker\wavs\common_voice_nan-tw_32163106.wav,nan_tw_01,yue,鐵甲蚵仔,tit1 gaat1 o4 aa2,Thih-kah-ô-á,鐵甲蚵仔（Thih-kah-ô-á）
E:\008-datasets\mcv-scripted-nan-tw-v23.0\cv-corpus-23.0-2025-09-05\nan-tw\single_speaker\wavs\common_voice_nan-tw_32163112.wav,nan_tw_01,yue,雙湖國小,soeng1 oo4 gok1 soe2 |1 soeng1 o͘4 gok1 soe2,Siang-ôo-kok-sió | Siang-ô͘-kok-sió,雙湖國小（Siang-ôo-kok-sió | Siang-ô͘-kok-sió）
E:\008-datasets\mcv-scripted-nan-tw-v23.0\cv-corpus-23.0-2025-09-05\nan-tw\single_speaker\wavs\common_voice_nan-tw_32163113.wav,nan_tw_01,yue,雨傘樹,hoo1 suann3 ciu1,hōo-suànn tshiū,雨傘樹（hōo-suànn tshiū）
E:\008-datasets\mcv-scripted-nan-tw-v23.0\cv-corpus-23.0-2025-09-05\nan-tw\single_speaker\wavs\common_voice_nan-tw_32163114.wav,nan_tw_01,yue,車幫,ce1 bang1,tshia-pang,車幫（tshia-pang）
E:\008-datasets\mcv-scripted-nan-tw-v23.0\cv-corpus-23.0-2025-09-05\nan-tw\single_speaker\wavs\common_voice_nan-tw_32163115.wav,nan_tw_01,yue,興福,hing1 hok1,Hing-hok,興福（Hing-hok）
E:\008-datasets\mcv-scripted-nan-tw-v23.0\cv-corpus-23.0-2025-09-05\nan-tw\single_speaker\wavs\common_voice_nan-tw_32163116.wav,nan_tw_01,yue,拍噗仔,paat1 poo3 aa2,phah-phòo--á,拍噗仔（phah-phòo--á）
E:\008-datasets\mcv-scripted-nan-tw-v23.0\cv-corpus-23.0-2025-09-05\nan-tw\single_speaker\wavs\common_voice_nan-tw_32163117.wav,nan_tw_01,yue,拚力,biann3 la̍t1,piànn-la̍t,拚力（piànn-la̍t）
E:\008-datasets\mcv-scripted-nan-tw-v23.0\cv-corpus-23.0-2025-09-05\nan-tw\single_speaker\wavs\common_voice_nan-tw_32163118.wav,nan_tw_01,yue,遮食,ze1 zia̍h1,tsia tsia̍h,遮食（tsia tsia̍h）
E:\008-datasets\mcv-scripted-nan-tw-v23.0\cv-corpus-23.0-2025-09-05\nan-tw\single_speaker\wavs\common_voice_nan-tw_32163119.wav,nan_tw_01,yue,下蟶下蚵，到時攏無,he1 tan1 he1 o4 gaau3 si4 long2 bo4,"hē than hē ô, kàu-sî lóng-bô","下蟶下蚵，到時攏無 （hē than hē ô, kàu-sî lóng-bô）"
E:\008-datasets\mcv-scripted-nan-tw-v23.0\cv-corpus-23.0-2025-09-05\nan-tw\single_speaker\wavs\common_voice_nan-tw_32163120.wav,nan_tw_01,yue,鑿枷家己夯,ca̍k1 ge4 gaa1 di1 ge4,Tsha̍k-kê ka-tī giâ,鑿枷家己夯（Tsha̍k-kê ka-tī giâ）
E:\008-datasets\mcv-scripted-nan-tw-v23.0\cv-corpus-23.0-2025-09-05\nan-tw\single_speaker\wavs\common_voice_nan-tw_32163121.wav,nan_tw_01,yue,湯匙狐,tng1 si4 gaai3,Thng-sî-kuài,湯匙狐（Thng-sî-kuài）
E:\008-datasets\mcv-scripted-nan-tw-v23.0\cv-corpus-23.0-2025-09-05\nan-tw\single_speaker\wavs\common_voice_nan-tw_32163122.wav,nan_tw_01,yue,石駁,zio̍h1 bot1,tsio̍h-poh,石駁（tsio̍h-poh）
E:\008-datasets\mcv-scripted-nan-tw-v23.0\cv-corpus-23.0-2025-09-05\nan-tw\single_speaker\wavs\common_voice_nan-tw_32163123.wav,nan_tw_01,yue,囡仔嬰,gin2 aa2 enn1,gín-á-enn,囡仔嬰（gín-á-enn）
E:\008-datasets\mcv-scripted-nan-tw-v23.0\cv-corpus-23.0-2025-09-05\nan-tw\single_speaker\wavs\common_voice_nan-tw_32163124.wav,nan_tw_01,yue,高鐵站,go1 tit1 zam1,ko-thih-tsām,高鐵站（ko-thih-tsām）
E:\008-datasets\mcv-scripted-nan-tw-v23.0\cv-corpus-23.0-2025-09-05\nan-tw\single_speaker\wavs\common_voice_nan-tw_32163125.wav,nan_tw_01,yue,保同陂,bo2 dong4 bi1,Pó-tông-pi,保同陂（Pó-tông-pi）
E:\008-datasets\mcv-scripted-nan-tw-v23.0\cv-corpus-23.0-2025-09-05\nan-tw\single_speaker\wavs\common_voice_nan-tw_32163126.wav,nan_tw_01,yue,火犁仔,ho2 le4 aa2,hué-lê-á,火犁仔（hué-lê-á）
E:\008-datasets\mcv-scripted-nan-tw-v23.0\cv-corpus-23.0-2025-09-05\nan-tw\single_speaker\wavs\common_voice_nan-tw_32163127.wav,nan_tw_01,yue,石碇磅空,zio̍h1 diann4 bong1 kang1,Tsio̍h-tiânn Pōng-khang,石碇磅空（Tsio̍h-tiânn Pōng-khang）
E:\008-datasets\mcv-scripted-nan-tw-v23.0\cv-corpus-23.0-2025-09-05\nan-tw\single_speaker\wavs\common_voice_nan-tw_32163128.wav,nan_tw_01,yue,核子武器,hi̍k1 zu2 bu2 ki3,hi̍k-tsú bú-khì,核子武器（hi̍k-tsú bú-khì）
E:\008-datasets\mcv-scripted-nan-tw-v23.0\cv-corpus-23.0-2025-09-05\nan-tw\single_speaker\wavs\common_voice_nan-tw_32163129.wav,nan_tw_01,yue,花蓮,haa1 lin4,Hua-liân,花蓮（Hua-liân）
E:\008-datasets\mcv-scripted-nan-tw-v23.0\cv-corpus-23.0-2025-09-05\nan-tw\single_speaker\wavs\common_voice_nan-tw_32163130.wav,nan_tw_01,yue,青潭,cing1 tam4 |1 chhang1 tam4,Tshing-thâm | Chheng-thâm,青潭（Tshing-thâm | Chheng-thâm）
E:\008-datasets\mcv-scripted-nan-tw-v23.0\cv-corpus-23.0-2025-09-05\nan-tw\single_speaker\wavs\common_voice_nan-tw_32163131.wav,nan_tw_01,yue,興華國小,hing3 haa4 gok1 soe2,Hìng-huâ Kok-sió,興華國小（Hìng-huâ Kok-sió）
E:\008-datasets\mcv-scripted-nan-tw-v23.0\cv-corpus-23.0-2025-09-05\nan-tw\single_speaker\wavs\common_voice_nan-tw_32163132.wav,nan_tw_01,yue,木柵國中,ba̍k1 saa1 gok1 dung1,Ba̍k-sa Kok-tiong,木柵國中（Ba̍k-sa Kok-tiong）
E:\008-datasets\mcv-scripted-nan-tw-v23.0\cv-corpus-23.0-2025-09-05\nan-tw\single_speaker\wavs\common_voice_nan-tw_32163133.wav,nan_tw_01,yue,魚丸米粉,hi4 un4 bi2 hun2,hî-uân bí-hún,魚丸米粉（hî-uân bí-hún）
E:\008-datasets\mcv-scripted-nan-tw-v23.0\cv-corpus-23.0-2025-09-05\nan-tw\single_speaker\wavs\common_voice_nan-tw_32163134.wav,nan_tw_01,yue,攏有,long2 u1,lóng ū,攏有（lóng ū）
E:\008-datasets\mcv-scripted-nan-tw-v23.0\cv-corpus-23.0-2025-09-05\nan-tw\single_speaker\wavs\common_voice_nan-tw_32163135.wav,nan_tw_01,yue,拍頭子,paat1 taau4 zi2,phah-thâu-tsí,拍頭子（phah-thâu-tsí）
E:\008-datasets\mcv-scripted-nan-tw-v23.0\cv-corpus-23.0-2025-09-05\nan-tw\single_speaker\wavs\common_voice_nan-tw_32163136.wav,nan_tw_01,yue,龍騰,lung4 ting4 |1 lung4 tang4,Liông-thîng | Liông-thêng,龍騰（Liông-thîng | Liông-thêng）
E:\008-datasets\mcv-scripted-nan-tw-v23.0\cv-corpus-23.0-2025-09-05\nan-tw\single_speaker\wavs\common_voice_nan-tw_32163137.wav,nan_tw_01,yue,十全十美,si̍p1 zun4 si̍p1 bi2,si̍p tsuân si̍p bí,十全十美 （si̍p tsuân si̍p bí）
E:\008-datasets\mcv-scripted-nan-tw-v23.0\cv-corpus-23.0-2025-09-05\nan-tw\single_speaker\wavs\common_voice_nan-tw_32163138.wav,nan_tw_01,yue,假的,ge2 e4,ké--ê,假的（ké--ê）
E:\008-datasets\mcv-scripted-nan-tw-v23.0\cv-corpus-23.0-2025-09-05\nan-tw\single_speaker\wavs\common_voice_nan-tw_32163139.wav,nan_tw_01,yue,液晶螢幕,ik1 zing1 ing4 boo1,ik-tsing îng-bōo,液晶螢幕（ik-tsing îng-bōo）
E:\008-datasets\mcv-scripted-nan-tw-v23.0\cv-corpus-23.0-2025-09-05\nan-tw\single_speaker\wavs\common_voice_nan-tw_32163140.wav,nan_tw_01,yue,我佮意你,gaa2 gaat1 i3 li2,guá kah-ì lí,我佮意你（guá kah-ì lí）
E:\008-datasets\mcv-scripted-nan-tw-v23.0\cv-corpus-23.0-2025-09-05\nan-tw\single_speaker\wavs\common_voice_nan-tw_32163141.wav,nan_tw_01,yue,四枝釘仔未霆毋知哭,si3 gi1 ding1 aa2 be1 dan4 m1 zaai1 kaau3,sì-ki ting-á bē tân m̄ tsai khàu,四枝釘仔未霆毋知哭（sì-ki ting-á bē tân m̄ tsai khàu）
E:\008-datasets\mcv-scripted-nan-tw-v23.0\cv-corpus-23.0-2025-09-05\nan-tw\single_speaker\wavs\common_voice_nan-tw_32163157.wav,nan_tw_01,yue,中正國民中小,dung1 zing3 gok1 dung1 soe2,Tiong-tsìng Kok-tiong-sió,中正國民中小（Tiong-tsìng Kok-tiong-sió）
E:\008-datasets\mcv-scripted-nan-tw-v23.0\cv-corpus-23.0-2025-09-05\nan-tw\single_speaker\wavs\common_voice_nan-tw_32163158.wav,nan_tw_01,yue,茂谷柑,boo1 gok1 gam1,Bōo-kok-kam,茂谷柑（Bōo-kok-kam）
E:\008-datasets\mcv-scripted-nan-tw-v23.0\cv-corpus-23.0-2025-09-05\nan-tw\single_speaker\wavs\common_voice_nan-tw_32163159.wav,nan_tw_01,yue,拭桌仔,cit1 dot1 aa2,tshit toh-á,拭桌仔（tshit toh-á）
E:\008-datasets\mcv-scripted-nan-tw-v23.0\cv-corpus-23.0-2025-09-05\nan-tw\single_speaker\wavs\common_voice_nan-tw_32163160.wav,nan_tw_01,yue,度針,doo1 zim1,tōo-tsiam,度針（tōo-tsiam）
E:\008-datasets\mcv-scripted-nan-tw-v23.0\cv-corpus-23.0-2025-09-05\nan-tw\single_speaker\wavs\common_voice_nan-tw_32163161.wav,nan_tw_01,yue,日子未到，不是天道無報,ji̍t1 zi2 bi1 do3 but1 si1 tin1 do1 bo4 bo3,ji̍t-tsí bī tò put sī thian tō bô pò,日子未到，不是天道無報（ji̍t-tsí bī tò put sī thian tō bô pò）
E:\008-datasets\mcv-scripted-nan-tw-v23.0\cv-corpus-23.0-2025-09-05\nan-tw\single_speaker\wavs\common_voice_nan-tw_32163174.wav,nan_tw_01,yue,坑仔,kenn1 aa2,khenn-á,坑仔（khenn-á）
E:\008-datasets\mcv-scripted-nan-tw-v23.0\cv-corpus-23.0-2025-09-05\nan-tw\single_speaker\wavs\common_voice_nan-tw_32163176.wav,nan_tw_01,yue,種芋仔,zung3 oo1 aa2,tsiòng-ōo-á,種芋仔（tsiòng-ōo-á）
E:\008-datasets\mcv-scripted-nan-tw-v23.0\cv-corpus-23.0-2025-09-05\nan-tw\single_speaker\wavs\common_voice_nan-tw_32163177.wav,nan_tw_01,yue,噴瀾,pun3 naa1,phùn-nuā,噴瀾（phùn-nuā）
E:\008-datasets\mcv-scripted-nan-tw-v23.0\cv-corpus-23.0-2025-09-05\nan-tw\single_speaker\wavs\common_voice_nan-tw_32163178.wav,nan_tw_01,yue,滿洋直蓋,maa2 iunn4 di̍t1 gaai3,muá-iûnn-ti̍t-kài,滿洋直蓋（muá-iûnn-ti̍t-kài）
E:\008-datasets\mcv-scripted-nan-tw-v23.0\cv-corpus-23.0-2025-09-05\nan-tw\single_speaker\wavs\common_voice_nan-tw_32163179.wav,nan_tw_01,yue,民權路,bin4 kun4 loo1,Bîn-khuân-lōo,民權路（Bîn-khuân-lōo）
E:\008-datasets\mcv-scripted-nan-tw-v23.0\cv-corpus-23.0-2025-09-05\nan-tw\single_speaker\wavs\common_voice_nan-tw_32163182.wav,nan_tw_01,yue,後閘,aau1 za̍h1,āu-tsa̍h,後閘（āu-tsa̍h）
E:\008-datasets\mcv-scripted-nan-tw-v23.0\cv-corpus-23.0-2025-09-05\nan-tw\single_speaker\wavs\common_voice_nan-tw_32163183.wav,nan_tw_01,yue,吐谷渾,too2 gio̍k1 hun4,Thóo-kio̍k-hûn,吐谷渾（Thóo-kio̍k-hûn）
E:\008-datasets\mcv-scripted-nan-tw-v23.0\cv-corpus-23.0-2025-09-05\nan-tw\single_speaker\wavs\common_voice_nan-tw_32163184.wav,nan_tw_01,yue,慢速野球,ban1 sok1 e2 giu4,bān-sok iá-kiû,慢速野球（bān-sok iá-kiû）
E:\008-datasets\mcv-scripted-nan-tw-v23.0\cv-corpus-23.0-2025-09-05\nan-tw\single_speaker\wavs\common_voice_nan-tw_32163185.wav,nan_tw_01,yue,薅菜,kaau1 caai3,khau-tshài,薅菜（khau-tshài）
E:\008-datasets\mcv-scripted-nan-tw-v23.0\cv-corpus-23.0-2025-09-05\nan-tw\single_speaker\wavs\common_voice_nan-tw_32163186.wav,nan_tw_01,yue,陳盈潔,dan4 ing4 git1,Tân Îng-kiat,陳盈潔（Tân Îng-kiat）
E:\008-datasets\mcv-scripted-nan-tw-v23.0\cv-corpus-23.0-2025-09-05\nan-tw\single_speaker\wavs\common_voice_nan-tw_32163195.wav,nan_tw_01,yue,做臭頭雞仔,zo3 caau3 taau4 ge1 aa2,tsò-tshàu-thâu-ke-á,做臭頭雞仔（tsò-tshàu-thâu-ke-á）
E:\008-datasets\mcv-scripted-nan-tw-v23.0\cv-corpus-23.0-2025-09-05\nan-tw\single_speaker\wavs\common_voice_nan-tw_32163196.wav,nan_tw_01,yue,中深烘,dung1 cim1 hang1,tiong-tshim-hang,中深烘（tiong-tshim-hang）
E:\008-datasets\mcv-scripted-nan-tw-v23.0\cv-corpus-23.0-2025-09-05\nan-tw\single_speaker\wavs\common_voice_nan-tw_32163197.wav,nan_tw_01,yue,掠交替,lia̍h1 gaau1 te3,Lia̍h-kau-thè,掠交替（Lia̍h-kau-thè）
E:\008-datasets\mcv-scripted-nan-tw-v23.0\cv-corpus-23.0-2025-09-05\nan-tw\single_speaker\wavs\common_voice_nan-tw_32163198.wav,nan_tw_01,yue,烏片,oo1 pinn3,oo-phìnn,烏片（oo-phìnn）
E:\008-datasets\mcv-scripted-nan-tw-v23.0\cv-corpus-23.0-2025-09-05\nan-tw\single_speaker\wavs\common_voice_nan-tw_32163199.wav,nan_tw_01,yue,無兩人相親像,bo4 nng1 lang4 soe1 cin1 ciunn1,bô nn̄g-lâng sio-tshin-tshiūnn,無兩人相親像 （bô nn̄g-lâng sio-tshin-tshiūnn）
E:\008-datasets\mcv-scripted-nan-tw-v23.0\cv-corpus-23.0-2025-09-05\nan-tw\single_speaker\wavs\common_voice_nan-tw_32163211.wav,nan_tw_01,yue,毋知進退,m1 zaai1 zin3 te3 |1 mt1 saai1 zin3 te3,m̄ tsai tsìn-thè | mt-sai tsìn-thè,毋知進退（m̄ tsai tsìn-thè | mt-sai tsìn-thè）
E:\008-datasets\mcv-scripted-nan-tw-v23.0\cv-corpus-23.0-2025-09-05\nan-tw\single_speaker\wavs\common_voice_nan-tw_32163212.wav,nan_tw_01,yue,雨水,i2 seoi2,í-suí,雨水（í-suí）
E:\008-datasets\mcv-scripted-nan-tw-v23.0\cv-corpus-23.0-2025-09-05\nan-tw\single_speaker\wavs\common_voice_nan-tw_32163213.wav,nan_tw_01,yue,孤人房,goo1 lang4 bang4,koo-lâng-pâng,孤人房（koo-lâng-pâng）
E:\008-datasets\mcv-scripted-nan-tw-v23.0\cv-corpus-23.0-2025-09-05\nan-tw\single_speaker\wavs\common_voice_nan-tw_32163214.wav,nan_tw_01,yue,六甲頂,la̍k1 gaat1 ding2 aa2 |1 la̍k1 gaat1 dang2 aa2,La̍k-kah-tíng-á | La̍k-kah-téng-á,六甲頂（La̍k-kah-tíng-á | La̍k-kah-téng-á）
E:\008-datasets\mcv-scripted-nan-tw-v23.0\cv-corpus-23.0-2025-09-05\nan-tw\single_speaker\wavs\common_voice_nan-tw_32163215.wav,nan_tw_01,yue,蝴蝶泅,oo4 dia̍p1 siu4,ôo-tia̍p-siû,蝴蝶泅（ôo-tia̍p-siû）
E:\008-datasets\mcv-scripted-nan-tw-v23.0\cv-corpus-23.0-2025-09-05\nan-tw\single_speaker\wavs\common_voice_nan-tw_32163221.wav,nan_tw_01,yue,驚掣,giann1 cuah1,kiann-tshuah,驚掣（kiann-tshuah）
E:\008-datasets\mcv-scripted-nan-tw-v23.0\cv-corpus-23.0-2025-09-05\nan-tw\single_speaker\wavs\common_voice_nan-tw_32163222.wav,nan_tw_01,yue,塗蜂仔,too4 pang1 aa2,thôo-phang-á,塗蜂仔（thôo-phang-á）
E:\008-datasets\mcv-scripted-nan-tw-v23.0\cv-corpus-23.0-2025-09-05\nan-tw\single_speaker\wavs\common_voice_nan-tw_32163223.wav,nan_tw_01,yue,細百,se3 baat1,sè-pah,細百（sè-pah）
E:\008-datasets\mcv-scripted-nan-tw-v23.0\cv-corpus-23.0-2025-09-05\nan-tw\single_speaker\wavs\common_voice_nan-tw_32163224.wav,nan_tw_01,yue,鐵牛車,tit1 gu4 ce1,thih-gû-tshia,鐵牛車（thih-gû-tshia）
E:\008-datasets\mcv-scripted-nan-tw-v23.0\cv-corpus-23.0-2025-09-05\nan-tw\single_speaker\wavs\common_voice_nan-tw_32163225.wav,nan_tw_01,yue,倚欲,aa2 bet1,uá-beh,倚欲（uá-beh）
E:\008-datasets\mcv-scripted-nan-tw-v23.0\cv-corpus-23.0-2025-09-05\nan-tw\single_speaker\wavs\common_voice_nan-tw_32163228.wav,nan_tw_01,yue,高雄,go1 hung4,Ko-hiông,高雄（Ko-hiông）
E:\008-datasets\mcv-scripted-nan-tw-v23.0\cv-corpus-23.0-2025-09-05\nan-tw\single_speaker\wavs\common_voice_nan-tw_32163229.wav,nan_tw_01,yue,有影有跡,u1 iann2 u1 ziah1,ū-iánn-ū-tsiah,有影有跡（ū-iánn-ū-tsiah）
E:\008-datasets\mcv-scripted-nan-tw-v23.0\cv-corpus-23.0-2025-09-05\nan-tw\single_speaker\wavs\common_voice_nan-tw_32163230.wav,nan_tw_01,yue,珠,zu1,tsu,珠（tsu）
E:\008-datasets\mcv-scripted-nan-tw-v23.0\cv-corpus-23.0-2025-09-05\nan-tw\single_speaker\wavs\common_voice_nan-tw_32163231.wav,nan_tw_01,yue,輜物機,zu1 mi̍h1 gi1,tsu-mi̍h-ki,輜物機（tsu-mi̍h-ki）
E:\008-datasets\mcv-scripted-nan-tw-v23.0\cv-corpus-23.0-2025-09-05\nan-tw\single_speaker\wavs\common_voice_nan-tw_32163232.wav,nan_tw_01,yue,愛新覺羅,aai3 sin1 gak1 lo4,Ài-sin-kak-lô,愛新覺羅（Ài-sin-kak-lô）
E:\008-datasets\mcv-scripted-nan-tw-v23.0\cv-corpus-23.0-2025-09-05\nan-tw\single_speaker\wavs\common_voice_nan-tw_32163236.wav,nan_tw_01,yue,唐人街,dong4 jin4 ge1,tông-jîn-ke,唐人街（tông-jîn-ke）
E:\008-datasets\mcv-scripted-nan-tw-v23.0\cv-corpus-23.0-2025-09-05\nan-tw\single_speaker\wavs\common_voice_nan-tw_32163237.wav,nan_tw_01,yue,電火,din1 her2,tiān-hér,電火（tiān-hér）
E:\008-datasets\mcv-scripted-nan-tw-v23.0\cv-corpus-23.0-2025-09-05\nan-tw\single_speaker\wavs\common_voice_nan-tw_32163238.wav,nan_tw_01,yue,洗錢,se2 zinn4,sé-tsînn,洗錢（sé-tsînn）
E:\008-datasets\mcv-scripted-nan-tw-v23.0\cv-corpus-23.0-2025-09-05\nan-tw\single_speaker\wavs\common_voice_nan-tw_32163239.wav,nan_tw_01,yue,覓搭覓搭,baa1 daat1 baa1 daat1,bā-tah bā-tah,覓搭覓搭（bā-tah bā-tah）
E:\008-datasets\mcv-scripted-nan-tw-v23.0\cv-corpus-23.0-2025-09-05\nan-tw\single_speaker\wavs\common_voice_nan-tw_32163240.wav,nan_tw_01,yue,四方金,su3 hong1 gim1,sù-hong-kim,四方金（sù-hong-kim）
E:\008-datasets\mcv-scripted-nan-tw-v23.0\cv-corpus-23.0-2025-09-05\nan-tw\single_speaker\wavs\common_voice_nan-tw_32163245.wav,nan_tw_01,yue,飼水,ci1 zeoi2,tshī-tsuí,飼水（tshī-tsuí）
E:\008-datasets\mcv-scripted-nan-tw-v23.0\cv-corpus-23.0-2025-09-05\nan-tw\single_speaker\wavs\common_voice_nan-tw_32163246.wav,nan_tw_01,yue,是毋是,si1 m1 si1,sī m̄ sī,是毋是（sī m̄ sī）
E:\008-datasets\mcv-scripted-nan-tw-v23.0\cv-corpus-23.0-2025-09-05\nan-tw\single_speaker\wavs\common_voice_nan-tw_32163247.wav,nan_tw_01,yue,火雞肉飯,ho2 ge1 baat1 bng1,hué-ke-bah-pn̄g,火雞肉飯（hué-ke-bah-pn̄g）
E:\008-datasets\mcv-scripted-nan-tw-v23.0\cv-corpus-23.0-2025-09-05\nan-tw\single_speaker\wavs\common_voice_nan-tw_32163248.wav,nan_tw_01,yue,千言萬語,cin1 gin4 ban1 gi2,tshian giân bān gí,千言萬語 （tshian giân bān gí）
E:\008-datasets\mcv-scripted-nan-tw-v23.0\cv-corpus-23.0-2025-09-05\nan-tw\single_speaker\wavs\common_voice_nan-tw_32163249.wav,nan_tw_01,yue,戰狼,zin3 long4,tsiàn-lông,戰狼（tsiàn-lông）
E:\008-datasets\mcv-scripted-nan-tw-v23.0\cv-corpus-23.0-2025-09-05\nan-tw\single_speaker\wavs\common_voice_nan-tw_32163251.wav,nan_tw_01,yue,用心計較,ung1 sim1 ge3 gaau3,iōng-sim-kè-kàu,用心計較（iōng-sim-kè-kàu）
E:\008-datasets\mcv-scripted-nan-tw-v23.0\cv-corpus-23.0-2025-09-05\nan-tw\single_speaker\wavs\common_voice_nan-tw_32163252.wav,nan_tw_01,yue,船仔草,zun4 aa2 caau2,tsûn-á tsháu,船仔草（tsûn-á tsháu）
E:\008-datasets\mcv-scripted-nan-tw-v23.0\cv-corpus-23.0-2025-09-05\nan-tw\single_speaker\wavs\common_voice_nan-tw_32163253.wav,nan_tw_01,yue,東石,dang1 zio̍h1,Tang-tsio̍h,東石（Tang-tsio̍h）
E:\008-datasets\mcv-scripted-nan-tw-v23.0\cv-corpus-23.0-2025-09-05\nan-tw\single_speaker\wavs\common_voice_nan-tw_32163254.wav,nan_tw_01,yue,煞經,suah1 ging1,suah-king,煞經（suah-king）
E:\008-datasets\mcv-scripted-nan-tw-v23.0\cv-corpus-23.0-2025-09-05\nan-tw\single_speaker\wavs\common_voice_nan-tw_32163261.wav,nan_tw_01,yue,蘆趵,loo4 daa3,lôo tà,蘆趵（lôo tà）
E:\008-datasets\mcv-scripted-nan-tw-v23.0\cv-corpus-23.0-2025-09-05\nan-tw\single_speaker\wavs\common_voice_nan-tw_32163285.wav,nan_tw_01,yue,捽土地,sut1 too2 de1,sut thóo-tē,捽土地（sut thóo-tē）
E:\008-datasets\mcv-scripted-nan-tw-v23.0\cv-corpus-23.0-2025-09-05\nan-tw\single_speaker\wavs\common_voice_nan-tw_32163286.wav,nan_tw_01,yue,大葉校栗,dtua1 hio̍h1 gaau3 la̍t1,ttuā-hio̍h kàu la̍t,大葉校栗 （ttuā-hio̍h kàu la̍t）
E:\008-datasets\mcv-scripted-nan-tw-v23.0\cv-corpus-23.0-2025-09-05\nan-tw\single_speaker\wavs\common_voice_nan-tw_32163287.wav,nan_tw_01,yue,哭爸,kaau3 be1,khàu-pē,哭爸（khàu-pē）
E:\008-datasets\mcv-scripted-nan-tw-v23.0\cv-corpus-23.0-2025-09-05\nan-tw\single_speaker\wavs\common_voice_nan-tw_32163288.wav,nan_tw_01,yue,聖佛無分大細身,siann3 hu̍t1 bo4 hun1 daa1 se3 sin1,siànn hu̍t bô-hun tuā-sè sin,聖佛無分大細身（siànn hu̍t bô-hun tuā-sè sin）
E:\008-datasets\mcv-scripted-nan-tw-v23.0\cv-corpus-23.0-2025-09-05\nan-tw\single_speaker\wavs\common_voice_nan-tw_32163289.wav,nan_tw_01,yue,入眠,ji̍p1 bin4,ji̍p-bîn,入眠 （ji̍p-bîn）
E:\008-datasets\mcv-scripted-nan-tw-v23.0\cv-corpus-23.0-2025-09-05\nan-tw\single_speaker\wavs\common_voice_nan-tw_32163300.wav,nan_tw_01,yue,女同志,lu2 dong4 zi3,lú-tông-tsì,女同志 （lú-tông-tsì）
E:\008-datasets\mcv-scripted-nan-tw-v23.0\cv-corpus-23.0-2025-09-05\nan-tw\single_speaker\wavs\common_voice_nan-tw_32163301.wav,nan_tw_01,yue,喙角,ceoi3 gak1,tshuì-kak,喙角（tshuì-kak）
E:\008-datasets\mcv-scripted-nan-tw-v23.0\cv-corpus-23.0-2025-09-05\nan-tw\single_speaker\wavs\common_voice_nan-tw_32163302.wav,nan_tw_01,yue,自由之戰,zu1 iu4 zi1 zin3,Tsū-iû-tsi-tsiàn,自由之戰（Tsū-iû-tsi-tsiàn）
E:\008-datasets\mcv-scripted-nan-tw-v23.0\cv-corpus-23.0-2025-09-05\nan-tw\single_speaker\wavs\common_voice_nan-tw_32163303.wav,nan_tw_01,yue,厚洘,gaau1 ko2,kāu-khó,厚洘（kāu-khó）
E:\008-datasets\mcv-scripted-nan-tw-v23.0\cv-corpus-23.0-2025-09-05\nan-tw\single_speaker\wavs\common_voice_nan-tw_32163304.wav,nan_tw_01,yue,一粒一,it1 lia̍p1 it1,it-lia̍p-it,一粒一 （it-lia̍p-it）
E:\008-datasets\mcv-scripted-nan-tw-v23.0\cv-corpus-23.0-2025-09-05\nan-tw\single_speaker\wavs\common_voice_nan-tw_32163305.wav,nan_tw_01,yue,沉水艦,dim4 zeoi2 lam1,tîm-tsúi-lām,沉水艦（tîm-tsúi-lām）
E:\008-datasets\mcv-scripted-nan-tw-v23.0\cv-corpus-23.0-2025-09-05\nan-tw\single_speaker\wavs\common_voice_nan-tw_32163306.wav,nan_tw_01,yue,播箍仔,boo3 koo1 aa2,pòo khoo-á,播箍仔（pòo khoo-á）
E:\008-datasets\mcv-scripted-nan-tw-v23.0\cv-corpus-23.0-2025-09-05\nan-tw\single_speaker\wavs\common_voice_nan-tw_32163307.wav,nan_tw_01,yue,夏哈烏,haa1 haa1 oo1,hā-ha-oo,夏哈烏（hā-ha-oo）
E:\008-datasets\mcv-scripted-nan-tw-v23.0\cv-corpus-23.0-2025-09-05\nan-tw\single_speaker\wavs\common_voice_nan-tw_32163308.wav,nan_tw_01,yue,郵送投票,iu4 sang3 daau4 poe3,iû-sàng tâu-phiò,郵送投票（iû-sàng tâu-phiò）
E:\008-datasets\mcv-scripted-nan-tw-v23.0\cv-corpus-23.0-2025-09-05\nan-tw\single_speaker\wavs\common_voice_nan-tw_32163309.wav,nan_tw_01,yue,毋是款,m1 si1 kun2,m̄ sī khuán,毋是款（m̄ sī khuán）
E:\008-datasets\mcv-scripted-nan-tw-v23.0\cv-corpus-23.0-2025-09-05\nan-tw\single_speaker\wavs\common_voice_nan-tw_32163312.wav,nan_tw_01,yue,火杜伯,ho2 doo1 bet1,Hué-tōo-peh,火杜伯（Hué-tōo-peh）
E:\008-datasets\mcv-scripted-nan-tw-v23.0\cv-corpus-23.0-2025-09-05\nan-tw\single_speaker\wavs\common_voice_nan-tw_32163313.wav,nan_tw_01,yue,失眠,sit1 bin4,sit-bîn,失眠（sit-bîn）
E:\008-datasets\mcv-scripted-nan-tw-v23.0\cv-corpus-23.0-2025-09-05\nan-tw\single_speaker\wavs\common_voice_nan-tw_32163314.wav,nan_tw_01,yue,桃志其,to4 zi3 gi4,Thô-tsì-kî,桃志其（Thô-tsì-kî）
E:\008-datasets\mcv-scripted-nan-tw-v23.0\cv-corpus-23.0-2025-09-05\nan-tw\single_speaker\wavs\common_voice_nan-tw_32163315.wav,nan_tw_01,yue,突勉,du̍t1 bin2,Tu̍t-bián,突勉（Tu̍t-bián）
E:\008-datasets\mcv-scripted-nan-tw-v23.0\cv-corpus-23.0-2025-09-05\nan-tw\single_speaker\wavs\common_voice_nan-tw_32163317.wav,nan_tw_01,yue,亥在亥在,haai1 zaai1 haai1 zaai1,hāi-tsāi-hāi-tsāi,亥在亥在（hāi-tsāi-hāi-tsāi）
E:\008-datasets\mcv-scripted-nan-tw-v23.0\cv-corpus-23.0-2025-09-05\nan-tw\single_speaker\wavs\common_voice_nan-tw_32163330.wav,nan_tw_01,yue,高血油,go1 hot1 iu4 |1 go1 hit1 iu4,ko hueh-iû | ko-hiat-iû,高血油（ko hueh-iû | ko-hiat-iû）
E:\008-datasets\mcv-scripted-nan-tw-v23.0\cv-corpus-23.0-2025-09-05\nan-tw\single_speaker\wavs\common_voice_nan-tw_32163331.wav,nan_tw_01,yue,火燒厝,ho2 soe1 cu3,Hué-sio-tshù,火燒厝（Hué-sio-tshù）
E:\008-datasets\mcv-scripted-nan-tw-v23.0\cv-corpus-23.0-2025-09-05\nan-tw\single_speaker\wavs\common_voice_nan-tw_32163332.wav,nan_tw_01,yue,風說,hong1 sut1 |1 hong1 set1,hong-suat | hong-seh,風說（hong-suat | hong-seh）
E:\008-datasets\mcv-scripted-nan-tw-v23.0\cv-corpus-23.0-2025-09-05\nan-tw\single_speaker\wavs\common_voice_nan-tw_32163333.wav,nan_tw_01,yue,新北大都會公園,sin1 bak1 daa1 doo1 ho1 gong1 hng4,Sin-pak-tuā-too-huē-kong-hn̂g,新北大都會公園（Sin-pak-tuā-too-huē-kong-hn̂g）
E:\008-datasets\mcv-scripted-nan-tw-v23.0\cv-corpus-23.0-2025-09-05\nan-tw\single_speaker\wavs\common_voice_nan-tw_32163334.wav,nan_tw_01,yue,跤頭腕,kaa1 taau4 uann2,kha-thâu-uánn,跤頭腕（kha-thâu-uánn）
E:\008-datasets\mcv-scripted-nan-tw-v23.0\cv-corpus-23.0-2025-09-05\nan-tw\single_speaker\wavs\common_voice_nan-tw_32163344.wav,nan_tw_01,yue,廟公,boe1 gong1,biō-kong,廟公（biō-kong）
E:\008-datasets\mcv-scripted-nan-tw-v23.0\cv-corpus-23.0-2025-09-05\nan-tw\single_speaker\wavs\common_voice_nan-tw_32163345.wav,nan_tw_01,yue,索仔小?咧就會使,sot1 aa2 soe2 han4 let1 do1 e1 saai2,Soh-á sió hân--leh tō ē-sái,索仔小?咧就會使（Soh-á sió hân--leh tō ē-sái）
E:\008-datasets\mcv-scripted-nan-tw-v23.0\cv-corpus-23.0-2025-09-05\nan-tw\single_speaker\wavs\common_voice_nan-tw_32163346.wav,nan_tw_01,yue,母身獨身,bo2 sin1 do̍k1 sin1,bó-sin-to̍k-sin,母身獨身（bó-sin-to̍k-sin）
E:\008-datasets\mcv-scripted-nan-tw-v23.0\cv-corpus-23.0-2025-09-05\nan-tw\single_speaker\wavs\common_voice_nan-tw_32163347.wav,nan_tw_01,yue,芳苑鄉,hong1 oan2 hung1,Hong-oán-hiong,芳苑鄉（Hong-oán-hiong）
E:\008-datasets\mcv-scripted-nan-tw-v23.0\cv-corpus-23.0-2025-09-05\nan-tw\single_speaker\wavs\common_voice_nan-tw_32163348.wav,nan_tw_01,yue,起塗龍,ki2 too4 lung4 |1 ki2 too4 ling4,khí-thôo-liông | khí-thôo-lîng,起塗龍（khí-thôo-liông | khí-thôo-lîng）
E:\008-datasets\mcv-scripted-nan-tw-v23.0\cv-corpus-23.0-2025-09-05\nan-tw\single_speaker\wavs\common_voice_nan-tw_32163368.wav,nan_tw_01,yue,出頭,cut1 taau4,tshut-thâu,出頭（tshut-thâu）
E:\008-datasets\mcv-scripted-nan-tw-v23.0\cv-corpus-23.0-2025-09-05\nan-tw\single_speaker\wavs\common_voice_nan-tw_32163369.wav,nan_tw_01,yue,水碓仔,zeoi2 deoi3 aa2 |1 cheoi2 deoi3 aa2,Tsuí-tuì-á | Chúi-tùi-á,水碓仔（Tsuí-tuì-á | Chúi-tùi-á）
E:\008-datasets\mcv-scripted-nan-tw-v23.0\cv-corpus-23.0-2025-09-05\nan-tw\single_speaker\wavs\common_voice_nan-tw_32163370.wav,nan_tw_01,yue,水圳仔,zeoi2 zun2 aa2,tsuí-tsún-á,水圳仔（tsuí-tsún-á）
E:\008-datasets\mcv-scripted-nan-tw-v23.0\cv-corpus-23.0-2025-09-05\nan-tw\single_speaker\wavs\common_voice_nan-tw_32163371.wav,nan_tw_01,yue,雞仔咯咯叫,ge1 aa2 gok1 gok1 goe3,Ke-á kok-kok-kiò,雞仔咯咯叫（Ke-á kok-kok-kiò）
E:\008-datasets\mcv-scripted-nan-tw-v23.0\cv-corpus-23.0-2025-09-05\nan-tw\single_speaker\wavs\common_voice_nan-tw_32163372.wav,nan_tw_01,yue,阿百尼,aa1 baat1 ni4,A-pah-nî,阿百尼（A-pah-nî）
E:\008-datasets\mcv-scripted-nan-tw-v23.0\cv-corpus-23.0-2025-09-05\nan-tw\single_speaker\wavs\common_voice_nan-tw_32163383.wav,nan_tw_01,yue,埔里站,boo1 li2 zam1 |1 bo͘1 li2 cham1,Poo-lí-tsām | Po͘-lí-chām,埔里站（Poo-lí-tsām | Po͘-lí-chām）
E:\008-datasets\mcv-scripted-nan-tw-v23.0\cv-corpus-23.0-2025-09-05\nan-tw\single_speaker\wavs\common_voice_nan-tw_32163384.wav,nan_tw_01,yue,辛亥,sin1 haai1,Sin-hāi,辛亥（Sin-hāi）
E:\008-datasets\mcv-scripted-nan-tw-v23.0\cv-corpus-23.0-2025-09-05\nan-tw\single_speaker\wavs\common_voice_nan-tw_32163385.wav,nan_tw_01,yue,蹂躪,jiu2 lin1,jiú-līn,蹂躪（jiú-līn）
E:\008-datasets\mcv-scripted-nan-tw-v23.0\cv-corpus-23.0-2025-09-05\nan-tw\single_speaker\wavs\common_voice_nan-tw_32163387.wav,nan_tw_01,yue,無啥物,bo4 siann2 mi̍h1,bô-siánn-mi̍h,無啥物（bô-siánn-mi̍h）
E:\008-datasets\mcv-scripted-nan-tw-v23.0\cv-corpus-23.0-2025-09-05\nan-tw\single_speaker\wavs\common_voice_nan-tw_32163399.wav,nan_tw_01,yue,投影燈,daau4 iann2 ding1,tâu-iánn-ting,投影燈（tâu-iánn-ting）
E:\008-datasets\mcv-scripted-nan-tw-v23.0\cv-corpus-23.0-2025-09-05\nan-tw\single_speaker\wavs\common_voice_nan-tw_32163400.wav,nan_tw_01,yue,建安國小,gin3 an1 gok1 soe2,Kiàn-an Kok-sió,建安國小（Kiàn-an Kok-sió）
E:\008-datasets\mcv-scripted-nan-tw-v23.0\cv-corpus-23.0-2025-09-05\nan-tw\single_speaker\wavs\common_voice_nan-tw_32163401.wav,nan_tw_01,yue,㪉紙機,gap1 zaa2 gi1,kap-tsuá-ki,㪉紙機（kap-tsuá-ki）
E:\008-datasets\mcv-scripted-nan-tw-v23.0\cv-corpus-23.0-2025-09-05\nan-tw\single_speaker\wavs\common_voice_nan-tw_32163402.wav,nan_tw_01,yue,白頭偕老,bi̍k1 toe4 gaai1 lo2 |1 bi̍k1 toe4 gaai1 noo2,pi̍k-thiô-kai-ló | pi̍k-thiô-kai-nóo,白頭偕老（pi̍k-thiô-kai-ló | pi̍k-thiô-kai-nóo）
E:\008-datasets\mcv-scripted-nan-tw-v23.0\cv-corpus-23.0-2025-09-05\nan-tw\single_speaker\wavs\common_voice_nan-tw_32163403.wav,nan_tw_01,yue,三改,sann1 gaai2,sann kái,三改 （sann kái）
E:\008-datasets\mcv-scripted-nan-tw-v23.0\cv-corpus-23.0-2025-09-05\nan-tw\single_speaker\wavs\common_voice_nan-tw_32163429.wav,nan_tw_01,yue,人心不足蛇吞象,jin4 sim1 but1 zuk1 se4 tun1 ciunn1,jîn-sim put-tsiok siâ thun tshiūnn,人心不足蛇吞象 （jîn-sim put-tsiok siâ thun tshiūnn）
E:\008-datasets\mcv-scripted-nan-tw-v23.0\cv-corpus-23.0-2025-09-05\nan-tw\single_speaker\wavs\common_voice_nan-tw_32163430.wav,nan_tw_01,yue,蘇格蘭,soo1 get1 lan4,Soo-keh-lân,蘇格蘭（Soo-keh-lân）
E:\008-datasets\mcv-scripted-nan-tw-v23.0\cv-corpus-23.0-2025-09-05\nan-tw\single_speaker\wavs\common_voice_nan-tw_32163431.wav,nan_tw_01,yue,松河街,sung1 ho4 ge1,Siong-hô-ke,松河街（Siong-hô-ke）
E:\008-datasets\mcv-scripted-nan-tw-v23.0\cv-corpus-23.0-2025-09-05\nan-tw\single_speaker\wavs\common_voice_nan-tw_32163432.wav,nan_tw_01,yue,反粒子,hun2 lia̍p1 zu2,huán-lia̍p-tsú,反粒子（huán-lia̍p-tsú）
E:\008-datasets\mcv-scripted-nan-tw-v23.0\cv-corpus-23.0-2025-09-05\nan-tw\single_speaker\wavs\common_voice_nan-tw_32163433.wav,nan_tw_01,yue,統埔,tong2 boo1 |1 tong2 bo͘1,Thóng-poo | Thóng-po͘,統埔（Thóng-poo | Thóng-po͘）
E:\008-datasets\mcv-scripted-nan-tw-v23.0\cv-corpus-23.0-2025-09-05\nan-tw\single_speaker\wavs\common_voice_nan-tw_32163439.wav,nan_tw_01,yue,三福街,sann1 hok1 go1 |1 san1 hok1 goe1,Sann-hok-kue | Saⁿ-hok-koe,三福街（Sann-hok-kue | Saⁿ-hok-koe）
E:\008-datasets\mcv-scripted-nan-tw-v23.0\cv-corpus-23.0-2025-09-05\nan-tw\single_speaker\wavs\common_voice_nan-tw_32163440.wav,nan_tw_01,yue,膃肭,ut1 lut1,Ut-lut,膃肭（Ut-lut）
E:\008-datasets\mcv-scripted-nan-tw-v23.0\cv-corpus-23.0-2025-09-05\nan-tw\single_speaker\wavs\common_voice_nan-tw_32163441.wav,nan_tw_01,yue,高雄的九龍殯儀館,go1 hung4 e4 giu2 lung4 bin1 gi4 gun2,Ko-hiông--ê Kiú-liông Pin-gî-kuán,高雄的九龍殯儀館（Ko-hiông--ê Kiú-liông Pin-gî-kuán）
E:\008-datasets\mcv-scripted-nan-tw-v23.0\cv-corpus-23.0-2025-09-05\nan-tw\single_speaker\wavs\common_voice_nan-tw_32163442.wav,nan_tw_01,yue,一捲,zi̍t1 gng2,tsi̍t kńg,一捲 （tsi̍t kńg）
E:\008-datasets\mcv-scripted-nan-tw-v23.0\cv-corpus-23.0-2025-09-05\nan-tw\single_speaker\wavs\common_voice_nan-tw_32163443.wav,nan_tw_01,yue,橫切面,huainn4 cit1 bin1,huâinn-tshiat-bīn,橫切面（huâinn-tshiat-bīn）
E:\008-datasets\mcv-scripted-nan-tw-v23.0\cv-corpus-23.0-2025-09-05\nan-tw\single_speaker\wavs\common_voice_nan-tw_32163459.wav,nan_tw_01,yue,恭喜發財,gung1 hi2 hut1 zaai4,kiong-hí-huat-tsâi,恭喜發財（kiong-hí-huat-tsâi）
E:\008-datasets\mcv-scripted-nan-tw-v23.0\cv-corpus-23.0-2025-09-05\nan-tw\single_speaker\wavs\common_voice_nan-tw_32163460.wav,nan_tw_01,yue,大湖公園,daa1 oo4 gong1 hng4,Tuā-ôo Kong-hn̂g,大湖公園（Tuā-ôo Kong-hn̂g）
E:\008-datasets\mcv-scripted-nan-tw-v23.0\cv-corpus-23.0-2025-09-05\nan-tw\single_speaker\wavs\common_voice_nan-tw_32163461.wav,nan_tw_01,yue,涵空肥龜,am1 kang1 beoi4 gu1,ām-khang-puî-ku,涵空肥龜（ām-khang-puî-ku）
E:\008-datasets\mcv-scripted-nan-tw-v23.0\cv-corpus-23.0-2025-09-05\nan-tw\single_speaker\wavs\common_voice_nan-tw_32163462.wav,nan_tw_01,yue,明年,maa4 ni4,muâ-nî,明年（muâ-nî）
E:\008-datasets\mcv-scripted-nan-tw-v23.0\cv-corpus-23.0-2025-09-05\nan-tw\single_speaker\wavs\common_voice_nan-tw_32163463.wav,nan_tw_01,yue,頂崙尾,ding2 lun1 be2 |1 dang2 lun1 be2,Tíng-lūn-bé | Téng-lūn-bé,頂崙尾（Tíng-lūn-bé | Téng-lūn-bé）
E:\008-datasets\mcv-scripted-nan-tw-v23.0\cv-corpus-23.0-2025-09-05\nan-tw\single_speaker\wavs\common_voice_nan-tw_32163466.wav,nan_tw_01,yue,仁德區,jin4 dik1 ku1,Jîn-tik-khu,仁德區（Jîn-tik-khu）
E:\008-datasets\mcv-scripted-nan-tw-v23.0\cv-corpus-23.0-2025-09-05\nan-tw\single_speaker\wavs\common_voice_nan-tw_32163467.wav,nan_tw_01,yue,惜命,sioh1 me1,sioh-miā,惜命（sioh-miā）
E:\008-datasets\mcv-scripted-nan-tw-v23.0\cv-corpus-23.0-2025-09-05\nan-tw\single_speaker\wavs\common_voice_nan-tw_32163468.wav,nan_tw_01,yue,才袂予人看無目地,ziah1 be1 hoo1 lang4 kuann3 bo4 ba̍k1 de1,Tsiah bē hōo lâng khuànn-bô ba̍k-tē,才袂予人看無目地（Tsiah bē hōo lâng khuànn-bô ba̍k-tē）
E:\008-datasets\mcv-scripted-nan-tw-v23.0\cv-corpus-23.0-2025-09-05\nan-tw\single_speaker\wavs\common_voice_nan-tw_32163469.wav,nan_tw_01,yue,變啥蠓,binn3 siann3 bang2,pìnn-siànn-báng,變啥蠓（pìnn-siànn-báng）
E:\008-datasets\mcv-scripted-nan-tw-v23.0\cv-corpus-23.0-2025-09-05\nan-tw\single_speaker\wavs\common_voice_nan-tw_32163470.wav,nan_tw_01,yue,實作,si̍t1 zot1,si̍t-tsoh,實作（si̍t-tsoh）
E:\008-datasets\mcv-scripted-nan-tw-v23.0\cv-corpus-23.0-2025-09-05\nan-tw\single_speaker\wavs\common_voice_nan-tw_32163473.wav,nan_tw_01,yue,南苗派出所,lam4 biu4 paai3 cut1 soo2 |1 lam4 biu4 paai3 chhut1 so͘2,Lâm-biâu Phài-tshut-sóo | Lâm-biâu Phài-chhut-só͘,南苗派出所（Lâm-biâu Phài-tshut-sóo | Lâm-biâu Phài-chhut-só͘）
E:\008-datasets\mcv-scripted-nan-tw-v23.0\cv-corpus-23.0-2025-09-05\nan-tw\single_speaker\wavs\common_voice_nan-tw_32163488.wav,nan_tw_01,yue,周柏雅,ziu1 bak1 ngaa2,Tsiu Pek-ngá,周柏雅（Tsiu Pek-ngá）
E:\008-datasets\mcv-scripted-nan-tw-v23.0\cv-corpus-23.0-2025-09-05\nan-tw\single_speaker\wavs\common_voice_nan-tw_32163489.wav,nan_tw_01,yue,大頭家,daa1 taau4 ge1,tuā-thâu-ke,大頭家 （tuā-thâu-ke）
E:\008-datasets\mcv-scripted-nan-tw-v23.0\cv-corpus-23.0-2025-09-05\nan-tw\single_speaker\wavs\common_voice_nan-tw_32163490.wav,nan_tw_01,yue,新店溪,sin1 dim3 ko1,Sin-tiàm-khue,新店溪（Sin-tiàm-khue）
E:\008-datasets\mcv-scripted-nan-tw-v23.0\cv-corpus-23.0-2025-09-05\nan-tw\single_speaker\wavs\common_voice_nan-tw_32163491.wav,nan_tw_01,yue,田椪花,can4 pong3 ho1,tshân-phòng-hue,田椪花（tshân-phòng-hue）
E:\008-datasets\mcv-scripted-nan-tw-v23.0\cv-corpus-23.0-2025-09-05\nan-tw\single_speaker\wavs\common_voice_nan-tw_32163492.wav,nan_tw_01,yue,萬壽無疆,ban1 siu1 bu4 gung1,bān-siū-bû-kiong,萬壽無疆（bān-siū-bû-kiong）
E:\008-datasets\mcv-scripted-nan-tw-v23.0\cv-corpus-23.0-2025-09-05\nan-tw\single_speaker\wavs\common_voice_nan-tw_32163500.wav,nan_tw_01,yue,一步差，步步差,zi̍t1 boo1 caa1 boo1 boo1 caa1,"tsi̍t-pōo tsha, pōo-pōo tsha","一步差，步步差 （tsi̍t-pōo tsha, pōo-pōo tsha）"
E:\008-datasets\mcv-scripted-nan-tw-v23.0\cv-corpus-23.0-2025-09-05\nan-tw\single_speaker\wavs\common_voice_nan-tw_32163501.wav,nan_tw_01,yue,品明,pin2 bing4,phín-bîng,品明（phín-bîng）
E:\008-datasets\mcv-scripted-nan-tw-v23.0\cv-corpus-23.0-2025-09-05\nan-tw\single_speaker\wavs\common_voice_nan-tw_32163502.wav,nan_tw_01,yue,十年修得同船渡,si̍p1 lin4 siu1 dik1 dong4 zun4 doo1,si̍p liân siu tik tông tsûn tōo,十年修得同船渡 （si̍p liân siu tik tông tsûn tōo）
E:\008-datasets\mcv-scripted-nan-tw-v23.0\cv-corpus-23.0-2025-09-05\nan-tw\single_speaker\wavs\common_voice_nan-tw_32163503.wav,nan_tw_01,yue,人中齒,jin4 dung1 ki2,jîn-tiong-khí,人中齒 （jîn-tiong-khí）
E:\008-datasets\mcv-scripted-nan-tw-v23.0\cv-corpus-23.0-2025-09-05\nan-tw\single_speaker\wavs\common_voice_nan-tw_32163504.wav,nan_tw_01,yue,薰尾,hun1 bo2 |1 be2,hun-bué | bé,薰尾（hun-bué | bé）
E:\008-datasets\mcv-scripted-nan-tw-v23.0\cv-corpus-23.0-2025-09-05\nan-tw\single_speaker\wavs\common_voice_nan-tw_32163510.wav,nan_tw_01,yue,鐵枋燒,tit1 bang1 soe1,thih-pang-sio,鐵枋燒（thih-pang-sio）
E:\008-datasets\mcv-scripted-nan-tw-v23.0\cv-corpus-23.0-2025-09-05\nan-tw\single_speaker\wavs\common_voice_nan-tw_32163511.wav,nan_tw_01,yue,白蝦,be̍h1 he4,Pe̍h-hê,白蝦（Pe̍h-hê）
E:\008-datasets\mcv-scripted-nan-tw-v23.0\cv-corpus-23.0-2025-09-05\nan-tw\single_speaker\wavs\common_voice_nan-tw_32163512.wav,nan_tw_01,yue,我遮,gaa2 ze1,guá tsia,我遮（guá tsia）
E:\008-datasets\mcv-scripted-nan-tw-v23.0\cv-corpus-23.0-2025-09-05\nan-tw\single_speaker\wavs\common_voice_nan-tw_32163513.wav,nan_tw_01,yue,仙岩公園,sin1 gim4 gong1 hng4,Sian-giâm Kong-hn̂g,仙岩公園（Sian-giâm Kong-hn̂g）
E:\008-datasets\mcv-scripted-nan-tw-v23.0\cv-corpus-23.0-2025-09-05\nan-tw\single_speaker\wavs\common_voice_nan-tw_32163514.wav,nan_tw_01,yue,甌底亞賴,aau1 de2 aa1 laa1,Au-té-a-luā,甌底亞賴（Au-té-a-luā）
E:\008-datasets\mcv-scripted-nan-tw-v23.0\cv-corpus-23.0-2025-09-05\nan-tw\single_speaker\wavs\common_voice_nan-tw_32169532.wav,nan_tw_01,yue,蝦仔兵，草蜢將,he4 aa2 bing1 caau2 me̍h1 zung3,"hê-á-ping, tsháu-me̍h-tsiòng","蝦仔兵，草蜢將（hê-á-ping, tsháu-me̍h-tsiòng）"
E:\008-datasets\mcv-scripted-nan-tw-v23.0\cv-corpus-23.0-2025-09-05\nan-tw\single_speaker\wavs\common_voice_nan-tw_32169533.wav,nan_tw_01,yue,蟬蠳,sin4 ni1,siân-ni,蟬蠳（siân-ni）
E:\008-datasets\mcv-scripted-nan-tw-v23.0\cv-corpus-23.0-2025-09-05\nan-tw\single_speaker\wavs\common_voice_nan-tw_32169534.wav,nan_tw_01,yue,伊生做較幼骨,i1 senn1 zo3 kaat1 iu3 gut1,I senn-tsò khah iù-kut,伊生做較幼骨（I senn-tsò khah iù-kut）
E:\008-datasets\mcv-scripted-nan-tw-v23.0\cv-corpus-23.0-2025-09-05\nan-tw\single_speaker\wavs\common_voice_nan-tw_32169535.wav,nan_tw_01,yue,血蚶,huih1 ham1,huih-ham,血蚶（huih-ham）
E:\008-datasets\mcv-scripted-nan-tw-v23.0\cv-corpus-23.0-2025-09-05\nan-tw\single_speaker\wavs\common_voice_nan-tw_32169536.wav,nan_tw_01,yue,國立臺灣大學,gok1 li̍p1 daai4 un4 daai1 ha̍k1,Kok-li̍p-tâi-uân-tāi-ha̍k,國立臺灣大學（Kok-li̍p-tâi-uân-tāi-ha̍k）
E:\008-datasets\mcv-scripted-nan-tw-v23.0\cv-corpus-23.0-2025-09-05\nan-tw\single_speaker\wavs\common_voice_nan-tw_32169567.wav,nan_tw_01,yue,和尚洲,ho4 siunn1 ziu1 |1 he4 siunn1 ziu1,Huê-siūnn-tsiu | Hê-siūnn-tsiu,和尚洲（Huê-siūnn-tsiu | Hê-siūnn-tsiu）
E:\008-datasets\mcv-scripted-nan-tw-v23.0\cv-corpus-23.0-2025-09-05\nan-tw\single_speaker\wavs\common_voice_nan-tw_32169568.wav,nan_tw_01,yue,斜lui,ce4 leoi1,tshiâ-lui,斜lui（tshiâ-lui）
E:\008-datasets\mcv-scripted-nan-tw-v23.0\cv-corpus-23.0-2025-09-05\nan-tw\single_speaker\wavs\common_voice_nan-tw_32169569.wav,nan_tw_01,yue,唐詩三百首,dong4 si1 sam1 bik1 siu2,Tông-si Sam-pik-siú,唐詩三百首（Tông-si Sam-pik-siú）
E:\008-datasets\mcv-scripted-nan-tw-v23.0\cv-corpus-23.0-2025-09-05\nan-tw\single_speaker\wavs\common_voice_nan-tw_32169570.wav,nan_tw_01,yue,噷噷,hm̍h1 hm̍h1,hm̍h-hm̍h,噷噷（hm̍h-hm̍h）
E:\008-datasets\mcv-scripted-nan-tw-v23.0\cv-corpus-23.0-2025-09-05\nan-tw\single_speaker\wavs\common_voice_nan-tw_32169571.wav,nan_tw_01,yue,草踏,caau2 da̍h1,tsháu-ta̍h,草踏（tsháu-ta̍h）
E:\008-datasets\mcv-scripted-nan-tw-v23.0\cv-corpus-23.0-2025-09-05\nan-tw\single_speaker\wavs\common_voice_nan-tw_32169587.wav,nan_tw_01,yue,廟前,boe1 zing4 |1 boe1 chang4,Biō-tsîng | Biō-chêng,廟前（Biō-tsîng | Biō-chêng）
E:\008-datasets\mcv-scripted-nan-tw-v23.0\cv-corpus-23.0-2025-09-05\nan-tw\single_speaker\wavs\common_voice_nan-tw_32169588.wav,nan_tw_01,yue,三興國小,sann1 hing1 gok1 soe2,Sann-hing Kok-sió,三興國小（Sann-hing Kok-sió）
E:\008-datasets\mcv-scripted-nan-tw-v23.0\cv-corpus-23.0-2025-09-05\nan-tw\single_speaker\wavs\common_voice_nan-tw_32169589.wav,nan_tw_01,yue,工倍功半,gang1 bo1 gong1 buann3,kang-puē-kong-puànn,工倍功半 （kang-puē-kong-puànn）
E:\008-datasets\mcv-scripted-nan-tw-v23.0\cv-corpus-23.0-2025-09-05\nan-tw\single_speaker\wavs\common_voice_nan-tw_32169590.wav,nan_tw_01,yue,漩民,sun1 bin4 |1 sun1 bin4,suān-bîn | suan-bîn,漩民（suān-bîn | suan-bîn）
E:\008-datasets\mcv-scripted-nan-tw-v23.0\cv-corpus-23.0-2025-09-05\nan-tw\single_speaker\wavs\common_voice_nan-tw_32169591.wav,nan_tw_01,yue,想空想縫,siunn1 kang1 siunn1 pang1,siūnn-khang-siūnn-phāng,想空想縫（siūnn-khang-siūnn-phāng）
E:\008-datasets\mcv-scripted-nan-tw-v23.0\cv-corpus-23.0-2025-09-05\nan-tw\single_speaker\wavs\common_voice_nan-tw_32169597.wav,nan_tw_01,yue,無影無隻,bu4 iann2 bu4 ziah1,bû-iánn-bû-tsiah,無影無隻（bû-iánn-bû-tsiah）
E:\008-datasets\mcv-scripted-nan-tw-v23.0\cv-corpus-23.0-2025-09-05\nan-tw\single_speaker\wavs\common_voice_nan-tw_32169598.wav,nan_tw_01,yue,瓷仔店,heoi4 aa2 dim3,huî-á-tiàm,瓷仔店（huî-á-tiàm）
E:\008-datasets\mcv-scripted-nan-tw-v23.0\cv-corpus-23.0-2025-09-05\nan-tw\single_speaker\wavs\common_voice_nan-tw_32169599.wav,nan_tw_01,yue,輝,heoi1,hui,輝（hui）
E:\008-datasets\mcv-scripted-nan-tw-v23.0\cv-corpus-23.0-2025-09-05\nan-tw\single_speaker\wavs\common_voice_nan-tw_32169600.wav,nan_tw_01,yue,跤頭趺碗,kaa1 taau4 u1 uann2,kha-thâu-u-uánn,跤頭趺碗（kha-thâu-u-uánn）
E:\008-datasets\mcv-scripted-nan-tw-v23.0\cv-corpus-23.0-2025-09-05\nan-tw\single_speaker\wavs\common_voice_nan-tw_32169601.wav,nan_tw_01,yue,豬仔過槽芳,di1 aa2 go3 zo4 pang1,ti-á kuè-tsô phang,豬仔過槽芳（ti-á kuè-tsô phang）
E:\008-datasets\mcv-scripted-nan-tw-v23.0\cv-corpus-23.0-2025-09-05\nan-tw\single_speaker\wavs\common_voice_nan-tw_32169607.wav,nan_tw_01,yue,有囡仔,u1 gin2 aa2,ū-gín-á,有囡仔（ū-gín-á）
E:\008-datasets\mcv-scripted-nan-tw-v23.0\cv-corpus-23.0-2025-09-05\nan-tw\single_speaker\wavs\common_voice_nan-tw_32169610.wav,nan_tw_01,yue,比比鳥,bi2 bi2 ziu2,Pí-pí-tsiáu,比比鳥（Pí-pí-tsiáu）
E:\008-datasets\mcv-scripted-nan-tw-v23.0\cv-corpus-23.0-2025-09-05\nan-tw\single_speaker\wavs\common_voice_nan-tw_32169612.wav,nan_tw_01,yue,景山溪,ging2 suann1 ke1 |1 gang2 soa1 ke1,Kíng-suann-khe | Kéng-soaⁿ-khe,景山溪（Kíng-suann-khe | Kéng-soaⁿ-khe）
E:\008-datasets\mcv-scripted-nan-tw-v23.0\cv-corpus-23.0-2025-09-05\nan-tw\single_speaker\wavs\common_voice_nan-tw_32169613.wav,nan_tw_01,yue,世運,se3 un1,Sè-ūn,世運（Sè-ūn）
E:\008-datasets\mcv-scripted-nan-tw-v23.0\cv-corpus-23.0-2025-09-05\nan-tw\single_speaker\wavs\common_voice_nan-tw_32169615.wav,nan_tw_01,yue,啡啡子,bi1 bi1 aa2,pi-pi-á,啡啡子（pi-pi-á）
E:\008-datasets\mcv-scripted-nan-tw-v23.0\cv-corpus-23.0-2025-09-05\nan-tw\single_speaker\wavs\common_voice_nan-tw_32169621.wav,nan_tw_01,yue,祝山,zuk1 suann1 |1 chuk1 soa1,Tsiok-suann | Chiok-soaⁿ,祝山（Tsiok-suann | Chiok-soaⁿ）
E:\008-datasets\mcv-scripted-nan-tw-v23.0\cv-corpus-23.0-2025-09-05\nan-tw\single_speaker\wavs\common_voice_nan-tw_32169622.wav,nan_tw_01,yue,五跤趖出來,goo1 kaa1 so4 cut1 laai4,gōo-kha-sô--tshut-lâi,五跤趖出來（gōo-kha-sô--tshut-lâi）
E:\008-datasets\mcv-scripted-nan-tw-v23.0\cv-corpus-23.0-2025-09-05\nan-tw\single_speaker\wavs\common_voice_nan-tw_32169623.wav,nan_tw_01,yue,美麗島,bi2 le1 do2,Bí-lē-tó,美麗島（Bí-lē-tó）
E:\008-datasets\mcv-scripted-nan-tw-v23.0\cv-corpus-23.0-2025-09-05\nan-tw\single_speaker\wavs\common_voice_nan-tw_32169624.wav,nan_tw_01,yue,禽胸肉,kim4 hing1 baat1,khîm-hing-bah,禽胸肉（khîm-hing-bah）
E:\008-datasets\mcv-scripted-nan-tw-v23.0\cv-corpus-23.0-2025-09-05\nan-tw\single_speaker\wavs\common_voice_nan-tw_32169625.wav,nan_tw_01,yue,袂呵咾得,be1 o1 lo2 dit1,bē o-ló tit,袂呵咾得（bē o-ló tit）
E:\008-datasets\mcv-scripted-nan-tw-v23.0\cv-corpus-23.0-2025-09-05\nan-tw\single_speaker\wavs\common_voice_nan-tw_32169646.wav,nan_tw_01,yue,將軍澳,zoeng1 gun1 o3 |1 zung1 gun1 o3,Tsiang-kun-ò | Tsiong-kun-ò,將軍澳（Tsiang-kun-ò | Tsiong-kun-ò）
E:\008-datasets\mcv-scripted-nan-tw-v23.0\cv-corpus-23.0-2025-09-05\nan-tw\single_speaker\wavs\common_voice_nan-tw_32169647.wav,nan_tw_01,yue,海䖳,haai2 te1,hái-thē,海䖳（hái-thē）
E:\008-datasets\mcv-scripted-nan-tw-v23.0\cv-corpus-23.0-2025-09-05\nan-tw\single_speaker\wavs\common_voice_nan-tw_32169648.wav,nan_tw_01,yue,有來有往,u1 laai4 u1 ong2,ū lâi ū óng,有來有往（ū lâi ū óng）
E:\008-datasets\mcv-scripted-nan-tw-v23.0\cv-corpus-23.0-2025-09-05\nan-tw\single_speaker\wavs\common_voice_nan-tw_32169649.wav,nan_tw_01,yue,茄苳,gaa1 dang1,Ka-tang,茄苳（Ka-tang）
E:\008-datasets\mcv-scripted-nan-tw-v23.0\cv-corpus-23.0-2025-09-05\nan-tw\single_speaker\wavs\common_voice_nan-tw_32169650.wav,nan_tw_01,yue,雌雄眼,cu2 hung4 gan2,tshú hiông gán,雌雄眼（tshú hiông gán）
E:\008-datasets\mcv-scripted-nan-tw-v23.0\cv-corpus-23.0-2025-09-05\nan-tw\single_speaker\wavs\common_voice_nan-tw_32169661.wav,nan_tw_01,yue,海刺龍,haai2 ci3 lung4,Hái-tshì-liông,海刺龍（Hái-tshì-liông）
E:\008-datasets\mcv-scripted-nan-tw-v23.0\cv-corpus-23.0-2025-09-05\nan-tw\single_speaker\wavs\common_voice_nan-tw_32169662.wav,nan_tw_01,yue,去睏,ki3 kun3,khì-khùn,去睏（khì-khùn）
E:\008-datasets\mcv-scripted-nan-tw-v23.0\cv-corpus-23.0-2025-09-05\nan-tw\single_speaker\wavs\common_voice_nan-tw_32169663.wav,nan_tw_01,yue,萬榮鄉,ban1 ang4 hung1,Bān-êng-hiong,萬榮鄉（Bān-êng-hiong）
E:\008-datasets\mcv-scripted-nan-tw-v23.0\cv-corpus-23.0-2025-09-05\nan-tw\single_speaker\wavs\common_voice_nan-tw_32169664.wav,nan_tw_01,yue,虛華,hi1 haa1,hi-hua,虛華（hi-hua）
E:\008-datasets\mcv-scripted-nan-tw-v23.0\cv-corpus-23.0-2025-09-05\nan-tw\single_speaker\wavs\common_voice_nan-tw_32169665.wav,nan_tw_01,yue,豪,ho4,hô,豪（hô）
E:\008-datasets\mcv-scripted-nan-tw-v23.0\cv-corpus-23.0-2025-09-05\nan-tw\single_speaker\wavs\common_voice_nan-tw_32169671.wav,nan_tw_01,yue,滿地金錢,bun2 de1 gim1 zinn4,buán tē kim-tsînn,滿地金錢（buán tē kim-tsînn）
E:\008-datasets\mcv-scripted-nan-tw-v23.0\cv-corpus-23.0-2025-09-05\nan-tw\single_speaker\wavs\common_voice_nan-tw_32169672.wav,nan_tw_01,yue,有賰錢轉來無？,u1 cun1 zinn4 dng2 laai4 bo4,ū tshun-tsînn tńg--lâi--bô?,有賰錢轉來無？（ū tshun-tsînn tńg--lâi--bô?）
E:\008-datasets\mcv-scripted-nan-tw-v23.0\cv-corpus-23.0-2025-09-05\nan-tw\single_speaker\wavs\common_voice_nan-tw_32169673.wav,nan_tw_01,yue,樹獺,ciu1 tuah1,tshiū-thuah,樹獺（tshiū-thuah）
E:\008-datasets\mcv-scripted-nan-tw-v23.0\cv-corpus-23.0-2025-09-05\nan-tw\single_speaker\wavs\common_voice_nan-tw_32169674.wav,nan_tw_01,yue,事件視界召鏡,su1 giann1 si1 gaai3 diu3 giann3,sū-kiānn-sī-kài tiàu-kiànn,事件視界召鏡（sū-kiānn-sī-kài tiàu-kiànn）
E:\008-datasets\mcv-scripted-nan-tw-v23.0\cv-corpus-23.0-2025-09-05\nan-tw\single_speaker\wavs\common_voice_nan-tw_32169675.wav,nan_tw_01,yue,按會,an2 ho1,án-huē,按會（án-huē）
E:\008-datasets\mcv-scripted-nan-tw-v23.0\cv-corpus-23.0-2025-09-05\nan-tw\single_speaker\wavs\common_voice_nan-tw_32169681.wav,nan_tw_01,yue,駐水,du1 zeoi2,tū-tsuí,駐水（tū-tsuí）
E:\008-datasets\mcv-scripted-nan-tw-v23.0\cv-corpus-23.0-2025-09-05\nan-tw\single_speaker\wavs\common_voice_nan-tw_32169682.wav,nan_tw_01,yue,禮記,le2 gi3,Lé-kì,禮記（Lé-kì）
E:\008-datasets\mcv-scripted-nan-tw-v23.0\cv-corpus-23.0-2025-09-05\nan-tw\single_speaker\wavs\common_voice_nan-tw_32169683.wav,nan_tw_01,yue,塗葛窟港,too4 gat1 kut1 gang2,Thôo-kat-khut káng,塗葛窟港（Thôo-kat-khut káng）
E:\008-datasets\mcv-scripted-nan-tw-v23.0\cv-corpus-23.0-2025-09-05\nan-tw\single_speaker\wavs\common_voice_nan-tw_32169684.wav,nan_tw_01,yue,猴桃仔,gaau4 to4 aa2,kâu-thô-á,猴桃仔（kâu-thô-á）
E:\008-datasets\mcv-scripted-nan-tw-v23.0\cv-corpus-23.0-2025-09-05\nan-tw\single_speaker\wavs\common_voice_nan-tw_32169685.wav,nan_tw_01,yue,信義國小,sin3 gi1 gok1 soe2,Sìn-gī Kok-sió,信義國小（Sìn-gī Kok-sió）
E:\008-datasets\mcv-scripted-nan-tw-v23.0\cv-corpus-23.0-2025-09-05\nan-tw\single_speaker\wavs\common_voice_nan-tw_32169691.wav,nan_tw_01,yue,無聲無說,bo4 siann1 bo4 set1,bô-siann-bô-seh,無聲無說（bô-siann-bô-seh）
E:\008-datasets\mcv-scripted-nan-tw-v23.0\cv-corpus-23.0-2025-09-05\nan-tw\single_speaker\wavs\common_voice_nan-tw_32169692.wav,nan_tw_01,yue,挈批的,ke̍h1 po1 e4,khe̍h phue--ê,挈批的（khe̍h phue--ê）
E:\008-datasets\mcv-scripted-nan-tw-v23.0\cv-corpus-23.0-2025-09-05\nan-tw\single_speaker\wavs\common_voice_nan-tw_32169693.wav,nan_tw_01,yue,有來有去,u1 laai4 u1 ki3,ū lâi ū khì,有來有去（ū lâi ū khì）
E:\008-datasets\mcv-scripted-nan-tw-v23.0\cv-corpus-23.0-2025-09-05\nan-tw\single_speaker\wavs\common_voice_nan-tw_32169694.wav,nan_tw_01,yue,攑鼓仔扇去,gia̍h1 goo2 aa2 sinn3 ki3,gia̍h kóo-á-sìnn khì,攑鼓仔扇去（gia̍h kóo-á-sìnn khì）
E:\008-datasets\mcv-scripted-nan-tw-v23.0\cv-corpus-23.0-2025-09-05\nan-tw\single_speaker\wavs\common_voice_nan-tw_32169695.wav,nan_tw_01,yue,萬弩箭齊發,ban1 loo2 zinn3 ze4 hut1,bān lóo tsìnn tsê huat,萬弩箭齊發（bān lóo tsìnn tsê huat）
E:\008-datasets\mcv-scripted-nan-tw-v23.0\cv-corpus-23.0-2025-09-05\nan-tw\single_speaker\wavs\common_voice_nan-tw_32169701.wav,nan_tw_01,yue,喙?,ceoi3 coe1,tshuì-tshio,喙?（tshuì-tshio）
E:\008-datasets\mcv-scripted-nan-tw-v23.0\cv-corpus-23.0-2025-09-05\nan-tw\single_speaker\wavs\common_voice_nan-tw_32169702.wav,nan_tw_01,yue,擔仔車,dann3 aa2 ce1,tànn-á-tshia,擔仔車（tànn-á-tshia）
E:\008-datasets\mcv-scripted-nan-tw-v23.0\cv-corpus-23.0-2025-09-05\nan-tw\single_speaker\wavs\common_voice_nan-tw_32169703.wav,nan_tw_01,yue,頭子,taau4 ji2,thâu-jí,頭子（thâu-jí）
E:\008-datasets\mcv-scripted-nan-tw-v23.0\cv-corpus-23.0-2025-09-05\nan-tw\single_speaker\wavs\common_voice_nan-tw_32169704.wav,nan_tw_01,yue,催速的,zeoi1 sok1 e4,tsui-sok--ê,催速的（tsui-sok--ê）
E:\008-datasets\mcv-scripted-nan-tw-v23.0\cv-corpus-23.0-2025-09-05\nan-tw\single_speaker\wavs\common_voice_nan-tw_32169705.wav,nan_tw_01,yue,無代無誌,bo4 daai1 bo4 zi3,bô-tāi-bô-tsì,無代無誌（bô-tāi-bô-tsì）
E:\008-datasets\mcv-scripted-nan-tw-v23.0\cv-corpus-23.0-2025-09-05\nan-tw\single_speaker\wavs\common_voice_nan-tw_32169730.wav,nan_tw_01,yue,雪花,set1 ho1,seh-hue,雪花（seh-hue）
E:\008-datasets\mcv-scripted-nan-tw-v23.0\cv-corpus-23.0-2025-09-05\nan-tw\single_speaker\wavs\common_voice_nan-tw_32169731.wav,nan_tw_01,yue,澹巾仔,dam4 gin1 aa2 |1 dam4 gun1 aa2,tâm-kin-á | tâm-kun-á,澹巾仔（tâm-kin-á | tâm-kun-á）
E:\008-datasets\mcv-scripted-nan-tw-v23.0\cv-corpus-23.0-2025-09-05\nan-tw\single_speaker\wavs\common_voice_nan-tw_32169732.wav,nan_tw_01,yue,單草一糊,dan1 caau2 zi̍t1 goo4,tan-tsháu tsi̍t kôo,單草一糊（tan-tsháu tsi̍t kôo）
E:\008-datasets\mcv-scripted-nan-tw-v23.0\cv-corpus-23.0-2025-09-05\nan-tw\single_speaker\wavs\common_voice_nan-tw_32169733.wav,nan_tw_01,yue,三年的狗屎乾，提來做月半,sann1 ni4 e4 gaau2 saai2 guann1 te̍h1 laai4 zo3 gue̍h1 buann3,"sann-nî ê káu-sái kuann, the̍h-lâi tsò gue̍h-puànn","三年的狗屎乾，提來做月半 （sann-nî ê káu-sái kuann, the̍h-lâi tsò gue̍h-puànn）"
E:\008-datasets\mcv-scripted-nan-tw-v23.0\cv-corpus-23.0-2025-09-05\nan-tw\single_speaker\wavs\common_voice_nan-tw_32169734.wav,nan_tw_01,yue,薑水,giunn1 zeoi2,kiunn-tsuí,薑水（kiunn-tsuí）
E:\008-datasets\mcv-scripted-nan-tw-v23.0\cv-corpus-23.0-2025-09-05\nan-tw\single_speaker\wavs\common_voice_nan-tw_32169740.wav,nan_tw_01,yue,草鞋蟲,caau2 e4 tang4,tsháu-ê-thâng,草鞋蟲（tsháu-ê-thâng）
E:\008-datasets\mcv-scripted-nan-tw-v23.0\cv-corpus-23.0-2025-09-05\nan-tw\single_speaker\wavs\common_voice_nan-tw_32169741.wav,nan_tw_01,yue,破無，天光,paa3 bo4 tinn1 gng1,"phuà bô, thinn-kng","破無，天光（phuà bô, thinn-kng）"
E:\008-datasets\mcv-scripted-nan-tw-v23.0\cv-corpus-23.0-2025-09-05\nan-tw\single_speaker\wavs\common_voice_nan-tw_32169742.wav,nan_tw_01,yue,吉安,git1 an1,Kiat-an,吉安（Kiat-an）
E:\008-datasets\mcv-scripted-nan-tw-v23.0\cv-corpus-23.0-2025-09-05\nan-tw\single_speaker\wavs\common_voice_nan-tw_32169743.wav,nan_tw_01,yue,隨人的物件，隨人做記號,seoi4 lang4 e4 mi̍h1 giann1 seoi4 lang4 zo3 gi3 ho1,"Suî lâng ê mi̍h-kiānn, suî lâng tsò kì-hō","隨人的物件，隨人做記號（Suî lâng ê mi̍h-kiānn, suî lâng tsò kì-hō）"
E:\008-datasets\mcv-scripted-nan-tw-v23.0\cv-corpus-23.0-2025-09-05\nan-tw\single_speaker\wavs\common_voice_nan-tw_32169744.wav,nan_tw_01,yue,啥物時陣,siann2 mit1 si4 zun1,siánn-mih sî-tsūn,啥物時陣（siánn-mih sî-tsūn）
E:\008-datasets\mcv-scripted-nan-tw-v23.0\cv-corpus-23.0-2025-09-05\nan-tw\single_speaker\wavs\common_voice_nan-tw_32169745.wav,nan_tw_01,yue,紅菇蟳,ang4 goo1 zim4,Âng-koo-tsîm,紅菇蟳（Âng-koo-tsîm）
E:\008-datasets\mcv-scripted-nan-tw-v23.0\cv-corpus-23.0-2025-09-05\nan-tw\single_speaker\wavs\common_voice_nan-tw_32169746.wav,nan_tw_01,yue,王如玄,ong4 lu4 hin4 |1 ong4 ju4 hin4,Ông Lû-hiân | Ông Jû-hiân,王如玄（Ông Lû-hiân | Ông Jû-hiân）
E:\008-datasets\mcv-scripted-nan-tw-v23.0\cv-corpus-23.0-2025-09-05\nan-tw\single_speaker\wavs\common_voice_nan-tw_32169747.wav,nan_tw_01,yue,護理系,hoo1 li2 he1,hōo-lí-hē,護理系（hōo-lí-hē）
E:\008-datasets\mcv-scripted-nan-tw-v23.0\cv-corpus-23.0-2025-09-05\nan-tw\single_speaker\wavs\common_voice_nan-tw_32169748.wav,nan_tw_01,yue,一無所長,it1 bu4 soo2 dung4,it-bû-sóo-tiông,一無所長 （it-bû-sóo-tiông）
E:\008-datasets\mcv-scripted-nan-tw-v23.0\cv-corpus-23.0-2025-09-05\nan-tw\single_speaker\wavs\common_voice_nan-tw_32169749.wav,nan_tw_01,yue,濟水濟豆腐，濟囝濟新婦,ze1 zeoi2 ze1 daau1 hu1 ze1 giann2 ze1 sin1 bu1,tsē tsuí tsē tāu-hū tsē kiánn tsē sin-pū,濟水濟豆腐，濟囝濟新婦（tsē tsuí tsē tāu-hū tsē kiánn tsē sin-pū）
E:\008-datasets\mcv-scripted-nan-tw-v23.0\cv-corpus-23.0-2025-09-05\nan-tw\single_speaker\wavs\common_voice_nan-tw_32169750.wav,nan_tw_01,yue,拜五,baai3 goo1,pài-gōo,拜五（pài-gōo）
E:\008-datasets\mcv-scripted-nan-tw-v23.0\cv-corpus-23.0-2025-09-05\nan-tw\single_speaker\wavs\common_voice_nan-tw_32169751.wav,nan_tw_01,yue,七十二坎,cit1 za̍p1 ji1 kam2,Tshit-tsa̍p-jī-khám,七十二坎（Tshit-tsa̍p-jī-khám）
E:\008-datasets\mcv-scripted-nan-tw-v23.0\cv-corpus-23.0-2025-09-05\nan-tw\single_speaker\wavs\common_voice_nan-tw_32169752.wav,nan_tw_01,yue,林政則,lim4 zang3 zik1,Lîm Tsèng-tsik,林政則（Lîm Tsèng-tsik）
E:\008-datasets\mcv-scripted-nan-tw-v23.0\cv-corpus-23.0-2025-09-05\nan-tw\single_speaker\wavs\common_voice_nan-tw_32169753.wav,nan_tw_01,yue,堉琪橋,io̍k1 gi4 goe4,Io̍k-kî-kiô,堉琪橋（Io̍k-kî-kiô）
E:\008-datasets\mcv-scripted-nan-tw-v23.0\cv-corpus-23.0-2025-09-05\nan-tw\single_speaker\wavs\common_voice_nan-tw_32169754.wav,nan_tw_01,yue,大葉九重炊,daa1 hio̍h1 gaau2 ding4 co1,tuā-hio̍h káu-tîng-tshue,大葉九重炊 （tuā-hio̍h káu-tîng-tshue）
E:\008-datasets\mcv-scripted-nan-tw-v23.0\cv-corpus-23.0-2025-09-05\nan-tw\single_speaker\wavs\common_voice_nan-tw_32169755.wav,nan_tw_01,yue,九如,giu2 ju4 |1 giu2 lu4,Kiú-jû | Kiú-lû,九如 （Kiú-jû | Kiú-lû）
E:\008-datasets\mcv-scripted-nan-tw-v23.0\cv-corpus-23.0-2025-09-05\nan-tw\single_speaker\wavs\common_voice_nan-tw_32169756.wav,nan_tw_01,yue,臺北市立第一女子高級中學,daai4 bak1 ci1 li̍p1 de1 it1 lu2 zu2 go1 gip1 dung1 ha̍k1,Tâi-pak Tshī-li̍p Tē-it Lú-tsú Ko-kip-tiong-ha̍k,臺北市立第一女子高級中學（Tâi-pak Tshī-li̍p Tē-it Lú-tsú Ko-kip-tiong-ha̍k）
E:\008-datasets\mcv-scripted-nan-tw-v23.0\cv-corpus-23.0-2025-09-05\nan-tw\single_speaker\wavs\common_voice_nan-tw_32169757.wav,nan_tw_01,yue,亂使講,lun1 su2 gong2,luān-sú kóng,亂使講（luān-sú kóng）
E:\008-datasets\mcv-scripted-nan-tw-v23.0\cv-corpus-23.0-2025-09-05\nan-tw\single_speaker\wavs\common_voice_nan-tw_32169758.wav,nan_tw_01,yue,走精,zaau2 zing1,tsáu-tsing,走精（tsáu-tsing）
E:\008-datasets\mcv-scripted-nan-tw-v23.0\cv-corpus-23.0-2025-09-05\nan-tw\single_speaker\wavs\common_voice_nan-tw_32169759.wav,nan_tw_01,yue,總有一工，我一定會成功,zong2 u1 zi̍t1 gang1 gaa2 it1 ding1 e1 sing4 gong1,"Tsóng-ū tsi̍t kang, guá it-tīng ē sîng-kong","總有一工，我一定會成功（Tsóng-ū tsi̍t kang, guá it-tīng ē sîng-kong）"
E:\008-datasets\mcv-scripted-nan-tw-v23.0\cv-corpus-23.0-2025-09-05\nan-tw\single_speaker\wavs\common_voice_nan-tw_32169760.wav,nan_tw_01,yue,媽祖魚,maa2 zoo2 hi4,Má-tsóo-hî,媽祖魚（Má-tsóo-hî）
E:\008-datasets\mcv-scripted-nan-tw-v23.0\cv-corpus-23.0-2025-09-05\nan-tw\single_speaker\wavs\common_voice_nan-tw_32169761.wav,nan_tw_01,yue,拍人無風神,paat1 lang4 bo4 hong1 sin4,phah-lâng bô-hong-sîn,拍人無風神（phah-lâng bô-hong-sîn）
E:\008-datasets\mcv-scripted-nan-tw-v23.0\cv-corpus-23.0-2025-09-05\nan-tw\single_speaker\wavs\common_voice_nan-tw_32169762.wav,nan_tw_01,yue,膨肚短命,pong3 doo1 de2 me1,phòng-tōo-té-miā,膨肚短命（phòng-tōo-té-miā）
E:\008-datasets\mcv-scripted-nan-tw-v23.0\cv-corpus-23.0-2025-09-05\nan-tw\single_speaker\wavs\common_voice_nan-tw_32169763.wav,nan_tw_01,yue,八仙圳,bat1 sin1 chun3,Pat-sian-chùn,八仙圳（Pat-sian-chùn）
E:\008-datasets\mcv-scripted-nan-tw-v23.0\cv-corpus-23.0-2025-09-05\nan-tw\single_speaker\wavs\common_voice_nan-tw_32169764.wav,nan_tw_01,yue,叨甪,lo1 lut1,lo-lut,叨甪（lo-lut）
E:\008-datasets\mcv-scripted-nan-tw-v23.0\cv-corpus-23.0-2025-09-05\nan-tw\single_speaker\wavs\common_voice_nan-tw_32169765.wav,nan_tw_01,yue,買物,be2 bu̍t1,bé-bu̍t,買物（bé-bu̍t）
E:\008-datasets\mcv-scripted-nan-tw-v23.0\cv-corpus-23.0-2025-09-05\nan-tw\single_speaker\wavs\common_voice_nan-tw_32169766.wav,nan_tw_01,yue,飛行機埕,ho1 ling4 gi1 diann4,hue-lîng-ki-tiânn,飛行機埕（hue-lîng-ki-tiânn）
E:\008-datasets\mcv-scripted-nan-tw-v23.0\cv-corpus-23.0-2025-09-05\nan-tw\single_speaker\wavs\common_voice_nan-tw_32169767.wav,nan_tw_01,yue,幸安國小,hing3 an1 gok1 soe2,Hìng-an Kok-sió,幸安國小（Hìng-an Kok-sió）
E:\008-datasets\mcv-scripted-nan-tw-v23.0\cv-corpus-23.0-2025-09-05\nan-tw\single_speaker\wavs\common_voice_nan-tw_32169768.wav,nan_tw_01,yue,有兩步七仔,u1 nng1 boo1 cit1 aa2,ū--nn̄g-pōo-tshit-á,有兩步七仔（ū--nn̄g-pōo-tshit-á）
E:\008-datasets\mcv-scripted-nan-tw-v23.0\cv-corpus-23.0-2025-09-05\nan-tw\single_speaker\wavs\common_voice_nan-tw_32169769.wav,nan_tw_01,yue,鴨母王來到水尾寮,aat1 bo2 ong4 laai4 gaau3 zeoi2 bo2 liu4,ah-bó-ông lâi-kàu tsuí-bué-liâu,鴨母王來到水尾寮（ah-bó-ông lâi-kàu tsuí-bué-liâu）
E:\008-datasets\mcv-scripted-nan-tw-v23.0\cv-corpus-23.0-2025-09-05\nan-tw\single_speaker\wavs\common_voice_nan-tw_32169770.wav,nan_tw_01,yue,羅斯福路大客車專用道,lo4 su1 hok1 loo1 daa1 ket1 ce1 zun1 ing1 do1,Lô-su-hok-lōo Tuā-kheh-tshia tsuan-īng-tō,羅斯福路大客車專用道（Lô-su-hok-lōo Tuā-kheh-tshia tsuan-īng-tō）
E:\008-datasets\mcv-scripted-nan-tw-v23.0\cv-corpus-23.0-2025-09-05\nan-tw\single_speaker\wavs\common_voice_nan-tw_32169771.wav,nan_tw_01,yue,僥行喔,hiu1 hing1 ooh1,hiau-hīng--ooh,僥行喔（hiau-hīng--ooh）
E:\008-datasets\mcv-scripted-nan-tw-v23.0\cv-corpus-23.0-2025-09-05\nan-tw\single_speaker\wavs\common_voice_nan-tw_32169772.wav,nan_tw_01,yue,娶新娘,caa1 sin1 niu4,tshuā-sin-niû,娶新娘（tshuā-sin-niû）
E:\008-datasets\mcv-scripted-nan-tw-v23.0\cv-corpus-23.0-2025-09-05\nan-tw\single_speaker\wavs\common_voice_nan-tw_32169773.wav,nan_tw_01,yue,下橛,e1 gue̍h1,ē-kue̍h,下橛 （ē-kue̍h）
E:\008-datasets\mcv-scripted-nan-tw-v23.0\cv-corpus-23.0-2025-09-05\nan-tw\single_speaker\wavs\common_voice_nan-tw_32169774.wav,nan_tw_01,yue,余清芳,u4 cing1 hong1,Û Tshing-hong,余清芳（Û Tshing-hong）
E:\008-datasets\mcv-scripted-nan-tw-v23.0\cv-corpus-23.0-2025-09-05\nan-tw\single_speaker\wavs\common_voice_nan-tw_32169775.wav,nan_tw_01,yue,跤腕,kaa1 uann2,kha-uánn,跤腕（kha-uánn）
E:\008-datasets\mcv-scripted-nan-tw-v23.0\cv-corpus-23.0-2025-09-05\nan-tw\single_speaker\wavs\common_voice_nan-tw_32169776.wav,nan_tw_01,yue,暗安台灣,am3 an1 daai4 un4,àm-an Tâi-uân,暗安台灣（àm-an Tâi-uân）
E:\008-datasets\mcv-scripted-nan-tw-v23.0\cv-corpus-23.0-2025-09-05\nan-tw\single_speaker\wavs\common_voice_nan-tw_32169777.wav,nan_tw_01,yue,地味,de1 bi1,tē-bī,地味（tē-bī）
E:\008-datasets\mcv-scripted-nan-tw-v23.0\cv-corpus-23.0-2025-09-05\nan-tw\single_speaker\wavs\common_voice_nan-tw_32169778.wav,nan_tw_01,yue,刺虯,ci3 kiu4,tshì-khiû,刺虯（tshì-khiû）
E:\008-datasets\mcv-scripted-nan-tw-v23.0\cv-corpus-23.0-2025-09-05\nan-tw\single_speaker\wavs\common_voice_nan-tw_32169779.wav,nan_tw_01,yue,樹葬,ciu1 zong3,tshiū-tsòng,樹葬（tshiū-tsòng）
E:\008-datasets\mcv-scripted-nan-tw-v23.0\cv-corpus-23.0-2025-09-05\nan-tw\single_speaker\wavs\common_voice_nan-tw_32169790.wav,nan_tw_01,yue,大主大意,daa1 zu2 daa1 i3,tuā-tsú-tuā-ì,大主大意 （tuā-tsú-tuā-ì）
E:\008-datasets\mcv-scripted-nan-tw-v23.0\cv-corpus-23.0-2025-09-05\nan-tw\single_speaker\wavs\common_voice_nan-tw_32169791.wav,nan_tw_01,yue,下崙尾,haa1 lun1 bo2,Hā-lūn-bué,下崙尾（Hā-lūn-bué）
E:\008-datasets\mcv-scripted-nan-tw-v23.0\cv-corpus-23.0-2025-09-05\nan-tw\single_speaker\wavs\common_voice_nan-tw_32169792.wav,nan_tw_01,yue,徛名,ke1 me4,khiā-miâ,徛名（khiā-miâ）
E:\008-datasets\mcv-scripted-nan-tw-v23.0\cv-corpus-23.0-2025-09-05\nan-tw\single_speaker\wavs\common_voice_nan-tw_32169793.wav,nan_tw_01,yue,十叮嚀，八吩咐,za̍p1 ding1 ling4 bet1 hun1 hu3 |1 za̍p1 ding1 ling4 bot1 hun1 hu3,tsa̍p ting-lîng peh huan-hù | tsa̍p ting-lîng pueh huan-hù,十叮嚀，八吩咐 （tsa̍p ting-lîng peh huan-hù | tsa̍p ting-lîng pueh huan-hù）
E:\008-datasets\mcv-scripted-nan-tw-v23.0\cv-corpus-23.0-2025-09-05\nan-tw\single_speaker\wavs\common_voice_nan-tw_32169794.wav,nan_tw_01,yue,數碼翕相機,soo3 maa2 hip1 sung3 gi1,sòo-má hip-siòng-ki,數碼翕相機（sòo-má hip-siòng-ki）
E:\008-datasets\mcv-scripted-nan-tw-v23.0\cv-corpus-23.0-2025-09-05\nan-tw\single_speaker\wavs\common_voice_nan-tw_32169800.wav,nan_tw_01,yue,薁蕘,o3 goe4,ò-giô,薁蕘（ò-giô）
E:\008-datasets\mcv-scripted-nan-tw-v23.0\cv-corpus-23.0-2025-09-05\nan-tw\single_speaker\wavs\common_voice_nan-tw_32169801.wav,nan_tw_01,yue,崎路,ge1 loo1,kiā-lōo,崎路（kiā-lōo）
E:\008-datasets\mcv-scripted-nan-tw-v23.0\cv-corpus-23.0-2025-09-05\nan-tw\single_speaker\wavs\common_voice_nan-tw_32169807.wav,nan_tw_01,yue,番仔坑,hun1 aa2 kenn1,Huan-á-khenn,番仔坑（Huan-á-khenn）
E:\008-datasets\mcv-scripted-nan-tw-v23.0\cv-corpus-23.0-2025-09-05\nan-tw\single_speaker\wavs\common_voice_nan-tw_32169808.wav,nan_tw_01,yue,極光,gi̍k1 gng1,ki̍k-kng,極光（ki̍k-kng）
E:\008-datasets\mcv-scripted-nan-tw-v23.0\cv-corpus-23.0-2025-09-05\nan-tw\single_speaker\wavs\common_voice_nan-tw_32169814.wav,nan_tw_01,yue,十股,za̍p1 goo2 |1 cha̍p1 go͘2,Tsa̍p-kóo | Cha̍p-kó͘,十股（Tsa̍p-kóo | Cha̍p-kó͘）
E:\008-datasets\mcv-scripted-nan-tw-v23.0\cv-corpus-23.0-2025-09-05\nan-tw\single_speaker\wavs\common_voice_nan-tw_32169820.wav,nan_tw_01,yue,數碼,soo3 be2 |1 soo3 maa2,sòo-bé | sòo-má,數碼（sòo-bé | sòo-má）
E:\008-datasets\mcv-scripted-nan-tw-v23.0\cv-corpus-23.0-2025-09-05\nan-tw\single_speaker\wavs\common_voice_nan-tw_32169821.wav,nan_tw_01,yue,所辦,soo2 ban1,sóo-pān,所辦（sóo-pān）
E:\008-datasets\mcv-scripted-nan-tw-v23.0\cv-corpus-23.0-2025-09-05\nan-tw\single_speaker\wavs\common_voice_nan-tw_32169822.wav,nan_tw_01,yue,冬帽,dang1 bo1,tang-bō,冬帽（tang-bō）
E:\008-datasets\mcv-scripted-nan-tw-v23.0\cv-corpus-23.0-2025-09-05\nan-tw\single_speaker\wavs\common_voice_nan-tw_32169823.wav,nan_tw_01,yue,鼻流沓滴,pinn1 laau4 da̍p1 dit1,phīnn-lâu ta̍p-tih,鼻流沓滴（phīnn-lâu ta̍p-tih）
E:\008-datasets\mcv-scripted-nan-tw-v23.0\cv-corpus-23.0-2025-09-05\nan-tw\single_speaker\wavs\common_voice_nan-tw_32169824.wav,nan_tw_01,yue,霧峰區,bu1 hong1 ku1,Bū-hong-khu,霧峰區（Bū-hong-khu）
E:\008-datasets\mcv-scripted-nan-tw-v23.0\cv-corpus-23.0-2025-09-05\nan-tw\single_speaker\wavs\common_voice_nan-tw_32169830.wav,nan_tw_01,yue,開源人,kaai1 gun4 lang4,khai-guân-lâng,開源人（khai-guân-lâng）
E:\008-datasets\mcv-scripted-nan-tw-v23.0\cv-corpus-23.0-2025-09-05\nan-tw\single_speaker\wavs\common_voice_nan-tw_32169831.wav,nan_tw_01,yue,陽光峇里,ung4 gong1 baa1 li2,Iông-kong Pa-lí,陽光峇里（Iông-kong Pa-lí）
E:\008-datasets\mcv-scripted-nan-tw-v23.0\cv-corpus-23.0-2025-09-05\nan-tw\single_speaker\wavs\common_voice_nan-tw_32169832.wav,nan_tw_01,yue,土地公錢,too2 de1 gong1 zinn4,thóo-tē-kong-tsînn,土地公錢 （thóo-tē-kong-tsînn）
E:\008-datasets\mcv-scripted-nan-tw-v23.0\cv-corpus-23.0-2025-09-05\nan-tw\single_speaker\wavs\common_voice_nan-tw_32169833.wav,nan_tw_01,yue,消牽頭,siu1 kan1 taau4,siau-khan-thâu,消牽頭（siau-khan-thâu）
E:\008-datasets\mcv-scripted-nan-tw-v23.0\cv-corpus-23.0-2025-09-05\nan-tw\single_speaker\wavs\common_voice_nan-tw_32169834.wav,nan_tw_01,yue,吳園藝文中心,ngoo4 un4 ge1 bun4 dung1 sim1,Ngôo-uân Gē-bûn Tiong-sim,吳園藝文中心（Ngôo-uân Gē-bûn Tiong-sim）
E:\008-datasets\mcv-scripted-nan-tw-v23.0\cv-corpus-23.0-2025-09-05\nan-tw\single_speaker\wavs\common_voice_nan-tw_32169845.wav,nan_tw_01,yue,竹嵩嶺橋,dak1 sung1 ne2 goe4,Tek-siong-niá-kiô,竹嵩嶺橋（Tek-siong-niá-kiô）
E:\008-datasets\mcv-scripted-nan-tw-v23.0\cv-corpus-23.0-2025-09-05\nan-tw\single_speaker\wavs\common_voice_nan-tw_32169846.wav,nan_tw_01,yue,敢若捌看過,gan2 naa2 bat1 kuann3 go3 |1 gan2 naa2 bat1 kuann3 go3,kán-ná bat khuànn--kuè | kán-ná pat khuànn--kuè,敢若捌看過（kán-ná bat khuànn--kuè | kán-ná pat khuànn--kuè）
E:\008-datasets\mcv-scripted-nan-tw-v23.0\cv-corpus-23.0-2025-09-05\nan-tw\single_speaker\wavs\common_voice_nan-tw_32169847.wav,nan_tw_01,yue,馬港,maa2 gang2,Má-káng,馬港（Má-káng）
E:\008-datasets\mcv-scripted-nan-tw-v23.0\cv-corpus-23.0-2025-09-05\nan-tw\single_speaker\wavs\common_voice_nan-tw_32169848.wav,nan_tw_01,yue,大帽,daa1 bo1,tuā-bō,大帽 （tuā-bō）
E:\008-datasets\mcv-scripted-nan-tw-v23.0\cv-corpus-23.0-2025-09-05\nan-tw\single_speaker\wavs\common_voice_nan-tw_32169849.wav,nan_tw_01,yue,三頓逐無一頓飽,sann1 dng1 juk1 bo4 zit1 dng3 baa2,sann-tn̄g jiok bô tsit-tǹg pá,三頓逐無一頓飽 （sann-tn̄g jiok bô tsit-tǹg pá）
E:\008-datasets\mcv-scripted-nan-tw-v23.0\cv-corpus-23.0-2025-09-05\nan-tw\single_speaker\wavs\common_voice_nan-tw_32183921.wav,nan_tw_01,yue,文山二分局,bun4 san1 ji1 hun1 gio̍k1,Bûn-san Jī-hun-kio̍k,文山二分局（Bûn-san Jī-hun-kio̍k）
E:\008-datasets\mcv-scripted-nan-tw-v23.0\cv-corpus-23.0-2025-09-05\nan-tw\single_speaker\wavs\common_voice_nan-tw_32183922.wav,nan_tw_01,yue,內坑,laai1 kinn1,Lāi-khinn,內坑（Lāi-khinn）
E:\008-datasets\mcv-scripted-nan-tw-v23.0\cv-corpus-23.0-2025-09-05\nan-tw\single_speaker\wavs\common_voice_nan-tw_32183923.wav,nan_tw_01,yue,都蘭,doo1 lan4,Too-lân,都蘭（Too-lân）
E:\008-datasets\mcv-scripted-nan-tw-v23.0\cv-corpus-23.0-2025-09-05\nan-tw\single_speaker\wavs\common_voice_nan-tw_32183924.wav,nan_tw_01,yue,聖誕老阿伯,sing3 dan3 laau1 aa1 bet1,sìng-tàn-lāu-a-peh,聖誕老阿伯（sìng-tàn-lāu-a-peh）
E:\008-datasets\mcv-scripted-nan-tw-v23.0\cv-corpus-23.0-2025-09-05\nan-tw\single_speaker\wavs\common_voice_nan-tw_32183925.wav,nan_tw_01,yue,這个頭家猶真少年,zit1 e4 taau4 ge1 iu2 zin1 siu3 lin4,Tsit ê thâu-ke iáu tsin siàu-liân,這个頭家猶真少年（Tsit ê thâu-ke iáu tsin siàu-liân）
E:\008-datasets\mcv-scripted-nan-tw-v23.0\cv-corpus-23.0-2025-09-05\nan-tw\single_speaker\wavs\common_voice_nan-tw_32183929.wav,nan_tw_01,yue,耶穌的愛,e4 soo1 e4 aai3,Iâ-soo ê ài,耶穌的愛（Iâ-soo ê ài）
E:\008-datasets\mcv-scripted-nan-tw-v23.0\cv-corpus-23.0-2025-09-05\nan-tw\single_speaker\wavs\common_voice_nan-tw_32183930.wav,nan_tw_01,yue,捒責任,sak1 zik1 jim1 |1 sak1 zik1 lim1,sak-tsik-jīm | sak-tsik-līm,捒責任（sak-tsik-jīm | sak-tsik-līm）
E:\008-datasets\mcv-scripted-nan-tw-v23.0\cv-corpus-23.0-2025-09-05\nan-tw\single_speaker\wavs\common_voice_nan-tw_32183931.wav,nan_tw_01,yue,理則,li2 zik1,lí-tsik,理則（lí-tsik）
E:\008-datasets\mcv-scripted-nan-tw-v23.0\cv-corpus-23.0-2025-09-05\nan-tw\single_speaker\wavs\common_voice_nan-tw_32183932.wav,nan_tw_01,yue,作十六歲,zo3 za̍p1 la̍k1 ho3 |1 zo3 za̍p1 la̍k1 he3,tsò-tsa̍p-la̍k-huè | tsò-tsa̍p-la̍k-hè,作十六歲（tsò-tsa̍p-la̍k-huè | tsò-tsa̍p-la̍k-hè）
E:\008-datasets\mcv-scripted-nan-tw-v23.0\cv-corpus-23.0-2025-09-05\nan-tw\single_speaker\wavs\common_voice_nan-tw_32183933.wav,nan_tw_01,yue,跤甕,kaa1 ang3,kha-àng,跤甕（kha-àng）
E:\008-datasets\mcv-scripted-nan-tw-v23.0\cv-corpus-23.0-2025-09-05\nan-tw\single_speaker\wavs\common_voice_nan-tw_32183938.wav,nan_tw_01,yue,糋圈仔,zinn3 kin1 aa2,tsìnn-khian-á,糋圈仔（tsìnn-khian-á）
E:\008-datasets\mcv-scripted-nan-tw-v23.0\cv-corpus-23.0-2025-09-05\nan-tw\single_speaker\wavs\common_voice_nan-tw_32183939.wav,nan_tw_01,yue,做司公,zo3 saai1 gong1,tsò-sai-kong,做司公（tsò-sai-kong）
E:\008-datasets\mcv-scripted-nan-tw-v23.0\cv-corpus-23.0-2025-09-05\nan-tw\single_speaker\wavs\common_voice_nan-tw_32183940.wav,nan_tw_01,yue,彼領洋裝看著真大範,hit1 ne2 iunn4 zong1 kuann3 dio̍h1 zin1 daa1 ban1,Hit niá iûnn-tsong khuànn-tio̍h tsin tuā-pān,彼領洋裝看著真大範（Hit niá iûnn-tsong khuànn-tio̍h tsin tuā-pān）
E:\008-datasets\mcv-scripted-nan-tw-v23.0\cv-corpus-23.0-2025-09-05\nan-tw\single_speaker\wavs\common_voice_nan-tw_32183941.wav,nan_tw_01,yue,五穀豐收，雨水接應,ngoo2 gok1 hong1 siu1 hoo1 zeoi2 zip1 ing3,ngóo-kok hong-siu hōo-tsuí tsiap-ìng,五穀豐收，雨水接應（ngóo-kok hong-siu hōo-tsuí tsiap-ìng）
E:\008-datasets\mcv-scripted-nan-tw-v23.0\cv-corpus-23.0-2025-09-05\nan-tw\single_speaker\wavs\common_voice_nan-tw_32183942.wav,nan_tw_01,yue,尾仔伊佇當地時間,bo2 aa2 i1 di1 dong1 de1 si4 gan1,Bué--á i tī tong-tē sî-kan,尾仔伊佇當地時間（Bué--á i tī tong-tē sî-kan）
E:\008-datasets\mcv-scripted-nan-tw-v23.0\cv-corpus-23.0-2025-09-05\nan-tw\single_speaker\wavs\common_voice_nan-tw_32183949.wav,nan_tw_01,yue,路邊消息,loo1 binn1 siu1 sik1,lōo-pinn siau-sik,路邊消息（lōo-pinn siau-sik）
E:\008-datasets\mcv-scripted-nan-tw-v23.0\cv-corpus-23.0-2025-09-05\nan-tw\single_speaker\wavs\common_voice_nan-tw_32183950.wav,nan_tw_01,yue,嬌蠻,giu1 ban4,kiau-bân,嬌蠻（kiau-bân）
E:\008-datasets\mcv-scripted-nan-tw-v23.0\cv-corpus-23.0-2025-09-05\nan-tw\single_speaker\wavs\common_voice_nan-tw_32183951.wav,nan_tw_01,yue,線路圖,suann3 loo1 doo4,suànn-lōo-tôo,線路圖（suànn-lōo-tôo）
E:\008-datasets\mcv-scripted-nan-tw-v23.0\cv-corpus-23.0-2025-09-05\nan-tw\single_speaker\wavs\common_voice_nan-tw_32183952.wav,nan_tw_01,yue,落水金剛,lo̍h1 zeoi2 gim1 gong1,lo̍h-tsuí kim-kong,落水金剛（lo̍h-tsuí kim-kong）
E:\008-datasets\mcv-scripted-nan-tw-v23.0\cv-corpus-23.0-2025-09-05\nan-tw\single_speaker\wavs\common_voice_nan-tw_32183953.wav,nan_tw_01,yue,舊莊,gu1 zng1,Kū-tsng,舊莊（Kū-tsng）
E:\008-datasets\mcv-scripted-nan-tw-v23.0\cv-corpus-23.0-2025-09-05\nan-tw\single_speaker\wavs\common_voice_nan-tw_32183954.wav,nan_tw_01,yue,做成,zo3 sing4,tsò-sîng,做成（tsò-sîng）
E:\008-datasets\mcv-scripted-nan-tw-v23.0\cv-corpus-23.0-2025-09-05\nan-tw\single_speaker\wavs\common_voice_nan-tw_32183955.wav,nan_tw_01,yue,新生高架道路,sin1 sing1 go1 gaa3 do1 loo1 |1 sin1 sang1 go1 gaa3 do1 lo͘1,Sin-sing Ko-kà Tō-lōo | Sin-seng Ko-kà Tō-lō͘,新生高架道路（Sin-sing Ko-kà Tō-lōo | Sin-seng Ko-kà Tō-lō͘）
E:\008-datasets\mcv-scripted-nan-tw-v23.0\cv-corpus-23.0-2025-09-05\nan-tw\single_speaker\wavs\common_voice_nan-tw_32183956.wav,nan_tw_01,yue,袂收煞,be1 siu1 suah1 |1 bo1 siu1 suah1,bē-siu-suah | buē-siu-suah,袂收煞（bē-siu-suah | buē-siu-suah）
E:\008-datasets\mcv-scripted-nan-tw-v23.0\cv-corpus-23.0-2025-09-05\nan-tw\single_speaker\wavs\common_voice_nan-tw_32183957.wav,nan_tw_01,yue,提筆來寫字,te̍h1 bit1 laai4 se2 ji1,The̍h pit lâi siá-jī,提筆來寫字（The̍h pit lâi siá-jī）
E:\008-datasets\mcv-scripted-nan-tw-v23.0\cv-corpus-23.0-2025-09-05\nan-tw\single_speaker\wavs\common_voice_nan-tw_32183958.wav,nan_tw_01,yue,掠鹹魚放生,lia̍h1 gim4 hi4 bang3 senn1,lia̍h kiâm-hî pàng-senn,掠鹹魚放生（lia̍h kiâm-hî pàng-senn）
E:\008-datasets\mcv-scripted-nan-tw-v23.0\cv-corpus-23.0-2025-09-05\nan-tw\single_speaker\wavs\common_voice_nan-tw_32183959.wav,nan_tw_01,yue,阿沙不魯,aa1 saa1 but1 lut1,a-sa-puh-luh,阿沙不魯（a-sa-puh-luh）
E:\008-datasets\mcv-scripted-nan-tw-v23.0\cv-corpus-23.0-2025-09-05\nan-tw\single_speaker\wavs\common_voice_nan-tw_32183960.wav,nan_tw_01,yue,宛,un2 |1 un3 |1 un1 |1 un4,uán | uàn | uan | uân,宛（uán | uàn | uan | uân）
E:\008-datasets\mcv-scripted-nan-tw-v23.0\cv-corpus-23.0-2025-09-05\nan-tw\single_speaker\wavs\common_voice_nan-tw_32183961.wav,nan_tw_01,yue,平鼎仔,benn4 diann2 aa2 |1 binn4 diann2 aa2,pênn-tiánn-á | pînn-tiánn-á,平鼎仔（pênn-tiánn-á | pînn-tiánn-á）
E:\008-datasets\mcv-scripted-nan-tw-v23.0\cv-corpus-23.0-2025-09-05\nan-tw\single_speaker\wavs\common_voice_nan-tw_32183962.wav,nan_tw_01,yue,遊船,iu4 zun4,iû-tsûn,遊船（iû-tsûn）
E:\008-datasets\mcv-scripted-nan-tw-v23.0\cv-corpus-23.0-2025-09-05\nan-tw\single_speaker\wavs\common_voice_nan-tw_32183963.wav,nan_tw_01,yue,圓環,inn4 kun4 |1 in4 koan4,Înn-khuân | Îⁿ-khoân,圓環（Înn-khuân | Îⁿ-khoân）
E:\008-datasets\mcv-scripted-nan-tw-v23.0\cv-corpus-23.0-2025-09-05\nan-tw\single_speaker\wavs\common_voice_nan-tw_32183964.wav,nan_tw_01,yue,石頭粒仔,zio̍h1 taau4 lip1 aa2,tsio̍h-thâu liap-á,石頭粒仔（tsio̍h-thâu liap-á）
E:\008-datasets\mcv-scripted-nan-tw-v23.0\cv-corpus-23.0-2025-09-05\nan-tw\single_speaker\wavs\common_voice_nan-tw_32183965.wav,nan_tw_01,yue,天津街,tin1 din1 go1,Thian-tin-kue,天津街（Thian-tin-kue）
E:\008-datasets\mcv-scripted-nan-tw-v23.0\cv-corpus-23.0-2025-09-05\nan-tw\single_speaker\wavs\common_voice_nan-tw_32183966.wav,nan_tw_01,yue,頭前,taau4 zing4,thâu-tsîng,頭前（thâu-tsîng）
E:\008-datasets\mcv-scripted-nan-tw-v23.0\cv-corpus-23.0-2025-09-05\nan-tw\single_speaker\wavs\common_voice_nan-tw_32183967.wav,nan_tw_01,yue,過圳,go3 zun3 |1 goe3 chun3,Kuè-tsùn | kòe-chùn,過圳（Kuè-tsùn | kòe-chùn）
E:\008-datasets\mcv-scripted-nan-tw-v23.0\cv-corpus-23.0-2025-09-05\nan-tw\single_speaker\wavs\common_voice_nan-tw_32183968.wav,nan_tw_01,yue,欠碼,kim3 be2,khiàm-bé,欠碼（khiàm-bé）
E:\008-datasets\mcv-scripted-nan-tw-v23.0\cv-corpus-23.0-2025-09-05\nan-tw\single_speaker\wavs\common_voice_nan-tw_32183969.wav,nan_tw_01,yue,放蕩不羈,hong3 dong1 but1 gi1,hòng-tōng-put-ki,放蕩不羈（hòng-tōng-put-ki）
E:\008-datasets\mcv-scripted-nan-tw-v23.0\cv-corpus-23.0-2025-09-05\nan-tw\single_speaker\wavs\common_voice_nan-tw_32183970.wav,nan_tw_01,yue,按怎,an2 zuann2,án-tsuánn,按怎（án-tsuánn）
E:\008-datasets\mcv-scripted-nan-tw-v23.0\cv-corpus-23.0-2025-09-05\nan-tw\single_speaker\wavs\common_voice_nan-tw_32183971.wav,nan_tw_01,yue,港口,gang2 kaau2,Káng-kháu,港口（Káng-kháu）
E:\008-datasets\mcv-scripted-nan-tw-v23.0\cv-corpus-23.0-2025-09-05\nan-tw\single_speaker\wavs\common_voice_nan-tw_32183972.wav,nan_tw_01,yue,天災人禍,tin1 zaai1 jin4 ho1,thian-tsai jîn-hō,天災人禍（thian-tsai jîn-hō）
E:\008-datasets\mcv-scripted-nan-tw-v23.0\cv-corpus-23.0-2025-09-05\nan-tw\single_speaker\wavs\common_voice_nan-tw_32183973.wav,nan_tw_01,yue,下一站,e1 zi̍t1 zam1,ē tsi̍t tsām,下一站 （ē tsi̍t tsām）
E:\008-datasets\mcv-scripted-nan-tw-v23.0\cv-corpus-23.0-2025-09-05\nan-tw\single_speaker\wavs\common_voice_nan-tw_32183974.wav,nan_tw_01,yue,陽仔目,ung4 aa2 ba̍k1,iông-á-ba̍k,陽仔目（iông-á-ba̍k）
E:\008-datasets\mcv-scripted-nan-tw-v23.0\cv-corpus-23.0-2025-09-05\nan-tw\single_speaker\wavs\common_voice_nan-tw_32183975.wav,nan_tw_01,yue,生理結構,sing1 li2 git1 goo3,sing-lí-kiat-kòo,生理結構（sing-lí-kiat-kòo）
E:\008-datasets\mcv-scripted-nan-tw-v23.0\cv-corpus-23.0-2025-09-05\nan-tw\single_speaker\wavs\common_voice_nan-tw_32183976.wav,nan_tw_01,yue,泏沫,zut1 pue̍h1,tsuat-phue̍h,泏沫（tsuat-phue̍h）
E:\008-datasets\mcv-scripted-nan-tw-v23.0\cv-corpus-23.0-2025-09-05\nan-tw\single_speaker\wavs\common_voice_nan-tw_32183977.wav,nan_tw_01,yue,酸牛奶膏,sng1 gu4 ling1 go1,sng-gû-ling-ko,酸牛奶膏（sng-gû-ling-ko）
E:\008-datasets\mcv-scripted-nan-tw-v23.0\cv-corpus-23.0-2025-09-05\nan-tw\single_speaker\wavs\common_voice_nan-tw_32183978.wav,nan_tw_01,yue,到佇,gaau3 di1,kàu-tī,到佇（kàu-tī）
E:\008-datasets\mcv-scripted-nan-tw-v23.0\cv-corpus-23.0-2025-09-05\nan-tw\single_speaker\wavs\common_voice_nan-tw_32183984.wav,nan_tw_01,yue,伊講欲中立，兩爿攏無愛參加,i1 gong2 bet1 dung1 li̍p1 nng1 bing4 long2 bo4 aai3 cam1 gaa1,"I kóng beh tiong-li̍p, nn̄g pîng lóng bô-ài tsham-ka","伊講欲中立，兩爿攏無愛參加（I kóng beh tiong-li̍p, nn̄g pîng lóng bô-ài tsham-ka）"
E:\008-datasets\mcv-scripted-nan-tw-v23.0\cv-corpus-23.0-2025-09-05\nan-tw\single_speaker\wavs\common_voice_nan-tw_32183985.wav,nan_tw_01,yue,臭油埃,caau3 iu4 aai1,tshàu-iû-ai,臭油埃（tshàu-iû-ai）
E:\008-datasets\mcv-scripted-nan-tw-v23.0\cv-corpus-23.0-2025-09-05\nan-tw\single_speaker\wavs\common_voice_nan-tw_32183986.wav,nan_tw_01,yue,亥革,haai4 gik1,Hâi-kik,亥革（Hâi-kik）
E:\008-datasets\mcv-scripted-nan-tw-v23.0\cv-corpus-23.0-2025-09-05\nan-tw\single_speaker\wavs\common_voice_nan-tw_32183987.wav,nan_tw_01,yue,愛河,aai3 ho4,Ài-hô,愛河（Ài-hô）
E:\008-datasets\mcv-scripted-nan-tw-v23.0\cv-corpus-23.0-2025-09-05\nan-tw\single_speaker\wavs\common_voice_nan-tw_32183988.wav,nan_tw_01,yue,搝生理,giu2 sing1 li2,giú-sing-lí,搝生理（giú-sing-lí）
E:\008-datasets\mcv-scripted-nan-tw-v23.0\cv-corpus-23.0-2025-09-05\nan-tw\single_speaker\wavs\common_voice_nan-tw_32183989.wav,nan_tw_01,yue,尻脊後,kaa1 ziah1 aau1,kha-tsiah-āu,尻脊後（kha-tsiah-āu）
E:\008-datasets\mcv-scripted-nan-tw-v23.0\cv-corpus-23.0-2025-09-05\nan-tw\single_speaker\wavs\common_voice_nan-tw_32183990.wav,nan_tw_01,yue,食老倒少年,zia̍h1 laau1 do3 siu3 lin4,tsia̍h-lāu-tò-siàu-liân,食老倒少年（tsia̍h-lāu-tò-siàu-liân）
E:\008-datasets\mcv-scripted-nan-tw-v23.0\cv-corpus-23.0-2025-09-05\nan-tw\single_speaker\wavs\common_voice_nan-tw_32183991.wav,nan_tw_01,yue,你提轉去了後，就一項一項共伊讀出來,你提轉去了後就一項一項共伊讀出來1,你提轉去了後，就一項一項共伊讀出來,你提轉去了後，就一項一項共伊讀出來
E:\008-datasets\mcv-scripted-nan-tw-v23.0\cv-corpus-23.0-2025-09-05\nan-tw\single_speaker\wavs\common_voice_nan-tw_32183992.wav,nan_tw_01,yue,內大溪,laai1 daa1 ko1 |1 laai1 doa1 koe1,Lāi-tuā-khue | Lāi-tōa-khoe,內大溪（Lāi-tuā-khue | Lāi-tōa-khoe）
E:\008-datasets\mcv-scripted-nan-tw-v23.0\cv-corpus-23.0-2025-09-05\nan-tw\single_speaker\wavs\common_voice_nan-tw_32183993.wav,nan_tw_01,yue,雜差兼管家,za̍p1 ce1 gim1 gun2 ge1,tsa̍p-tshe kiam kuán-ke,雜差兼管家（tsa̍p-tshe kiam kuán-ke）
E:\008-datasets\mcv-scripted-nan-tw-v23.0\cv-corpus-23.0-2025-09-05\nan-tw\single_speaker\wavs\common_voice_nan-tw_32183994.wav,nan_tw_01,yue,順昌,sun1 cung1,Sūn-tshiong,順昌（Sūn-tshiong）
E:\008-datasets\mcv-scripted-nan-tw-v23.0\cv-corpus-23.0-2025-09-05\nan-tw\single_speaker\wavs\common_voice_nan-tw_32183995.wav,nan_tw_01,yue,出來講,cut1 laai4 gong2,tshut-lâi-kóng,出來講（tshut-lâi-kóng）
E:\008-datasets\mcv-scripted-nan-tw-v23.0\cv-corpus-23.0-2025-09-05\nan-tw\single_speaker\wavs\common_voice_nan-tw_32183996.wav,nan_tw_01,yue,擋落屎藥,dong3 laau3 saai2 io̍h1,tòng-làu-sái-io̍h,擋落屎藥（tòng-làu-sái-io̍h）
E:\008-datasets\mcv-scripted-nan-tw-v23.0\cv-corpus-23.0-2025-09-05\nan-tw\single_speaker\wavs\common_voice_nan-tw_32183997.wav,nan_tw_01,yue,歪哥錢,aai1 go1 zinn4,uai-ko-tsînn,歪哥錢（uai-ko-tsînn）
E:\008-datasets\mcv-scripted-nan-tw-v23.0\cv-corpus-23.0-2025-09-05\nan-tw\single_speaker\wavs\common_voice_nan-tw_32183998.wav,nan_tw_01,yue,豔麗,im1 le1,iām-lē,豔麗（iām-lē）
E:\008-datasets\mcv-scripted-nan-tw-v23.0\cv-corpus-23.0-2025-09-05\nan-tw\single_speaker\wavs\common_voice_nan-tw_32183999.wav,nan_tw_01,yue,草埔後社,caau2 boo1 aau1 se1 |1 chhaau2 bo͘1 aau1 se1,Tsháu-poo Āu-siā | Chháu-po͘ Āu-siā,草埔後社（Tsháu-poo Āu-siā | Chháu-po͘ Āu-siā）
E:\008-datasets\mcv-scripted-nan-tw-v23.0\cv-corpus-23.0-2025-09-05\nan-tw\single_speaker\wavs\common_voice_nan-tw_32184000.wav,nan_tw_01,yue,內媽祖田,laai1 maa2 zoo2 can4,Lāi-má-tsóo-tshân,內媽祖田（Lāi-má-tsóo-tshân）
E:\008-datasets\mcv-scripted-nan-tw-v23.0\cv-corpus-23.0-2025-09-05\nan-tw\single_speaker\wavs\common_voice_nan-tw_32184001.wav,nan_tw_01,yue,十鼓仁糖文創園區,si̍p1 goo2 jin4 tng4 bun4 cong3 un4 ku1,Si̍p-kóo Jîn-thn̂g Bûn-tshòng Uân-khu,十鼓仁糖文創園區 （Si̍p-kóo Jîn-thn̂g Bûn-tshòng Uân-khu）
E:\008-datasets\mcv-scripted-nan-tw-v23.0\cv-corpus-23.0-2025-09-05\nan-tw\single_speaker\wavs\common_voice_nan-tw_32184002.wav,nan_tw_01,yue,羽毛球,u2 moo4 giu4,ú-môo-kiû,羽毛球（ú-môo-kiû）
E:\008-datasets\mcv-scripted-nan-tw-v23.0\cv-corpus-23.0-2025-09-05\nan-tw\single_speaker\wavs\common_voice_nan-tw_32184003.wav,nan_tw_01,yue,腦炎,naau2 im1,náu-iām,腦炎（náu-iām）
E:\008-datasets\mcv-scripted-nan-tw-v23.0\cv-corpus-23.0-2025-09-05\nan-tw\single_speaker\wavs\common_voice_nan-tw_32184009.wav,nan_tw_01,yue,婊仔,biu2 aa2,piáu-á,婊仔（piáu-á）
E:\008-datasets\mcv-scripted-nan-tw-v23.0\cv-corpus-23.0-2025-09-05\nan-tw\single_speaker\wavs\common_voice_nan-tw_32184010.wav,nan_tw_01,yue,蕭萬長,siu1 ban1 dung4,Siau Bān-tiông,蕭萬長（Siau Bān-tiông）
E:\008-datasets\mcv-scripted-nan-tw-v23.0\cv-corpus-23.0-2025-09-05\nan-tw\single_speaker\wavs\common_voice_nan-tw_32184011.wav,nan_tw_01,yue,囡仔鬼,gin2 aa2 geoi2,gín-á-kuí,囡仔鬼（gín-á-kuí）
E:\008-datasets\mcv-scripted-nan-tw-v23.0\cv-corpus-23.0-2025-09-05\nan-tw\single_speaker\wavs\common_voice_nan-tw_32184012.wav,nan_tw_01,yue,食菜食甲肚臍為界,zia̍h1 caai3 zia̍h1 gaat1 doo1 zaai4 eoi4 gaai3,tsia̍h-tshài tsia̍h kah tōo-tsâi uî-kài,食菜食甲肚臍為界（tsia̍h-tshài tsia̍h kah tōo-tsâi uî-kài）
E:\008-datasets\mcv-scripted-nan-tw-v23.0\cv-corpus-23.0-2025-09-05\nan-tw\single_speaker\wavs\common_voice_nan-tw_32184013.wav,nan_tw_01,yue,檳榔坑,bin1 nng4 kinn1,Pin-nn̂g-khinn,檳榔坑（Pin-nn̂g-khinn）
E:\008-datasets\mcv-scripted-nan-tw-v23.0\cv-corpus-23.0-2025-09-05\nan-tw\single_speaker\wavs\common_voice_nan-tw_32184014.wav,nan_tw_01,yue,欠一跤,kim3 zi̍t1 kaa1,khiàm tsi̍t kha,欠一跤（khiàm tsi̍t kha）
E:\008-datasets\mcv-scripted-nan-tw-v23.0\cv-corpus-23.0-2025-09-05\nan-tw\single_speaker\wavs\common_voice_nan-tw_32184015.wav,nan_tw_01,yue,生炭,cinn1 tuann3,tshinn-thuànn,生炭（tshinn-thuànn）
E:\008-datasets\mcv-scripted-nan-tw-v23.0\cv-corpus-23.0-2025-09-05\nan-tw\single_speaker\wavs\common_voice_nan-tw_32184016.wav,nan_tw_01,yue,南樹林,lam4 ciu1 naa4 |1 lam4 chhiu1 naa4,Lâm-tshiū-nâ | Lâm-chhiū-nâ,南樹林（Lâm-tshiū-nâ | Lâm-chhiū-nâ）
E:\008-datasets\mcv-scripted-nan-tw-v23.0\cv-corpus-23.0-2025-09-05\nan-tw\single_speaker\wavs\common_voice_nan-tw_32184017.wav,nan_tw_01,yue,麻薟鍋,baa4 him1 go1,bâ-hiam-ko,麻薟鍋（bâ-hiam-ko）
E:\008-datasets\mcv-scripted-nan-tw-v23.0\cv-corpus-23.0-2025-09-05\nan-tw\single_speaker\wavs\common_voice_nan-tw_32184018.wav,nan_tw_01,yue,毋捌芳臭,m1 bat1 pang1 caau3,m̄ bat phang tshàu,毋捌芳臭（m̄ bat phang tshàu）
E:\008-datasets\mcv-scripted-nan-tw-v23.0\cv-corpus-23.0-2025-09-05\nan-tw\single_speaker\wavs\common_voice_nan-tw_32184019.wav,nan_tw_01,yue,蔥頭水雞,cang1 taau4 zeoi2 ge1,Tshang-thâu-tsuí-ke,蔥頭水雞（Tshang-thâu-tsuí-ke）
E:\008-datasets\mcv-scripted-nan-tw-v23.0\cv-corpus-23.0-2025-09-05\nan-tw\single_speaker\wavs\common_voice_nan-tw_32184021.wav,nan_tw_01,yue,德語,dik1 gi2 |1 dik1 gu2,tik-gí | tik-gú,德語（tik-gí | tik-gú）
E:\008-datasets\mcv-scripted-nan-tw-v23.0\cv-corpus-23.0-2025-09-05\nan-tw\single_speaker\wavs\common_voice_nan-tw_32184022.wav,nan_tw_01,yue,炒肉,caa2 baat1,tshá-bah,炒肉（tshá-bah）
E:\008-datasets\mcv-scripted-nan-tw-v23.0\cv-corpus-23.0-2025-09-05\nan-tw\single_speaker\wavs\common_voice_nan-tw_32184024.wav,nan_tw_01,yue,馬鞍苴,be2 uann1 zu1,bé-uann-tsū,馬鞍苴（bé-uann-tsū）
E:\008-datasets\mcv-scripted-nan-tw-v23.0\cv-corpus-23.0-2025-09-05\nan-tw\single_speaker\wavs\common_voice_nan-tw_32184025.wav,nan_tw_01,yue,三角肉,sann1 gak1 baat1,sann-kak-bah,三角肉 （sann-kak-bah）
E:\008-datasets\mcv-scripted-nan-tw-v23.0\cv-corpus-23.0-2025-09-05\nan-tw\single_speaker\wavs\common_voice_nan-tw_32184085.wav,nan_tw_01,yue,山魈,sam1 siu1,sam-siau,山魈 （sam-siau）
E:\008-datasets\mcv-scripted-nan-tw-v23.0\cv-corpus-23.0-2025-09-05\nan-tw\single_speaker\wavs\common_voice_nan-tw_32184086.wav,nan_tw_01,yue,未上三寸水，著欲扒龍船,bo1 ziunn1 sann1 cun3 zeoi2 dio̍h1 bet1 be4 lung4 zun4,"buē tsiūnn sann tshùn tsuí, tio̍h-beh pê-liông-tsûn","未上三寸水，著欲扒龍船（buē tsiūnn sann tshùn tsuí, tio̍h-beh pê-liông-tsûn）"
E:\008-datasets\mcv-scripted-nan-tw-v23.0\cv-corpus-23.0-2025-09-05\nan-tw\single_speaker\wavs\common_voice_nan-tw_32184087.wav,nan_tw_01,yue,國立臺北藝術大學,gok1 li̍p1 daai4 bak1 ge1 su̍t1 daai1 ha̍k1,Kok-li̍p Tâi-pak Gē-su̍t Tāi-ha̍k,國立臺北藝術大學（Kok-li̍p Tâi-pak Gē-su̍t Tāi-ha̍k）
E:\008-datasets\mcv-scripted-nan-tw-v23.0\cv-corpus-23.0-2025-09-05\nan-tw\single_speaker\wavs\common_voice_nan-tw_32184088.wav,nan_tw_01,yue,逢甲,hong4 gaat1,Hông-kah,逢甲（Hông-kah）
E:\008-datasets\mcv-scripted-nan-tw-v23.0\cv-corpus-23.0-2025-09-05\nan-tw\single_speaker\wavs\common_voice_nan-tw_32184089.wav,nan_tw_01,yue,市府路,ci1 hu2 loo1,Tshī-hú-lōo,市府路（Tshī-hú-lōo）
E:\008-datasets\mcv-scripted-nan-tw-v23.0\cv-corpus-23.0-2025-09-05\nan-tw\single_speaker\wavs\common_voice_nan-tw_32184090.wav,nan_tw_01,yue,抌篤,dim3 daau2,tìm-táu,抌篤（tìm-táu）
E:\008-datasets\mcv-scripted-nan-tw-v23.0\cv-corpus-23.0-2025-09-05\nan-tw\single_speaker\wavs\common_voice_nan-tw_32184150.wav,nan_tw_01,yue,桑葚,sng1 suinn4,sng-sûinn,桑葚（sng-sûinn）
E:\008-datasets\mcv-scripted-nan-tw-v23.0\cv-corpus-23.0-2025-09-05\nan-tw\single_speaker\wavs\common_voice_nan-tw_32184151.wav,nan_tw_01,yue,救生環,giu3 sing1 kun4,kiù-sing-khuân,救生環（kiù-sing-khuân）
E:\008-datasets\mcv-scripted-nan-tw-v23.0\cv-corpus-23.0-2025-09-05\nan-tw\single_speaker\wavs\common_voice_nan-tw_32184152.wav,nan_tw_01,yue,這塊尿苴仔誠臭尿薟,zit1 de3 joe1 zu1 aa2 ziann4 caau3 joe1 him1,Tsit tè jiō-tsū-á tsiânn tshàu-jiō-hiam,這塊尿苴仔誠臭尿薟（Tsit tè jiō-tsū-á tsiânn tshàu-jiō-hiam）
E:\008-datasets\mcv-scripted-nan-tw-v23.0\cv-corpus-23.0-2025-09-05\nan-tw\single_speaker\wavs\common_voice_nan-tw_32184153.wav,nan_tw_01,yue,大比鳥,daa1 bi2 ziu2,Tuā-pí-tsiáu,大比鳥 （Tuā-pí-tsiáu）
E:\008-datasets\mcv-scripted-nan-tw-v23.0\cv-corpus-23.0-2025-09-05\nan-tw\single_speaker\wavs\common_voice_nan-tw_32184154.wav,nan_tw_01,yue,轉錢空,dng2 zinn4 kang1,tńg-tsînn-khang,轉錢空（tńg-tsînn-khang）
E:\008-datasets\mcv-scripted-nan-tw-v23.0\cv-corpus-23.0-2025-09-05\nan-tw\single_speaker\wavs\common_voice_nan-tw_32184155.wav,nan_tw_01,yue,内城,laai1 siann4,Lāi-siânn,内城（Lāi-siânn）
E:\008-datasets\mcv-scripted-nan-tw-v23.0\cv-corpus-23.0-2025-09-05\nan-tw\single_speaker\wavs\common_voice_nan-tw_32184156.wav,nan_tw_01,yue,麭業,pang2 gia̍p1,pháng-gia̍p,麭業（pháng-gia̍p）
E:\008-datasets\mcv-scripted-nan-tw-v23.0\cv-corpus-23.0-2025-09-05\nan-tw\single_speaker\wavs\common_voice_nan-tw_32184157.wav,nan_tw_01,yue,若歕雞胿仝款,naa2 bun4 ge1 geoi1 gang1 kun2,ná pûn ke-kui kāng-khuán,若歕雞胿仝款（ná pûn ke-kui kāng-khuán）
E:\008-datasets\mcv-scripted-nan-tw-v23.0\cv-corpus-23.0-2025-09-05\nan-tw\single_speaker\wavs\common_voice_nan-tw_32184158.wav,nan_tw_01,yue,拗韻,aau2 un1,áu-ūn,拗韻（áu-ūn）
E:\008-datasets\mcv-scripted-nan-tw-v23.0\cv-corpus-23.0-2025-09-05\nan-tw\single_speaker\wavs\common_voice_nan-tw_32184159.wav,nan_tw_01,yue,牛仔囝,gu4 aa2 giann2,gû-á-kiánn,牛仔囝（gû-á-kiánn）
E:\008-datasets\mcv-scripted-nan-tw-v23.0\cv-corpus-23.0-2025-09-05\nan-tw\single_speaker\wavs\common_voice_nan-tw_32184160.wav,nan_tw_01,yue,過年初四,go3 ni4 ce1 su3,kuè-nî tshe-sù,過年初四（kuè-nî tshe-sù）
E:\008-datasets\mcv-scripted-nan-tw-v23.0\cv-corpus-23.0-2025-09-05\nan-tw\single_speaker\wavs\common_voice_nan-tw_32184161.wav,nan_tw_01,yue,規嚾規黨,geoi1 ong1 geoi1 dong2,kui-uang-kui-tóng,規嚾規黨（kui-uang-kui-tóng）
E:\008-datasets\mcv-scripted-nan-tw-v23.0\cv-corpus-23.0-2025-09-05\nan-tw\single_speaker\wavs\common_voice_nan-tw_32184162.wav,nan_tw_01,yue,西寧南路,se1 ling4 lam4 loo1,Se-lîng-lâm-lōo,西寧南路（Se-lîng-lâm-lōo）
E:\008-datasets\mcv-scripted-nan-tw-v23.0\cv-corpus-23.0-2025-09-05\nan-tw\single_speaker\wavs\common_voice_nan-tw_32184163.wav,nan_tw_01,yue,小等一下,soe2 dan2 zi̍t1 e1,sió-tán--tsi̍t-ē,小等一下 （sió-tán--tsi̍t-ē）
E:\008-datasets\mcv-scripted-nan-tw-v23.0\cv-corpus-23.0-2025-09-05\nan-tw\single_speaker\wavs\common_voice_nan-tw_32184164.wav,nan_tw_01,yue,索仔雲,sot1 aa2 hun4,soh-á-hûn,索仔雲（soh-á-hûn）
E:\008-datasets\mcv-scripted-nan-tw-v23.0\cv-corpus-23.0-2025-09-05\nan-tw\single_speaker\wavs\common_voice_nan-tw_32184170.wav,nan_tw_01,yue,無沙無圾,bo4 saa1 bo4 sap1,bô-sua-bô-sap,無沙無圾（bô-sua-bô-sap）
E:\008-datasets\mcv-scripted-nan-tw-v23.0\cv-corpus-23.0-2025-09-05\nan-tw\single_speaker\wavs\common_voice_nan-tw_32184171.wav,nan_tw_01,yue,內埔鄉,laai1 boo1 hung1,Lāi-poo-hiong,內埔鄉（Lāi-poo-hiong）
E:\008-datasets\mcv-scripted-nan-tw-v23.0\cv-corpus-23.0-2025-09-05\nan-tw\single_speaker\wavs\common_voice_nan-tw_32184172.wav,nan_tw_01,yue,得取,dit1 cu2,tit-tshú,得取（tit-tshú）
E:\008-datasets\mcv-scripted-nan-tw-v23.0\cv-corpus-23.0-2025-09-05\nan-tw\single_speaker\wavs\common_voice_nan-tw_32184173.wav,nan_tw_01,yue,無成體統,bo4 sing4 te2 tong2,bô-sîng thé-thóng,無成體統（bô-sîng thé-thóng）
E:\008-datasets\mcv-scripted-nan-tw-v23.0\cv-corpus-23.0-2025-09-05\nan-tw\single_speaker\wavs\common_voice_nan-tw_32184174.wav,nan_tw_01,yue,看人殕殕,kuann3 lang4 pu2 pu2,khuànn lâng phú-phú,看人殕殕（khuànn lâng phú-phú）
E:\008-datasets\mcv-scripted-nan-tw-v23.0\cv-corpus-23.0-2025-09-05\nan-tw\single_speaker\wavs\common_voice_nan-tw_32184175.wav,nan_tw_01,yue,興福,hing1 hok1 |1 hang1 hok1,Hing-hok | Heng-hok,興福（Hing-hok | Heng-hok）
E:\008-datasets\mcv-scripted-nan-tw-v23.0\cv-corpus-23.0-2025-09-05\nan-tw\single_speaker\wavs\common_voice_nan-tw_32184176.wav,nan_tw_01,yue,鈍市,dun1 ci1,tūn-tshī,鈍市（tūn-tshī）
E:\008-datasets\mcv-scripted-nan-tw-v23.0\cv-corpus-23.0-2025-09-05\nan-tw\single_speaker\wavs\common_voice_nan-tw_32184177.wav,nan_tw_01,yue,崁仔跤,kam3 aa2 kaa1,Khàm-á-kha,崁仔跤（Khàm-á-kha）
E:\008-datasets\mcv-scripted-nan-tw-v23.0\cv-corpus-23.0-2025-09-05\nan-tw\single_speaker\wavs\common_voice_nan-tw_32184178.wav,nan_tw_01,yue,祕結,bi3 git1,pì-kiat,祕結（pì-kiat）
E:\008-datasets\mcv-scripted-nan-tw-v23.0\cv-corpus-23.0-2025-09-05\nan-tw\single_speaker\wavs\common_voice_nan-tw_32184179.wav,nan_tw_01,yue,臺灣查埔人,daai4 un4 zaa1 boo1 lang4,tâi-uân tsa-poo-lâng,臺灣查埔人（tâi-uân tsa-poo-lâng）
E:\008-datasets\mcv-scripted-nan-tw-v23.0\cv-corpus-23.0-2025-09-05\nan-tw\single_speaker\wavs\common_voice_nan-tw_32184185.wav,nan_tw_01,yue,過櫳跤,go3 lang1 kaa1,kuè-lang-kha,過櫳跤（kuè-lang-kha）
E:\008-datasets\mcv-scripted-nan-tw-v23.0\cv-corpus-23.0-2025-09-05\nan-tw\single_speaker\wavs\common_voice_nan-tw_32184186.wav,nan_tw_01,yue,蒔裡國小,si1 li2 gok1 soe2,Sī-lí-kok-sió,蒔裡國小（Sī-lí-kok-sió）
E:\008-datasets\mcv-scripted-nan-tw-v23.0\cv-corpus-23.0-2025-09-05\nan-tw\single_speaker\wavs\common_voice_nan-tw_32184187.wav,nan_tw_01,yue,溫州街,un1 ziu1 go1 |1 un1 chiu1 goe1,Un-tsiu-kue | Un-chiu-koe,溫州街（Un-tsiu-kue | Un-chiu-koe）
E:\008-datasets\mcv-scripted-nan-tw-v23.0\cv-corpus-23.0-2025-09-05\nan-tw\single_speaker\wavs\common_voice_nan-tw_32184188.wav,nan_tw_01,yue,你講甲哩哩囉囉，我聽攏無！,li2 gong2 gaat1 li1 li1 lo1 lo1 gaa2 tiann1 long2 bo4,"Lí kóng kah li-li-lo-lo, guá thiann lóng bô!","你講甲哩哩囉囉，我聽攏無！（Lí kóng kah li-li-lo-lo, guá thiann lóng bô!）"
E:\008-datasets\mcv-scripted-nan-tw-v23.0\cv-corpus-23.0-2025-09-05\nan-tw\single_speaker\wavs\common_voice_nan-tw_32184189.wav,nan_tw_01,yue,阿里阿查,aa1 li2 aa1 zaa1,a-lí-a-tsa,阿里阿查（a-lí-a-tsa）
E:\008-datasets\mcv-scripted-nan-tw-v23.0\cv-corpus-23.0-2025-09-05\nan-tw\single_speaker\wavs\common_voice_nan-tw_32184195.wav,nan_tw_01,yue,天無照甲子，人無照情理,tinn1 bo4 ziu3 gaat1 zi2 lang4 bo4 ziu3 zing4 li2,"thinn bô tsiàu kah-tsí, lâng bô tsiàu tsîng-lí","天無照甲子，人無照情理（thinn bô tsiàu kah-tsí, lâng bô tsiàu tsîng-lí）"
E:\008-datasets\mcv-scripted-nan-tw-v23.0\cv-corpus-23.0-2025-09-05\nan-tw\single_speaker\wavs\common_voice_nan-tw_32184196.wav,nan_tw_01,yue,南機場,lam4 gi1 diunn4,Lâm-ki-tiûnn,南機場（Lâm-ki-tiûnn）
E:\008-datasets\mcv-scripted-nan-tw-v23.0\cv-corpus-23.0-2025-09-05\nan-tw\single_speaker\wavs\common_voice_nan-tw_32184197.wav,nan_tw_01,yue,暗光鳥,am3 gong1 ziu2,àm-kong-tsiáu,暗光鳥（àm-kong-tsiáu）
E:\008-datasets\mcv-scripted-nan-tw-v23.0\cv-corpus-23.0-2025-09-05\nan-tw\single_speaker\wavs\common_voice_nan-tw_32184198.wav,nan_tw_01,yue,殿水,dinn3 zeoi2,tìnn-tsuí,殿水（tìnn-tsuí）
E:\008-datasets\mcv-scripted-nan-tw-v23.0\cv-corpus-23.0-2025-09-05\nan-tw\single_speaker\wavs\common_voice_nan-tw_32184199.wav,nan_tw_01,yue,細本燈徛u,se3 bun2 ding1 ke1 u1,sè-pún ting khiā u,細本燈徛u（sè-pún ting khiā u）
E:\008-datasets\mcv-scripted-nan-tw-v23.0\cv-corpus-23.0-2025-09-05\nan-tw\single_speaker\wavs\common_voice_nan-tw_32184205.wav,nan_tw_01,yue,痟狗浪,siu2 gaau2 long1,siáu-káu-lōng,痟狗浪（siáu-káu-lōng）
E:\008-datasets\mcv-scripted-nan-tw-v23.0\cv-corpus-23.0-2025-09-05\nan-tw\single_speaker\wavs\common_voice_nan-tw_32184206.wav,nan_tw_01,yue,伊差一點仔就著獎矣，有夠無彩,i1 caa1 zi̍t1 dim2 aa2 do1 dio̍h1 zung2 aat1 u1 gaau3 bo4 caai2,"I tsha tsi̍t-tiám-á tō tio̍h-tsióng--ah, ū-kàu bô-tshái","伊差一點仔就著獎矣，有夠無彩（I tsha tsi̍t-tiám-á tō tio̍h-tsióng--ah, ū-kàu bô-tshái）"
E:\008-datasets\mcv-scripted-nan-tw-v23.0\cv-corpus-23.0-2025-09-05\nan-tw\single_speaker\wavs\common_voice_nan-tw_32184207.wav,nan_tw_01,yue,冒之冒捏,moo1 zi1 moo1 lip1,mōo-tsi-mōo-liap,冒之冒捏（mōo-tsi-mōo-liap）
E:\008-datasets\mcv-scripted-nan-tw-v23.0\cv-corpus-23.0-2025-09-05\nan-tw\single_speaker\wavs\common_voice_nan-tw_32184208.wav,nan_tw_01,yue,牛仔毋捌虎,gu4 aa2 m1 bat1 hoo2,gû-á m̄ bat hóo,牛仔毋捌虎（gû-á m̄ bat hóo）
E:\008-datasets\mcv-scripted-nan-tw-v23.0\cv-corpus-23.0-2025-09-05\nan-tw\single_speaker\wavs\common_voice_nan-tw_32184209.wav,nan_tw_01,yue,礁坑二號橋,daa1 kenn1 ji1 ho1 goe4,Ta-khenn-jī-hō-kiô,礁坑二號橋（Ta-khenn-jī-hō-kiô）
E:\008-datasets\mcv-scripted-nan-tw-v23.0\cv-corpus-23.0-2025-09-05\nan-tw\single_speaker\wavs\common_voice_nan-tw_32184210.wav,nan_tw_01,yue,雜頭,za̍p1 taau4,tsa̍p-thâu,雜頭（tsa̍p-thâu）
E:\008-datasets\mcv-scripted-nan-tw-v23.0\cv-corpus-23.0-2025-09-05\nan-tw\single_speaker\wavs\common_voice_nan-tw_32184211.wav,nan_tw_01,yue,芬園鄉,hun1 hng4 hung1,Hun-hn̂g-hiong,芬園鄉（Hun-hn̂g-hiong）
E:\008-datasets\mcv-scripted-nan-tw-v23.0\cv-corpus-23.0-2025-09-05\nan-tw\single_speaker\wavs\common_voice_nan-tw_32184212.wav,nan_tw_01,yue,康熙,kong1 hi1,Khong-hi,康熙（Khong-hi）
E:\008-datasets\mcv-scripted-nan-tw-v23.0\cv-corpus-23.0-2025-09-05\nan-tw\single_speaker\wavs\common_voice_nan-tw_32184213.wav,nan_tw_01,yue,溫室效應,un1 sik1 haau1 ing3,un-sik-hāu-ìng,溫室效應（un-sik-hāu-ìng）
E:\008-datasets\mcv-scripted-nan-tw-v23.0\cv-corpus-23.0-2025-09-05\nan-tw\single_speaker\wavs\common_voice_nan-tw_32184214.wav,nan_tw_01,yue,雞卵麭,ge1 nng2 pang2,ke-nńg-pháng,雞卵麭（ke-nńg-pháng）
E:\008-datasets\mcv-scripted-nan-tw-v23.0\cv-corpus-23.0-2025-09-05\nan-tw\single_speaker\wavs\common_voice_nan-tw_32184220.wav,nan_tw_01,yue,尻川癢,kaa1 cng1 ziunn1,kha-tshng tsiūnn,尻川癢（kha-tshng tsiūnn）
E:\008-datasets\mcv-scripted-nan-tw-v23.0\cv-corpus-23.0-2025-09-05\nan-tw\single_speaker\wavs\common_voice_nan-tw_32184221.wav,nan_tw_01,yue,落米雪,lo̍h1 bi2 set1,lo̍h-bí-seh,落米雪（lo̍h-bí-seh）
E:\008-datasets\mcv-scripted-nan-tw-v23.0\cv-corpus-23.0-2025-09-05\nan-tw\single_speaker\wavs\common_voice_nan-tw_32184222.wav,nan_tw_01,yue,伊的孝心予人真感動,i1 e4 haau3 sim1 hoo1 lang4 zin1 gam2 dong1,I ê hàu-sim hōo lâng tsin kám-tōng,伊的孝心予人真感動（I ê hàu-sim hōo lâng tsin kám-tōng）
E:\008-datasets\mcv-scripted-nan-tw-v23.0\cv-corpus-23.0-2025-09-05\nan-tw\single_speaker\wavs\common_voice_nan-tw_32184223.wav,nan_tw_01,yue,寶螺,bo2 le4,pó-lê,寶螺（pó-lê）
E:\008-datasets\mcv-scripted-nan-tw-v23.0\cv-corpus-23.0-2025-09-05\nan-tw\single_speaker\wavs\common_voice_nan-tw_32184224.wav,nan_tw_01,yue,烏貓仔母,oo1 niu1 aa2 bu2,oo-niau-á-bú,烏貓仔母（oo-niau-á-bú）
E:\008-datasets\mcv-scripted-nan-tw-v23.0\cv-corpus-23.0-2025-09-05\nan-tw\single_speaker\wavs\common_voice_nan-tw_32184225.wav,nan_tw_01,yue,後一个,aau1 zit1 e4 |1 aau1 zi̍t1 e4,āu tsit-ê | āu tsi̍t-ê,後一个（āu tsit-ê | āu tsi̍t-ê）
E:\008-datasets\mcv-scripted-nan-tw-v23.0\cv-corpus-23.0-2025-09-05\nan-tw\single_speaker\wavs\common_voice_nan-tw_32184226.wav,nan_tw_01,yue,目睭看懸無看低,ba̍k1 ziu1 kuann3 gun4 bo4 kuann3 ge1,ba̍k-tsiu khuànn kuân bô khuànn kē,目睭看懸無看低（ba̍k-tsiu khuànn kuân bô khuànn kē）
E:\008-datasets\mcv-scripted-nan-tw-v23.0\cv-corpus-23.0-2025-09-05\nan-tw\single_speaker\wavs\common_voice_nan-tw_32184227.wav,nan_tw_01,yue,複歌,ho̍k1 gaa1,ho̍k-kua,複歌（ho̍k-kua）
E:\008-datasets\mcv-scripted-nan-tw-v23.0\cv-corpus-23.0-2025-09-05\nan-tw\single_speaker\wavs\common_voice_nan-tw_32184228.wav,nan_tw_01,yue,帳幕,diunn3 boo1,tiùnn-bōo,帳幕（tiùnn-bōo）
E:\008-datasets\mcv-scripted-nan-tw-v23.0\cv-corpus-23.0-2025-09-05\nan-tw\single_speaker\wavs\common_voice_nan-tw_32184229.wav,nan_tw_01,yue,赤峰街,ciah1 hong1 go1,Tshiah-hong-kue,赤峰街（Tshiah-hong-kue）
E:\008-datasets\mcv-scripted-nan-tw-v23.0\cv-corpus-23.0-2025-09-05\nan-tw\single_speaker\wavs\common_voice_nan-tw_32184230.wav,nan_tw_01,yue,熥凊飯,tuinn1 cin3 buinn1,thuīnn-tshìn-puīnn,熥凊飯（thuīnn-tshìn-puīnn）
E:\008-datasets\mcv-scripted-nan-tw-v23.0\cv-corpus-23.0-2025-09-05\nan-tw\single_speaker\wavs\common_voice_nan-tw_32184231.wav,nan_tw_01,yue,上埤頭,sung1 bi1 taau4,Siōng-pi-thâu,上埤頭（Siōng-pi-thâu）
E:\008-datasets\mcv-scripted-nan-tw-v23.0\cv-corpus-23.0-2025-09-05\nan-tw\single_speaker\wavs\common_voice_nan-tw_32184232.wav,nan_tw_01,yue,看仿,kuann3 hong2,khuànn-hóng,看仿（khuànn-hóng）
E:\008-datasets\mcv-scripted-nan-tw-v23.0\cv-corpus-23.0-2025-09-05\nan-tw\single_speaker\wavs\common_voice_nan-tw_32184233.wav,nan_tw_01,yue,緘默,kim4 bi̍t1,khiâm-bi̍t,緘默（khiâm-bi̍t）
E:\008-datasets\mcv-scripted-nan-tw-v23.0\cv-corpus-23.0-2025-09-05\nan-tw\single_speaker\wavs\common_voice_nan-tw_32184234.wav,nan_tw_01,yue,手藝,ciu2 ge1,tshiú-gē,手藝（tshiú-gē）
E:\008-datasets\mcv-scripted-nan-tw-v23.0\cv-corpus-23.0-2025-09-05\nan-tw\single_speaker\wavs\common_voice_nan-tw_32184235.wav,nan_tw_01,yue,國立臺灣大學,gok1 li̍p1 daai4 un4 daai1 ha̍k1 |1 gok1 li̍p1 daai4 oan4 daai1 ha̍k1,Kok-li̍p-tâi-uân-tāi-ha̍k | Kok-li̍p Tâi-oân Tāi-ha̍k,國立臺灣大學（Kok-li̍p-tâi-uân-tāi-ha̍k | Kok-li̍p Tâi-oân Tāi-ha̍k）
E:\008-datasets\mcv-scripted-nan-tw-v23.0\cv-corpus-23.0-2025-09-05\nan-tw\single_speaker\wavs\common_voice_nan-tw_32184236.wav,nan_tw_01,yue,烘予熟,hang1 hoo1 si̍k1,hang hōo si̍k,烘予熟（hang hōo si̍k）
E:\008-datasets\mcv-scripted-nan-tw-v23.0\cv-corpus-23.0-2025-09-05\nan-tw\single_speaker\wavs\common_voice_nan-tw_32184237.wav,nan_tw_01,yue,歹喙鼻,painn2 ceoi3 pinn1,pháinn-tshuì-phīnn,歹喙鼻（pháinn-tshuì-phīnn）
E:\008-datasets\mcv-scripted-nan-tw-v23.0\cv-corpus-23.0-2025-09-05\nan-tw\single_speaker\wavs\common_voice_nan-tw_32184238.wav,nan_tw_01,yue,九份仔,gaau2 hun1 aa2,Káu-hūn-á,九份仔 （Káu-hūn-á）
E:\008-datasets\mcv-scripted-nan-tw-v23.0\cv-corpus-23.0-2025-09-05\nan-tw\single_speaker\wavs\common_voice_nan-tw_32184239.wav,nan_tw_01,yue,大肚區,daa1 doo1 ku1,Tuā-tōo-khu,大肚區（Tuā-tōo-khu）
E:\008-datasets\mcv-scripted-nan-tw-v23.0\cv-corpus-23.0-2025-09-05\nan-tw\single_speaker\wavs\common_voice_nan-tw_32184240.wav,nan_tw_01,yue,若咧行灶跤,naa2 let1 giann4 zaau3 kaa1,ná leh kiânn tsàu-kha,若咧行灶跤（ná leh kiânn tsàu-kha）
E:\008-datasets\mcv-scripted-nan-tw-v23.0\cv-corpus-23.0-2025-09-05\nan-tw\single_speaker\wavs\common_voice_nan-tw_32184241.wav,nan_tw_01,yue,煙黗,in1 tun4,ian-thûn,煙黗（ian-thûn）
E:\008-datasets\mcv-scripted-nan-tw-v23.0\cv-corpus-23.0-2025-09-05\nan-tw\single_speaker\wavs\common_voice_nan-tw_32184242.wav,nan_tw_01,yue,細圓界,se3 inn4 gaai3,sè-înn-kài,細圓界（sè-înn-kài）
E:\008-datasets\mcv-scripted-nan-tw-v23.0\cv-corpus-23.0-2025-09-05\nan-tw\single_speaker\wavs\common_voice_nan-tw_32184243.wav,nan_tw_01,yue,小資,soe2 zu1,sió-tsu,小資 （sió-tsu）
E:\008-datasets\mcv-scripted-nan-tw-v23.0\cv-corpus-23.0-2025-09-05\nan-tw\single_speaker\wavs\common_voice_nan-tw_32184244.wav,nan_tw_01,yue,卵絲,nng1 si1,nn̄g-si,卵絲（nn̄g-si）
E:\008-datasets\mcv-scripted-nan-tw-v23.0\cv-corpus-23.0-2025-09-05\nan-tw\single_speaker\wavs\common_voice_nan-tw_32184245.wav,nan_tw_01,yue,閘倚,za̍h1 aa2,tsa̍h-uá,閘倚（tsa̍h-uá）
E:\008-datasets\mcv-scripted-nan-tw-v23.0\cv-corpus-23.0-2025-09-05\nan-tw\single_speaker\wavs\common_voice_nan-tw_32184246.wav,nan_tw_01,yue,掩喙的,am1 ceoi3 e4,am-tshuì--ê,掩喙的（am-tshuì--ê）
E:\008-datasets\mcv-scripted-nan-tw-v23.0\cv-corpus-23.0-2025-09-05\nan-tw\single_speaker\wavs\common_voice_nan-tw_32184247.wav,nan_tw_01,yue,跤仔,kaa1 aa2,kha-á,跤仔（kha-á）
E:\008-datasets\mcv-scripted-nan-tw-v23.0\cv-corpus-23.0-2025-09-05\nan-tw\single_speaker\wavs\common_voice_nan-tw_32184248.wav,nan_tw_01,yue,圍爐,eoi4 loo4,uî-lôo,圍爐（uî-lôo）
E:\008-datasets\mcv-scripted-nan-tw-v23.0\cv-corpus-23.0-2025-09-05\nan-tw\single_speaker\wavs\common_voice_nan-tw_32184249.wav,nan_tw_01,yue,喙食物仔,ceoi3 zia̍h1 mi̍h1 aa2,tshuì-tsia̍h-mi̍h-á,喙食物仔（tshuì-tsia̍h-mi̍h-á）
E:\008-datasets\mcv-scripted-nan-tw-v23.0\cv-corpus-23.0-2025-09-05\nan-tw\single_speaker\wavs\common_voice_nan-tw_32184250.wav,nan_tw_01,yue,河童,ho4 dong4,hô-tông,河童（hô-tông）
E:\008-datasets\mcv-scripted-nan-tw-v23.0\cv-corpus-23.0-2025-09-05\nan-tw\single_speaker\wavs\common_voice_nan-tw_32184251.wav,nan_tw_01,yue,龍潭區,lung4 tam4 ku1,Liông-thâm-khu,龍潭區（Liông-thâm-khu）
E:\008-datasets\mcv-scripted-nan-tw-v23.0\cv-corpus-23.0-2025-09-05\nan-tw\single_speaker\wavs\common_voice_nan-tw_32184252.wav,nan_tw_01,yue,血暈,hit1 hun1,hiat-hūn,血暈（hiat-hūn）
E:\008-datasets\mcv-scripted-nan-tw-v23.0\cv-corpus-23.0-2025-09-05\nan-tw\single_speaker\wavs\common_voice_nan-tw_32184253.wav,nan_tw_01,yue,落停盤鎖起來,lo̍h1 ting4 buann4 so2 ki2 laai4,lo̍h-thîng-puânn só--khí-lâi,落停盤鎖起來（lo̍h-thîng-puânn só--khí-lâi）
E:\008-datasets\mcv-scripted-nan-tw-v23.0\cv-corpus-23.0-2025-09-05\nan-tw\single_speaker\wavs\common_voice_nan-tw_32184254.wav,nan_tw_01,yue,無影槍揬死,bo4 iann2 ciunn1 du̍h1 si2,bô-iánn tshiunn tu̍h-sí,無影槍揬死（bô-iánn tshiunn tu̍h-sí）
E:\008-datasets\mcv-scripted-nan-tw-v23.0\cv-corpus-23.0-2025-09-05\nan-tw\single_speaker\wavs\common_voice_nan-tw_32184255.wav,nan_tw_01,yue,將軍區,chung1 gun1 ku1,Chiong-kun-khu,將軍區（Chiong-kun-khu）
E:\008-datasets\mcv-scripted-nan-tw-v23.0\cv-corpus-23.0-2025-09-05\nan-tw\single_speaker\wavs\common_voice_nan-tw_32184256.wav,nan_tw_01,yue,連線,lin4 suann3,liân-suànn,連線（liân-suànn）
E:\008-datasets\mcv-scripted-nan-tw-v23.0\cv-corpus-23.0-2025-09-05\nan-tw\single_speaker\wavs\common_voice_nan-tw_32184257.wav,nan_tw_01,yue,慒心,zo1 sim1,tso-sim,慒心（tso-sim）
E:\008-datasets\mcv-scripted-nan-tw-v23.0\cv-corpus-23.0-2025-09-05\nan-tw\single_speaker\wavs\common_voice_nan-tw_32184258.wav,nan_tw_01,yue,大水柴,daa1 zeoi2 caa4,tuā-tsuí-tshâ,大水柴 （tuā-tsuí-tshâ）
E:\008-datasets\mcv-scripted-nan-tw-v23.0\cv-corpus-23.0-2025-09-05\nan-tw\single_speaker\wavs\common_voice_nan-tw_32184259.wav,nan_tw_01,yue,白羅斯,be̍h1 lo4 su1,Pe̍h-lô-su,白羅斯（Pe̍h-lô-su）
E:\008-datasets\mcv-scripted-nan-tw-v23.0\cv-corpus-23.0-2025-09-05\nan-tw\single_speaker\wavs\common_voice_nan-tw_32184260.wav,nan_tw_01,yue,無守本份,bo4 siu2 bun2 hun1,bô siú pún-hūn,無守本份（bô siú pún-hūn）
E:\008-datasets\mcv-scripted-nan-tw-v23.0\cv-corpus-23.0-2025-09-05\nan-tw\single_speaker\wavs\common_voice_nan-tw_32184261.wav,nan_tw_01,yue,火化去矣,ho2 haa1 ki3 aat1,hué hua-khì ah,火化去矣（hué hua-khì ah）
E:\008-datasets\mcv-scripted-nan-tw-v23.0\cv-corpus-23.0-2025-09-05\nan-tw\single_speaker\wavs\common_voice_nan-tw_32184262.wav,nan_tw_01,yue,?,gan2,kán,?（kán）
E:\008-datasets\mcv-scripted-nan-tw-v23.0\cv-corpus-23.0-2025-09-05\nan-tw\single_speaker\wavs\common_voice_nan-tw_32184263.wav,nan_tw_01,yue,有二步七仔,u1 ji1 boo1 cit1 aa2 |1 u1 li1 boo1 cit1 aa2,ū--jī-pōo-tshit-á | ū--lī-pōo-tshit-á,有二步七仔（ū--jī-pōo-tshit-á | ū--lī-pōo-tshit-á）
E:\008-datasets\mcv-scripted-nan-tw-v23.0\cv-corpus-23.0-2025-09-05\nan-tw\single_speaker\wavs\common_voice_nan-tw_32184264.wav,nan_tw_01,yue,落停價,lo̍h1 ting4 ge3,lo̍h-thîng-kè,落停價（lo̍h-thîng-kè）
E:\008-datasets\mcv-scripted-nan-tw-v23.0\cv-corpus-23.0-2025-09-05\nan-tw\single_speaker\wavs\common_voice_nan-tw_32184265.wav,nan_tw_01,yue,廣播,gong2 bo3,kóng-pò,廣播（kóng-pò）
E:\008-datasets\mcv-scripted-nan-tw-v23.0\cv-corpus-23.0-2025-09-05\nan-tw\single_speaker\wavs\common_voice_nan-tw_32184266.wav,nan_tw_01,yue,嘲臉,saau1 lin2,sau-lián,嘲臉（sau-lián）
E:\008-datasets\mcv-scripted-nan-tw-v23.0\cv-corpus-23.0-2025-09-05\nan-tw\single_speaker\wavs\common_voice_nan-tw_32184267.wav,nan_tw_01,yue,邊境牧羊犬,bin1 ging2 bo̍k1 iunn4 kin2,pian-kíng bo̍k-iûnn-khián,邊境牧羊犬（pian-kíng bo̍k-iûnn-khián）
E:\008-datasets\mcv-scripted-nan-tw-v23.0\cv-corpus-23.0-2025-09-05\nan-tw\single_speaker\wavs\common_voice_nan-tw_32184268.wav,nan_tw_01,yue,縮寫,sok1 se2,sok-siá,縮寫（sok-siá）
E:\008-datasets\mcv-scripted-nan-tw-v23.0\cv-corpus-23.0-2025-09-05\nan-tw\single_speaker\wavs\common_voice_nan-tw_32184269.wav,nan_tw_01,yue,塗藤,too4 din4,thôo-tîn,塗藤（thôo-tîn）
E:\008-datasets\mcv-scripted-nan-tw-v23.0\cv-corpus-23.0-2025-09-05\nan-tw\single_speaker\wavs\common_voice_nan-tw_32184270.wav,nan_tw_01,yue,覆菜,pak1 caai3,phak-tshài,覆菜（phak-tshài）
E:\008-datasets\mcv-scripted-nan-tw-v23.0\cv-corpus-23.0-2025-09-05\nan-tw\single_speaker\wavs\common_voice_nan-tw_32184271.wav,nan_tw_01,yue,南庄鄉,lam4 chng1 hung1,Lâm-chng-hiong,南庄鄉（Lâm-chng-hiong）
E:\008-datasets\mcv-scripted-nan-tw-v23.0\cv-corpus-23.0-2025-09-05\nan-tw\single_speaker\wavs\common_voice_nan-tw_32184272.wav,nan_tw_01,yue,紅仁塗,ang4 jin4 too4,âng-jîn-thôo,紅仁塗（âng-jîn-thôo）
E:\008-datasets\mcv-scripted-nan-tw-v23.0\cv-corpus-23.0-2025-09-05\nan-tw\single_speaker\wavs\common_voice_nan-tw_32184273.wav,nan_tw_01,yue,香仔針,hoeng1 aa2 zim1,Hiang-á-tsiam,香仔針（Hiang-á-tsiam）
E:\008-datasets\mcv-scripted-nan-tw-v23.0\cv-corpus-23.0-2025-09-05\nan-tw\single_speaker\wavs\common_voice_nan-tw_32184274.wav,nan_tw_01,yue,太保市,taai3 bo2 chhi1,Thài-pó-chhī,太保市（Thài-pó-chhī）
E:\008-datasets\mcv-scripted-nan-tw-v23.0\cv-corpus-23.0-2025-09-05\nan-tw\single_speaker\wavs\common_voice_nan-tw_32184275.wav,nan_tw_01,yue,牛路巷,gu4 loo1 hang1,Gû-lōo-hāng,牛路巷（Gû-lōo-hāng）
E:\008-datasets\mcv-scripted-nan-tw-v23.0\cv-corpus-23.0-2025-09-05\nan-tw\single_speaker\wavs\common_voice_nan-tw_32184276.wav,nan_tw_01,yue,大箍人,daa1 koo1 lang4,tuā-khoo-lâng,大箍人 （tuā-khoo-lâng）
E:\008-datasets\mcv-scripted-nan-tw-v23.0\cv-corpus-23.0-2025-09-05\nan-tw\single_speaker\wavs\common_voice_nan-tw_32184277.wav,nan_tw_01,yue,混聲,hun1 siann1,hūn-siann,混聲（hūn-siann）
E:\008-datasets\mcv-scripted-nan-tw-v23.0\cv-corpus-23.0-2025-09-05\nan-tw\single_speaker\wavs\common_voice_nan-tw_32184278.wav,nan_tw_01,yue,深坑區,cim1 kenn1 ku1,Tshim-khenn-khu,深坑區（Tshim-khenn-khu）
E:\008-datasets\mcv-scripted-nan-tw-v23.0\cv-corpus-23.0-2025-09-05\nan-tw\single_speaker\wavs\common_voice_nan-tw_32184279.wav,nan_tw_01,yue,咒誓,ziu3 zaa1,tsiù-tsuā,咒誓（tsiù-tsuā）
E:\008-datasets\mcv-scripted-nan-tw-v23.0\cv-corpus-23.0-2025-09-05\nan-tw\single_speaker\wavs\common_voice_nan-tw_32184280.wav,nan_tw_01,yue,犁,lere4 |1 lo4,lerê | luê,犁（lerê | luê）
E:\008-datasets\mcv-scripted-nan-tw-v23.0\cv-corpus-23.0-2025-09-05\nan-tw\single_speaker\wavs\common_voice_nan-tw_32184281.wav,nan_tw_01,yue,中醫學,dung1 i1 ha̍k1,tiong-i-ha̍k,中醫學（tiong-i-ha̍k）
E:\008-datasets\mcv-scripted-nan-tw-v23.0\cv-corpus-23.0-2025-09-05\nan-tw\single_speaker\wavs\common_voice_nan-tw_32184282.wav,nan_tw_01,yue,䆀手,baai2 ciu2,bái-tshiú,䆀手（bái-tshiú）
E:\008-datasets\mcv-scripted-nan-tw-v23.0\cv-corpus-23.0-2025-09-05\nan-tw\single_speaker\wavs\common_voice_nan-tw_32184283.wav,nan_tw_01,yue,月信,gue̍h1 sin3,gue̍h-sìn,月信（gue̍h-sìn）
E:\008-datasets\mcv-scripted-nan-tw-v23.0\cv-corpus-23.0-2025-09-05\nan-tw\single_speaker\wavs\common_voice_nan-tw_32184284.wav,nan_tw_01,yue,發膿,but1 lang4,puh-lâng,發膿（puh-lâng）
E:\008-datasets\mcv-scripted-nan-tw-v23.0\cv-corpus-23.0-2025-09-05\nan-tw\single_speaker\wavs\common_voice_nan-tw_32184285.wav,nan_tw_01,yue,仙岩路,sin1 gim4 loo1 |1 sin1 gim4 lo͘1,Sian-giâm-lōo | Sian-giâm-lō͘,仙岩路（Sian-giâm-lōo | Sian-giâm-lō͘）
E:\008-datasets\mcv-scripted-nan-tw-v23.0\cv-corpus-23.0-2025-09-05\nan-tw\single_speaker\wavs\common_voice_nan-tw_32184286.wav,nan_tw_01,yue,搜底,ciu1 de2,tshiau-té,搜底（tshiau-té）
E:\008-datasets\mcv-scripted-nan-tw-v23.0\cv-corpus-23.0-2025-09-05\nan-tw\single_speaker\wavs\common_voice_nan-tw_32184287.wav,nan_tw_01,yue,放袂記得,bang3 bo1 gi3 dit1 |1 bang3 be1 gi3 dit1,pàng buē kì-tit | pàng bē kì-tit,放袂記得（pàng buē kì-tit | pàng bē kì-tit）
E:\008-datasets\mcv-scripted-nan-tw-v23.0\cv-corpus-23.0-2025-09-05\nan-tw\single_speaker\wavs\common_voice_nan-tw_32184288.wav,nan_tw_01,yue,猴怪,gaau4 gaai3,Kâu-kuài,猴怪（Kâu-kuài）
E:\008-datasets\mcv-scripted-nan-tw-v23.0\cv-corpus-23.0-2025-09-05\nan-tw\single_speaker\wavs\common_voice_nan-tw_32184289.wav,nan_tw_01,yue,考試場,ko2 ci3 diunn4,khó-tshì-tiûnn,考試場（khó-tshì-tiûnn）
E:\008-datasets\mcv-scripted-nan-tw-v23.0\cv-corpus-23.0-2025-09-05\nan-tw\single_speaker\wavs\common_voice_nan-tw_32184290.wav,nan_tw_01,yue,木工,ba̍k1 gang1,ba̍k-kang,木工（ba̍k-kang）
E:\008-datasets\mcv-scripted-nan-tw-v23.0\cv-corpus-23.0-2025-09-05\nan-tw\single_speaker\wavs\common_voice_nan-tw_32184291.wav,nan_tw_01,yue,流形,liu4 hing4,liû-hîng,流形（liû-hîng）
E:\008-datasets\mcv-scripted-nan-tw-v23.0\cv-corpus-23.0-2025-09-05\nan-tw\single_speaker\wavs\common_voice_nan-tw_32184292.wav,nan_tw_01,yue,碧潭路,pik1 tam4 loo1 |1 pak1 tam4 lo͘1,Phik-thâm-lōo | Phek-thâm-lō͘,碧潭路（Phik-thâm-lōo | Phek-thâm-lō͘）
E:\008-datasets\mcv-scripted-nan-tw-v23.0\cv-corpus-23.0-2025-09-05\nan-tw\single_speaker\wavs\common_voice_nan-tw_32184293.wav,nan_tw_01,yue,跋桮號,bua̍h1 bo1 ho1,pua̍h-pue-hō,跋桮號（pua̍h-pue-hō）
E:\008-datasets\mcv-scripted-nan-tw-v23.0\cv-corpus-23.0-2025-09-05\nan-tw\single_speaker\wavs\common_voice_nan-tw_32184294.wav,nan_tw_01,yue,台灣料理,daai4 un4 liu1 li2,Tâi-uân liāu-lí,台灣料理（Tâi-uân liāu-lí）
E:\008-datasets\mcv-scripted-nan-tw-v23.0\cv-corpus-23.0-2025-09-05\nan-tw\single_speaker\wavs\common_voice_nan-tw_32184295.wav,nan_tw_01,yue,烘豆仔,hang1 daau1 aa2,hang tāu-á,烘豆仔（hang tāu-á）
E:\008-datasets\mcv-scripted-nan-tw-v23.0\cv-corpus-23.0-2025-09-05\nan-tw\single_speaker\wavs\common_voice_nan-tw_32184296.wav,nan_tw_01,yue,罩雺,daa3 bong4,tà-bông,罩雺（tà-bông）
E:\008-datasets\mcv-scripted-nan-tw-v23.0\cv-corpus-23.0-2025-09-05\nan-tw\single_speaker\wavs\common_voice_nan-tw_32184297.wav,nan_tw_01,yue,虎吼口,ho͘2 haau2 kaau2,Hó͘-háu-kháu,虎吼口（Hó͘-háu-kháu）
E:\008-datasets\mcv-scripted-nan-tw-v23.0\cv-corpus-23.0-2025-09-05\nan-tw\single_speaker\wavs\common_voice_nan-tw_32184298.wav,nan_tw_01,yue,智覺著,di3 gak1 dio̍h1,tì-kak tio̍h,智覺著（tì-kak tio̍h）
E:\008-datasets\mcv-scripted-nan-tw-v23.0\cv-corpus-23.0-2025-09-05\nan-tw\single_speaker\wavs\common_voice_nan-tw_32184299.wav,nan_tw_01,yue,汗流屑滴,guann1 laau4 sap1 dit1,kuānn lâu sap tih,汗流屑滴（kuānn lâu sap tih）
E:\008-datasets\mcv-scripted-nan-tw-v23.0\cv-corpus-23.0-2025-09-05\nan-tw\single_speaker\wavs\common_voice_nan-tw_32184300.wav,nan_tw_01,yue,痟查某,siu2 zaa1 boo2,siáu-tsa-bóo,痟查某（siáu-tsa-bóo）
E:\008-datasets\mcv-scripted-nan-tw-v23.0\cv-corpus-23.0-2025-09-05\nan-tw\single_speaker\wavs\common_voice_nan-tw_32184301.wav,nan_tw_01,yue,按呢毋是辦法,an2 ne1 m1 si1 ban1 hut1,Án-ne m̄ sī pān-huat,按呢毋是辦法（Án-ne m̄ sī pān-huat）
E:\008-datasets\mcv-scripted-nan-tw-v23.0\cv-corpus-23.0-2025-09-05\nan-tw\single_speaker\wavs\common_voice_nan-tw_32184302.wav,nan_tw_01,yue,高坎,go1 kam2,ko-khám,高坎（ko-khám）
E:\008-datasets\mcv-scripted-nan-tw-v23.0\cv-corpus-23.0-2025-09-05\nan-tw\single_speaker\wavs\common_voice_nan-tw_32184303.wav,nan_tw_01,yue,三餐不度,sam1 can1 but1 doo1,sam-tshan put-tōo,三餐不度 （sam-tshan put-tōo）
E:\008-datasets\mcv-scripted-nan-tw-v23.0\cv-corpus-23.0-2025-09-05\nan-tw\single_speaker\wavs\common_voice_nan-tw_32184304.wav,nan_tw_01,yue,喙目鼻,ceoi3 ba̍k1 pinn1,tshuì-ba̍k-phīnn,喙目鼻（tshuì-ba̍k-phīnn）
E:\008-datasets\mcv-scripted-nan-tw-v23.0\cv-corpus-23.0-2025-09-05\nan-tw\single_speaker\wavs\common_voice_nan-tw_32184305.wav,nan_tw_01,yue,狹心症,gip1 sim1 zing3,kiap-sim-tsìng,狹心症（kiap-sim-tsìng）
E:\008-datasets\mcv-scripted-nan-tw-v23.0\cv-corpus-23.0-2025-09-05\nan-tw\single_speaker\wavs\common_voice_nan-tw_32184306.wav,nan_tw_01,yue,壁虎,biah1 hoo2,piah-hóo,壁虎（piah-hóo）
E:\008-datasets\mcv-scripted-nan-tw-v23.0\cv-corpus-23.0-2025-09-05\nan-tw\single_speaker\wavs\common_voice_nan-tw_32184307.wav,nan_tw_01,yue,無鵁鴒無草蜢,bo4 gaa1 ling1 bo4 caau2 met1,bô ka-līng bô tsháu-meh,無鵁鴒無草蜢（bô ka-līng bô tsháu-meh）
E:\008-datasets\mcv-scripted-nan-tw-v23.0\cv-corpus-23.0-2025-09-05\nan-tw\single_speaker\wavs\common_voice_nan-tw_32184308.wav,nan_tw_01,yue,踏著好地步,da̍h1 dio̍h1 ho2 de1 boo1,ta̍h-tio̍h hó-tē-pōo,踏著好地步（ta̍h-tio̍h hó-tē-pōo）
E:\008-datasets\mcv-scripted-nan-tw-v23.0\cv-corpus-23.0-2025-09-05\nan-tw\single_speaker\wavs\common_voice_nan-tw_32184309.wav,nan_tw_01,yue,食早起飯,zia̍h1 zaai2 ki2 buinn1,tsia̍h-tsái-khí-puīnn,食早起飯（tsia̍h-tsái-khí-puīnn）
E:\008-datasets\mcv-scripted-nan-tw-v23.0\cv-corpus-23.0-2025-09-05\nan-tw\single_speaker\wavs\common_voice_nan-tw_32184310.wav,nan_tw_01,yue,你嘛卡好,li2 maa1 kaat1 ho2,lí-mā-khah-hó,你嘛卡好（lí-mā-khah-hó）
E:\008-datasets\mcv-scripted-nan-tw-v23.0\cv-corpus-23.0-2025-09-05\nan-tw\single_speaker\wavs\common_voice_nan-tw_32184311.wav,nan_tw_01,yue,敢是,gann2 si1,kánn-sī,敢是（kánn-sī）
E:\008-datasets\mcv-scripted-nan-tw-v23.0\cv-corpus-23.0-2025-09-05\nan-tw\single_speaker\wavs\common_voice_nan-tw_32184312.wav,nan_tw_01,yue,到站,gaau3 zam1,kàu-tsām,到站（kàu-tsām）
E:\008-datasets\mcv-scripted-nan-tw-v23.0\cv-corpus-23.0-2025-09-05\nan-tw\single_speaker\wavs\common_voice_nan-tw_32184313.wav,nan_tw_01,yue,千里駒,cin1 li2 ku1,tshian lí khu,千里駒 （tshian lí khu）
E:\008-datasets\mcv-scripted-nan-tw-v23.0\cv-corpus-23.0-2025-09-05\nan-tw\single_speaker\wavs\common_voice_nan-tw_32184314.wav,nan_tw_01,yue,三十張犁公園,sann1 za̍p1 diunn1 lo4 gong1 hng4 |1 san1 cha̍p1 diun1 loe4 gong1 hng4,Sann-tsa̍p-tiunn-luê Kong-hn̂g | Saⁿ-cha̍p-tiuⁿ-lôe Kong-hn̂g,三十張犁公園（Sann-tsa̍p-tiunn-luê Kong-hn̂g | Saⁿ-cha̍p-tiuⁿ-lôe Kong-hn̂g）
E:\008-datasets\mcv-scripted-nan-tw-v23.0\cv-corpus-23.0-2025-09-05\nan-tw\single_speaker\wavs\common_voice_nan-tw_32184315.wav,nan_tw_01,yue,庶民,su3 bin4,sù-bîn,庶民（sù-bîn）
E:\008-datasets\mcv-scripted-nan-tw-v23.0\cv-corpus-23.0-2025-09-05\nan-tw\single_speaker\wavs\common_voice_nan-tw_32184316.wav,nan_tw_01,yue,雷鳥,leoi4 ziu2,luî-tsiáu,雷鳥（luî-tsiáu）
E:\008-datasets\mcv-scripted-nan-tw-v23.0\cv-corpus-23.0-2025-09-05\nan-tw\single_speaker\wavs\common_voice_nan-tw_32184317.wav,nan_tw_01,yue,摖破皮,ce3 paa3 po4 |1 co3 paa3 pe4,tshè-phuà-phuê | tshuè-phuà-phê,摖破皮（tshè-phuà-phuê | tshuè-phuà-phê）
E:\008-datasets\mcv-scripted-nan-tw-v23.0\cv-corpus-23.0-2025-09-05\nan-tw\single_speaker\wavs\common_voice_nan-tw_32184318.wav,nan_tw_01,yue,毋知好䆀,m1 zaai1 ho2 baai2,m̄ tsai hó-bái,毋知好䆀（m̄ tsai hó-bái）
E:\008-datasets\mcv-scripted-nan-tw-v23.0\cv-corpus-23.0-2025-09-05\nan-tw\single_speaker\wavs\common_voice_nan-tw_32184319.wav,nan_tw_01,yue,擋索仔,dong3 sot1 aa2,tòng-soh--á,擋索仔（tòng-soh--á）
E:\008-datasets\mcv-scripted-nan-tw-v23.0\cv-corpus-23.0-2025-09-05\nan-tw\single_speaker\wavs\common_voice_nan-tw_32184320.wav,nan_tw_01,yue,溪岸,ke1 huann1,khe-huānn,溪岸（khe-huānn）
E:\008-datasets\mcv-scripted-nan-tw-v23.0\cv-corpus-23.0-2025-09-05\nan-tw\single_speaker\wavs\common_voice_nan-tw_32184321.wav,nan_tw_01,yue,恨天怨地,hun1 tinn1 un3 de1,hūn-thinn uàn-tē,恨天怨地（hūn-thinn uàn-tē）
E:\008-datasets\mcv-scripted-nan-tw-v23.0\cv-corpus-23.0-2025-09-05\nan-tw\single_speaker\wavs\common_voice_nan-tw_32184322.wav,nan_tw_01,yue,大園區,daa1 hng4 ku1,Tuā-hn̂g-khu,大園區（Tuā-hn̂g-khu）
E:\008-datasets\mcv-scripted-nan-tw-v23.0\cv-corpus-23.0-2025-09-05\nan-tw\single_speaker\wavs\common_voice_nan-tw_32184323.wav,nan_tw_01,yue,廣州,gng2 ciu1,Kńg-tshiu,廣州（Kńg-tshiu）
E:\008-datasets\mcv-scripted-nan-tw-v23.0\cv-corpus-23.0-2025-09-05\nan-tw\single_speaker\wavs\common_voice_nan-tw_32184324.wav,nan_tw_01,yue,凍戇,dong3 gong1,tòng-gōng,凍戇（tòng-gōng）
E:\008-datasets\mcv-scripted-nan-tw-v23.0\cv-corpus-23.0-2025-09-05\nan-tw\single_speaker\wavs\common_voice_nan-tw_32184390.wav,nan_tw_01,yue,忍尿,lun2 joe1,lún-jiō,忍尿（lún-jiō）
E:\008-datasets\mcv-scripted-nan-tw-v23.0\cv-corpus-23.0-2025-09-05\nan-tw\single_speaker\wavs\common_voice_nan-tw_32184391.wav,nan_tw_01,yue,深丘,cim1 kiu1,Tshim-khiu,深丘（Tshim-khiu）
E:\008-datasets\mcv-scripted-nan-tw-v23.0\cv-corpus-23.0-2025-09-05\nan-tw\single_speaker\wavs\common_voice_nan-tw_32184392.wav,nan_tw_01,yue,心肝頭噗噗衝,sim1 guann1 taau4 po̍k1 po̍k1 cing3,sim-kuann-thâu pho̍k-pho̍k-tshìng,心肝頭噗噗衝（sim-kuann-thâu pho̍k-pho̍k-tshìng）
E:\008-datasets\mcv-scripted-nan-tw-v23.0\cv-corpus-23.0-2025-09-05\nan-tw\single_speaker\wavs\common_voice_nan-tw_32184393.wav,nan_tw_01,yue,揣無,co1 bo4,tshuē bô,揣無（tshuē bô）
E:\008-datasets\mcv-scripted-nan-tw-v23.0\cv-corpus-23.0-2025-09-05\nan-tw\single_speaker\wavs\common_voice_nan-tw_32184394.wav,nan_tw_01,yue,標準偏差,biu1 zun2 pin1 caa1,piau-tsún-phian-tsha,標準偏差（piau-tsún-phian-tsha）
E:\008-datasets\mcv-scripted-nan-tw-v23.0\cv-corpus-23.0-2025-09-05\nan-tw\single_speaker\wavs\common_voice_nan-tw_32184395.wav,nan_tw_01,yue,憂鬱症,iu1 ut1 zing3,iu-ut-tsìng,憂鬱症（iu-ut-tsìng）
E:\008-datasets\mcv-scripted-nan-tw-v23.0\cv-corpus-23.0-2025-09-05\nan-tw\single_speaker\wavs\common_voice_nan-tw_32184396.wav,nan_tw_01,yue,大目降,daa1 ba̍k1 gang3,Tuā-ba̍k-kàng,大目降 （Tuā-ba̍k-kàng）
E:\008-datasets\mcv-scripted-nan-tw-v23.0\cv-corpus-23.0-2025-09-05\nan-tw\single_speaker\wavs\common_voice_nan-tw_32184397.wav,nan_tw_01,yue,喙䫌紅,ceoi3 po2 ang4,tshuì-phué-âng,喙䫌紅（tshuì-phué-âng）
E:\008-datasets\mcv-scripted-nan-tw-v23.0\cv-corpus-23.0-2025-09-05\nan-tw\single_speaker\wavs\common_voice_nan-tw_32184398.wav,nan_tw_01,yue,河狹水緊，人急智生,ho4 e̍h1 zeoi2 gin2 lang4 gip1 di3 senn1,"hô e̍h tsuí kín, lâng kip tì senn","河狹水緊，人急智生（hô e̍h tsuí kín, lâng kip tì senn）"
E:\008-datasets\mcv-scripted-nan-tw-v23.0\cv-corpus-23.0-2025-09-05\nan-tw\single_speaker\wavs\common_voice_nan-tw_32184399.wav,nan_tw_01,yue,我欲去台灣結婚辦桌,gaa2 bet1 ki3 daai4 un4 git1 hun1 ban1 dot1,guá beh khì Tâi-uân kiat-hun pān-toh,我欲去台灣結婚辦桌（guá beh khì Tâi-uân kiat-hun pān-toh）
E:\008-datasets\mcv-scripted-nan-tw-v23.0\cv-corpus-23.0-2025-09-05\nan-tw\single_speaker\wavs\common_voice_nan-tw_32184400.wav,nan_tw_01,yue,腹肚脹起來,bak1 doo2 dung3 ki2 laai4,Pak-tóo tiòng--khí-lâi,腹肚脹起來（Pak-tóo tiòng--khí-lâi）
E:\008-datasets\mcv-scripted-nan-tw-v23.0\cv-corpus-23.0-2025-09-05\nan-tw\single_speaker\wavs\common_voice_nan-tw_32184401.wav,nan_tw_01,yue,漁船,hi4 zun4,hî-tsûn,漁船（hî-tsûn）
E:\008-datasets\mcv-scripted-nan-tw-v23.0\cv-corpus-23.0-2025-09-05\nan-tw\single_speaker\wavs\common_voice_nan-tw_32184402.wav,nan_tw_01,yue,水林鄉,cheoi2 naa4 hung1,Chúi-nâ-hiong,水林鄉（Chúi-nâ-hiong）
E:\008-datasets\mcv-scripted-nan-tw-v23.0\cv-corpus-23.0-2025-09-05\nan-tw\single_speaker\wavs\common_voice_nan-tw_32184403.wav,nan_tw_01,yue,陪同偵訊,bo4 dong4 zing1 sin3,puê-tông tsing-sìn,陪同偵訊（puê-tông tsing-sìn）
E:\008-datasets\mcv-scripted-nan-tw-v23.0\cv-corpus-23.0-2025-09-05\nan-tw\single_speaker\wavs\common_voice_nan-tw_32184404.wav,nan_tw_01,yue,沙崙路,saa1 lun1 loo1 |1 soa1 lun1 lo͘1,Sua-lūn-lōo | Soa-lūn-lō͘,沙崙路（Sua-lūn-lōo | Soa-lūn-lō͘）
E:\008-datasets\mcv-scripted-nan-tw-v23.0\cv-corpus-23.0-2025-09-05\nan-tw\single_speaker\wavs\common_voice_nan-tw_32184405.wav,nan_tw_01,yue,鐵仔塗,tit1 aa2 too4,thih-á-thôo,鐵仔塗（thih-á-thôo）
E:\008-datasets\mcv-scripted-nan-tw-v23.0\cv-corpus-23.0-2025-09-05\nan-tw\single_speaker\wavs\common_voice_nan-tw_32184406.wav,nan_tw_01,yue,電界,din1 gaai3,tiān-kài,電界（tiān-kài）
E:\008-datasets\mcv-scripted-nan-tw-v23.0\cv-corpus-23.0-2025-09-05\nan-tw\single_speaker\wavs\common_voice_nan-tw_32184407.wav,nan_tw_01,yue,袂曉轉踅一下！,be1 hiu2 dng2 se̍h1 zi̍t1 e1,Bē-hiáu tńg-se̍h--tsi̍t-ē!,袂曉轉踅一下！（Bē-hiáu tńg-se̍h--tsi̍t-ē!）
E:\008-datasets\mcv-scripted-nan-tw-v23.0\cv-corpus-23.0-2025-09-05\nan-tw\single_speaker\wavs\common_voice_nan-tw_32184408.wav,nan_tw_01,yue,活樂,hua̍t1 lo̍k1,hua̍t-lo̍k,活樂（hua̍t-lo̍k）
E:\008-datasets\mcv-scripted-nan-tw-v23.0\cv-corpus-23.0-2025-09-05\nan-tw\single_speaker\wavs\common_voice_nan-tw_32184409.wav,nan_tw_01,yue,狀元粿,zung1 gun4 go2 |1 zung1 gun4 ge2,tsiōng-guân-kué | tsiōng-guân-ké,狀元粿（tsiōng-guân-kué | tsiōng-guân-ké）
E:\008-datasets\mcv-scripted-nan-tw-v23.0\cv-corpus-23.0-2025-09-05\nan-tw\single_speaker\wavs\common_voice_nan-tw_32184420.wav,nan_tw_01,yue,屁囝,peoi3 giann2,phuì-kiánn,屁囝（phuì-kiánn）
E:\008-datasets\mcv-scripted-nan-tw-v23.0\cv-corpus-23.0-2025-09-05\nan-tw\single_speaker\wavs\common_voice_nan-tw_32184421.wav,nan_tw_01,yue,按尾仔算,an3 bo2 aa2 sng3,àn bué-á-sǹg,按尾仔算（àn bué-á-sǹg）
E:\008-datasets\mcv-scripted-nan-tw-v23.0\cv-corpus-23.0-2025-09-05\nan-tw\single_speaker\wavs\common_voice_nan-tw_32184422.wav,nan_tw_01,yue,本邦,bun2 bang1,pún-pang,本邦（pún-pang）
E:\008-datasets\mcv-scripted-nan-tw-v23.0\cv-corpus-23.0-2025-09-05\nan-tw\single_speaker\wavs\common_voice_nan-tw_32184423.wav,nan_tw_01,yue,褪褲,tng3 koo3,thǹg khòo,褪褲（thǹg khòo）
E:\008-datasets\mcv-scripted-nan-tw-v23.0\cv-corpus-23.0-2025-09-05\nan-tw\single_speaker\wavs\common_voice_nan-tw_32184424.wav,nan_tw_01,yue,樂山,lo̍k1 suann1,Lo̍k-suann,樂山（Lo̍k-suann）
E:\008-datasets\mcv-scripted-nan-tw-v23.0\cv-corpus-23.0-2025-09-05\nan-tw\single_speaker\wavs\common_voice_nan-tw_32184425.wav,nan_tw_01,yue,千層雞卵糕,cin1 zan4 ge1 nng1 go1 |1 cin1 zan4 go1 nng1 go1,tshian-tsân ke-nn̄g-ko | tshian-tsân kue-nn̄g-ko,千層雞卵糕 （tshian-tsân ke-nn̄g-ko | tshian-tsân kue-nn̄g-ko）
E:\008-datasets\mcv-scripted-nan-tw-v23.0\cv-corpus-23.0-2025-09-05\nan-tw\single_speaker\wavs\common_voice_nan-tw_32184426.wav,nan_tw_01,yue,調解委員會,diu4 gaai2 eoi2 un4 ho1,tiâu-kái uí-uân-huē,調解委員會（tiâu-kái uí-uân-huē）
E:\008-datasets\mcv-scripted-nan-tw-v23.0\cv-corpus-23.0-2025-09-05\nan-tw\single_speaker\wavs\common_voice_nan-tw_32184427.wav,nan_tw_01,yue,世新大學,se3 sin1 daai1 ha̍k1,Sè-sin Tāi-ha̍k,世新大學（Sè-sin Tāi-ha̍k）
E:\008-datasets\mcv-scripted-nan-tw-v23.0\cv-corpus-23.0-2025-09-05\nan-tw\single_speaker\wavs\common_voice_nan-tw_32184428.wav,nan_tw_01,yue,創空球,cong3 kang1 giu4,tshòng-khang-kiû,創空球（tshòng-khang-kiû）
E:\008-datasets\mcv-scripted-nan-tw-v23.0\cv-corpus-23.0-2025-09-05\nan-tw\single_speaker\wavs\common_voice_nan-tw_32184429.wav,nan_tw_01,yue,相拍龜仔,soe1 paat1 gu1 aa2,sio-phah-ku-á,相拍龜仔（sio-phah-ku-á）
E:\008-datasets\mcv-scripted-nan-tw-v23.0\cv-corpus-23.0-2025-09-05\nan-tw\single_speaker\wavs\common_voice_nan-tw_32184430.wav,nan_tw_01,yue,無明無朗,bo4 bing4 bo4 long2,bô-bîng-bô-lóng,無明無朗（bô-bîng-bô-lóng）
E:\008-datasets\mcv-scripted-nan-tw-v23.0\cv-corpus-23.0-2025-09-05\nan-tw\single_speaker\wavs\common_voice_nan-tw_32184431.wav,nan_tw_01,yue,跤梢仔,kaa1 saau1 aa2,kha-sau á,跤梢仔（kha-sau á）
E:\008-datasets\mcv-scripted-nan-tw-v23.0\cv-corpus-23.0-2025-09-05\nan-tw\single_speaker\wavs\common_voice_nan-tw_32184432.wav,nan_tw_01,yue,協作,hia̍p1 zok1,hia̍p-tsok,協作（hia̍p-tsok）
E:\008-datasets\mcv-scripted-nan-tw-v23.0\cv-corpus-23.0-2025-09-05\nan-tw\single_speaker\wavs\common_voice_nan-tw_32184433.wav,nan_tw_01,yue,膽頭在,dann1 taau4 zaai1,tann-thâu tsāi,膽頭在（tann-thâu tsāi）
E:\008-datasets\mcv-scripted-nan-tw-v23.0\cv-corpus-23.0-2025-09-05\nan-tw\single_speaker\wavs\common_voice_nan-tw_32184434.wav,nan_tw_01,yue,日本料理,ji̍t1 bun2 liu1 li2,Ji̍t-pún liāu-lí,日本料理（Ji̍t-pún liāu-lí）
E:\008-datasets\mcv-scripted-nan-tw-v23.0\cv-corpus-23.0-2025-09-05\nan-tw\single_speaker\wavs\common_voice_nan-tw_32184435.wav,nan_tw_01,yue,遮爾,ziah1 ni1,tsiah-nī,遮爾（tsiah-nī）
E:\008-datasets\mcv-scripted-nan-tw-v23.0\cv-corpus-23.0-2025-09-05\nan-tw\single_speaker\wavs\common_voice_nan-tw_32184436.wav,nan_tw_01,yue,追分,deoi1 hun1,Tui-hun,追分（Tui-hun）
E:\008-datasets\mcv-scripted-nan-tw-v23.0\cv-corpus-23.0-2025-09-05\nan-tw\single_speaker\wavs\common_voice_nan-tw_32184437.wav,nan_tw_01,yue,義重町,gi1 dung1 ding1,Gi-tiōng-ting,義重町（Gi-tiōng-ting）
E:\008-datasets\mcv-scripted-nan-tw-v23.0\cv-corpus-23.0-2025-09-05\nan-tw\single_speaker\wavs\common_voice_nan-tw_32184438.wav,nan_tw_01,yue,跳踢,tiu3 taat1 |1 tiu3 tat1,thiàu-thah | thiàu-that,跳踢（thiàu-thah | thiàu-that）
E:\008-datasets\mcv-scripted-nan-tw-v23.0\cv-corpus-23.0-2025-09-05\nan-tw\single_speaker\wavs\common_voice_nan-tw_32184439.wav,nan_tw_01,yue,草猴,caau2 gaau4,tsháu-kâu,草猴（tsháu-kâu）
E:\008-datasets\mcv-scripted-nan-tw-v23.0\cv-corpus-23.0-2025-09-05\nan-tw\single_speaker\wavs\common_voice_nan-tw_32184440.wav,nan_tw_01,yue,排甲躼躼長,baai4 gaat1 lo3 lo3 dng4,pâi kah lò-lò-tn̂g,排甲躼躼長（pâi kah lò-lò-tn̂g）
E:\008-datasets\mcv-scripted-nan-tw-v23.0\cv-corpus-23.0-2025-09-05\nan-tw\single_speaker\wavs\common_voice_nan-tw_32184441.wav,nan_tw_01,yue,北港溪溫泉,bak1 gang2 ke1 un1 zuann4,Pak-káng-khe Un-tsuânn,北港溪溫泉（Pak-káng-khe Un-tsuânn）
E:\008-datasets\mcv-scripted-nan-tw-v23.0\cv-corpus-23.0-2025-09-05\nan-tw\single_speaker\wavs\common_voice_nan-tw_32184442.wav,nan_tw_01,yue,抐舌,laa1 zi̍h1,lā-tsi̍h,抐舌（lā-tsi̍h）
E:\008-datasets\mcv-scripted-nan-tw-v23.0\cv-corpus-23.0-2025-09-05\nan-tw\single_speaker\wavs\common_voice_nan-tw_32184443.wav,nan_tw_01,yue,緊急出口,gin2 gip1 cut1 kaau2,kín-kip tshut-kháu,緊急出口（kín-kip tshut-kháu）
E:\008-datasets\mcv-scripted-nan-tw-v23.0\cv-corpus-23.0-2025-09-05\nan-tw\single_speaker\wavs\common_voice_nan-tw_32184444.wav,nan_tw_01,yue,一擺,zi̍t1 baai2,tsi̍t-pái,一擺 （tsi̍t-pái）
E:\008-datasets\mcv-scripted-nan-tw-v23.0\cv-corpus-23.0-2025-09-05\nan-tw\single_speaker\wavs\common_voice_nan-tw_32184445.wav,nan_tw_01,yue,麥達路,be̍h1 da̍t1 loo1,Be̍h-ta̍t-lōo,麥達路（Be̍h-ta̍t-lōo）
E:\008-datasets\mcv-scripted-nan-tw-v23.0\cv-corpus-23.0-2025-09-05\nan-tw\single_speaker\wavs\common_voice_nan-tw_32184446.wav,nan_tw_01,yue,窟仔墘,kut1 aa2 ginn4,Khut-á-kînn,窟仔墘（Khut-á-kînn）
E:\008-datasets\mcv-scripted-nan-tw-v23.0\cv-corpus-23.0-2025-09-05\nan-tw\single_speaker\wavs\common_voice_nan-tw_32184447.wav,nan_tw_01,yue,閩南人,ban4 lam4 lang4,bân-lâm-lâng,閩南人（bân-lâm-lâng）
E:\008-datasets\mcv-scripted-nan-tw-v23.0\cv-corpus-23.0-2025-09-05\nan-tw\single_speaker\wavs\common_voice_nan-tw_32184448.wav,nan_tw_01,yue,這件代誌會做得,zit1 giann1 daai1 zi3 e1 zo3 dit1,Tsit kiānn tāi-tsì ē-tsò--tit,這件代誌會做得（Tsit kiānn tāi-tsì ē-tsò--tit）
E:\008-datasets\mcv-scripted-nan-tw-v23.0\cv-corpus-23.0-2025-09-05\nan-tw\single_speaker\wavs\common_voice_nan-tw_32184449.wav,nan_tw_01,yue,屎龜蟲,saai2 gu1 tang4,Sái-ku-thâng,屎龜蟲（Sái-ku-thâng）
E:\008-datasets\mcv-scripted-nan-tw-v23.0\cv-corpus-23.0-2025-09-05\nan-tw\single_speaker\wavs\common_voice_nan-tw_32184450.wav,nan_tw_01,yue,減,gim2,kiám,減（kiám）
E:\008-datasets\mcv-scripted-nan-tw-v23.0\cv-corpus-23.0-2025-09-05\nan-tw\single_speaker\wavs\common_voice_nan-tw_32184451.wav,nan_tw_01,yue,妖嬌美麗,iu1 giu1 bi2 le1,iau-kiau bí-lē,妖嬌美麗（iau-kiau bí-lē）
E:\008-datasets\mcv-scripted-nan-tw-v23.0\cv-corpus-23.0-2025-09-05\nan-tw\single_speaker\wavs\common_voice_nan-tw_32184452.wav,nan_tw_01,yue,日冠,jit1 gun1,jit-kuan,日冠（jit-kuan）
E:\008-datasets\mcv-scripted-nan-tw-v23.0\cv-corpus-23.0-2025-09-05\nan-tw\single_speaker\wavs\common_voice_nan-tw_32184453.wav,nan_tw_01,yue,姓啥,senn3 sannh1,sènn sannh,姓啥（sènn sannh）
E:\008-datasets\mcv-scripted-nan-tw-v23.0\cv-corpus-23.0-2025-09-05\nan-tw\single_speaker\wavs\common_voice_nan-tw_32184454.wav,nan_tw_01,yue,甲仙埔,gaat1 sin1 boo1,Kah-sian-poo,甲仙埔（Kah-sian-poo）
E:\008-datasets\mcv-scripted-nan-tw-v23.0\cv-corpus-23.0-2025-09-05\nan-tw\single_speaker\wavs\common_voice_nan-tw_32184455.wav,nan_tw_01,yue,富源溪,hu3 goan4 ke1,Hù-goân-khe,富源溪（Hù-goân-khe）
E:\008-datasets\mcv-scripted-nan-tw-v23.0\cv-corpus-23.0-2025-09-05\nan-tw\single_speaker\wavs\common_voice_nan-tw_32184456.wav,nan_tw_01,yue,祝山,zuk1 suann1,Tsiok-suann,祝山（Tsiok-suann）
E:\008-datasets\mcv-scripted-nan-tw-v23.0\cv-corpus-23.0-2025-09-05\nan-tw\single_speaker\wavs\common_voice_nan-tw_32184457.wav,nan_tw_01,yue,茶湯會,de4 tng1 ho1,Tê-thng-huē,茶湯會（Tê-thng-huē）
E:\008-datasets\mcv-scripted-nan-tw-v23.0\cv-corpus-23.0-2025-09-05\nan-tw\single_speaker\wavs\common_voice_nan-tw_32184458.wav,nan_tw_01,yue,閣,got1,koh,閣（koh）
E:\008-datasets\mcv-scripted-nan-tw-v23.0\cv-corpus-23.0-2025-09-05\nan-tw\single_speaker\wavs\common_voice_nan-tw_32184459.wav,nan_tw_01,yue,智識人,di3 sik1 lang4 |1 di3 sik1 jin4,tì-sik-lâng | tì-sik-jîn,智識人（tì-sik-lâng | tì-sik-jîn）
E:\008-datasets\mcv-scripted-nan-tw-v23.0\cv-corpus-23.0-2025-09-05\nan-tw\single_speaker\wavs\common_voice_nan-tw_32184460.wav,nan_tw_01,yue,屎礐仔,saai2 ha̍k1 aa2,sái-ha̍k-á,屎礐仔（sái-ha̍k-á）
E:\008-datasets\mcv-scripted-nan-tw-v23.0\cv-corpus-23.0-2025-09-05\nan-tw\single_speaker\wavs\common_voice_nan-tw_32184461.wav,nan_tw_01,yue,頭桱師仔,taau4 ginn3 saai1 aa2,thâu-kìnn sai-á,頭桱師仔（thâu-kìnn sai-á）
E:\008-datasets\mcv-scripted-nan-tw-v23.0\cv-corpus-23.0-2025-09-05\nan-tw\single_speaker\wavs\common_voice_nan-tw_32184462.wav,nan_tw_01,yue,八德區,bat1 dik1 ku1 |1 bat1 dak1 ku1,Pat-tik-khu | Pat-tek-khu,八德區（Pat-tik-khu | Pat-tek-khu）
E:\008-datasets\mcv-scripted-nan-tw-v23.0\cv-corpus-23.0-2025-09-05\nan-tw\single_speaker\wavs\common_voice_nan-tw_32184463.wav,nan_tw_01,yue,愛媠,aai3 seoi2,ài-suí,愛媠（ài-suí）
E:\008-datasets\mcv-scripted-nan-tw-v23.0\cv-corpus-23.0-2025-09-05\nan-tw\single_speaker\wavs\common_voice_nan-tw_32184464.wav,nan_tw_01,yue,西米露,saai1 bi2 loo1,sai-bí-lōo,西米露（sai-bí-lōo）
E:\008-datasets\mcv-scripted-nan-tw-v23.0\cv-corpus-23.0-2025-09-05\nan-tw\single_speaker\wavs\common_voice_nan-tw_32192670.wav,nan_tw_01,yue,彰化市,chung1 hoa3 chhi1,Chiong-hoà-chhī,彰化市（Chiong-hoà-chhī）
E:\008-datasets\mcv-scripted-nan-tw-v23.0\cv-corpus-23.0-2025-09-05\nan-tw\single_speaker\wavs\common_voice_nan-tw_32192671.wav,nan_tw_01,yue,遮的花愛沃水,ze1 e4 ho1 aai3 ak1 zeoi2,Tsia-ê hue ài ak-tsuí,遮的花愛沃水（Tsia-ê hue ài ak-tsuí）
E:\008-datasets\mcv-scripted-nan-tw-v23.0\cv-corpus-23.0-2025-09-05\nan-tw\single_speaker\wavs\common_voice_nan-tw_32192672.wav,nan_tw_01,yue,輪辦,lun4 ban1,lûn-pān,輪辦（lûn-pān）
E:\008-datasets\mcv-scripted-nan-tw-v23.0\cv-corpus-23.0-2025-09-05\nan-tw\single_speaker\wavs\common_voice_nan-tw_32192673.wav,nan_tw_01,yue,薄荷冰,bo̍k1 ho4 bing1,po̍k-hô-ping,薄荷冰（po̍k-hô-ping）
E:\008-datasets\mcv-scripted-nan-tw-v23.0\cv-corpus-23.0-2025-09-05\nan-tw\single_speaker\wavs\common_voice_nan-tw_32192674.wav,nan_tw_01,yue,荔城,naai1 siann4,Nāi-siânn,荔城（Nāi-siânn）
E:\008-datasets\mcv-scripted-nan-tw-v23.0\cv-corpus-23.0-2025-09-05\nan-tw\single_speaker\wavs\common_voice_nan-tw_32192675.wav,nan_tw_01,yue,落片,lo̍h1 pinn3,lo̍h-phìnn,落片（lo̍h-phìnn）
E:\008-datasets\mcv-scripted-nan-tw-v23.0\cv-corpus-23.0-2025-09-05\nan-tw\single_speaker\wavs\common_voice_nan-tw_32192676.wav,nan_tw_01,yue,鎖匙圈仔,so2 si4 kin1 aa2,só-sî-khian-á,鎖匙圈仔（só-sî-khian-á）
E:\008-datasets\mcv-scripted-nan-tw-v23.0\cv-corpus-23.0-2025-09-05\nan-tw\single_speaker\wavs\common_voice_nan-tw_32192677.wav,nan_tw_01,yue,注血射,zu3 hot1 se1 |1 zu3 huih1 se1,tsù-hueh-siā | tsù-huih-siā,注血射（tsù-hueh-siā | tsù-huih-siā）
E:\008-datasets\mcv-scripted-nan-tw-v23.0\cv-corpus-23.0-2025-09-05\nan-tw\single_speaker\wavs\common_voice_nan-tw_32192678.wav,nan_tw_01,yue,有龍骨个動物,u1 lung1 gut1 e4 dong1 bu̍t1,ū liōng-kut ê tōng-bu̍t,有龍骨个動物（ū liōng-kut ê tōng-bu̍t）
E:\008-datasets\mcv-scripted-nan-tw-v23.0\cv-corpus-23.0-2025-09-05\nan-tw\single_speaker\wavs\common_voice_nan-tw_32192679.wav,nan_tw_01,yue,長尾山娘,dng4 bo2 suann1 niu4,tn̂g-bué-suann-niû,長尾山娘（tn̂g-bué-suann-niû）
E:\008-datasets\mcv-scripted-nan-tw-v23.0\cv-corpus-23.0-2025-09-05\nan-tw\single_speaker\wavs\common_voice_nan-tw_32192680.wav,nan_tw_01,yue,下溪墘,haa1 ko1 ginn4,Hā-khue-kînn,下溪墘（Hā-khue-kînn）
E:\008-datasets\mcv-scripted-nan-tw-v23.0\cv-corpus-23.0-2025-09-05\nan-tw\single_speaker\wavs\common_voice_nan-tw_32192681.wav,nan_tw_01,yue,挑俍,tiu1 lang1,thiau-lāng,挑俍（thiau-lāng）
E:\008-datasets\mcv-scripted-nan-tw-v23.0\cv-corpus-23.0-2025-09-05\nan-tw\single_speaker\wavs\common_voice_nan-tw_32192682.wav,nan_tw_01,yue,民壯圍,bin4 zong3 eoi4,Bîn-tsòng-uî,民壯圍（Bîn-tsòng-uî）
E:\008-datasets\mcv-scripted-nan-tw-v23.0\cv-corpus-23.0-2025-09-05\nan-tw\single_speaker\wavs\common_voice_nan-tw_32192683.wav,nan_tw_01,yue,隨予白,seoi4 hoo1 be̍h1,suî-hōo-pe̍h,隨予白（suî-hōo-pe̍h）
E:\008-datasets\mcv-scripted-nan-tw-v23.0\cv-corpus-23.0-2025-09-05\nan-tw\single_speaker\wavs\common_voice_nan-tw_32192684.wav,nan_tw_01,yue,傷甜,siunn1 dinn1,siunn tinn,傷甜（siunn tinn）
E:\008-datasets\mcv-scripted-nan-tw-v23.0\cv-corpus-23.0-2025-09-05\nan-tw\single_speaker\wavs\common_voice_nan-tw_32192685.wav,nan_tw_01,yue,九歸算法,giu2 geoi1 sun3 hut1,kiú-kui-suàn-huat,九歸算法 （kiú-kui-suàn-huat）
E:\008-datasets\mcv-scripted-nan-tw-v23.0\cv-corpus-23.0-2025-09-05\nan-tw\single_speaker\wavs\common_voice_nan-tw_32192686.wav,nan_tw_01,yue,隔轉工,get1 duinn2 gang1,keh-tuínn-kang,隔轉工（keh-tuínn-kang）
E:\008-datasets\mcv-scripted-nan-tw-v23.0\cv-corpus-23.0-2025-09-05\nan-tw\single_speaker\wavs\common_voice_nan-tw_32192687.wav,nan_tw_01,yue,四界捋捋趖,si3 ge3 lua̍h1 lua̍h1 so4,sì-kè-lua̍h-lua̍h-sô,四界捋捋趖（sì-kè-lua̍h-lua̍h-sô）
E:\008-datasets\mcv-scripted-nan-tw-v23.0\cv-corpus-23.0-2025-09-05\nan-tw\single_speaker\wavs\common_voice_nan-tw_32192688.wav,nan_tw_01,yue,銅筋鐵肋,dang4 gin1 tit1 gut1 |1 dang4 gun1 tit1 gut1,tâng-kin-thih-kut | tâng-kun-thih-kut,銅筋鐵肋（tâng-kin-thih-kut | tâng-kun-thih-kut）
E:\008-datasets\mcv-scripted-nan-tw-v23.0\cv-corpus-23.0-2025-09-05\nan-tw\single_speaker\wavs\common_voice_nan-tw_32192690.wav,nan_tw_01,yue,毋知熊抑虎,m1 zaai1 him4 ia̍h1 hoo2,m̄ tsai hîm ia̍h hóo,毋知熊抑虎（m̄ tsai hîm ia̍h hóo）
E:\008-datasets\mcv-scripted-nan-tw-v23.0\cv-corpus-23.0-2025-09-05\nan-tw\single_speaker\wavs\common_voice_nan-tw_32192691.wav,nan_tw_01,yue,萬聖節,ban1 sing3 zet1,Bān-sìng-tseh,萬聖節（Bān-sìng-tseh）
E:\008-datasets\mcv-scripted-nan-tw-v23.0\cv-corpus-23.0-2025-09-05\nan-tw\single_speaker\wavs\common_voice_nan-tw_32192692.wav,nan_tw_01,yue,咧睏,det1 kun3 |1 let1 kun3,teh khùn | leh khùn,咧睏（teh khùn | leh khùn）
E:\008-datasets\mcv-scripted-nan-tw-v23.0\cv-corpus-23.0-2025-09-05\nan-tw\single_speaker\wavs\common_voice_nan-tw_32192693.wav,nan_tw_01,yue,大筒仔蜂,daa1 dang4 aa2 pang1,Tuā-tâng-á-phang,大筒仔蜂 （Tuā-tâng-á-phang）
E:\008-datasets\mcv-scripted-nan-tw-v23.0\cv-corpus-23.0-2025-09-05\nan-tw\single_speaker\wavs\common_voice_nan-tw_32192694.wav,nan_tw_01,yue,二十張,li1 za̍p1 diunn1 |1 li1 cha̍p1 diun1,Lī-tsa̍p-tiunn | Lī-cha̍p-tiuⁿ,二十張（Lī-tsa̍p-tiunn | Lī-cha̍p-tiuⁿ）
E:\008-datasets\mcv-scripted-nan-tw-v23.0\cv-corpus-23.0-2025-09-05\nan-tw\single_speaker\wavs\common_voice_nan-tw_32192695.wav,nan_tw_01,yue,掣掣,cuah1 cuah1,tshuah-tshuah,掣掣（tshuah-tshuah）
E:\008-datasets\mcv-scripted-nan-tw-v23.0\cv-corpus-23.0-2025-09-05\nan-tw\single_speaker\wavs\common_voice_nan-tw_32192696.wav,nan_tw_01,yue,巧士購,kaa2 su1 goo3,Khá-sū-kòo,巧士購（Khá-sū-kòo）
E:\008-datasets\mcv-scripted-nan-tw-v23.0\cv-corpus-23.0-2025-09-05\nan-tw\single_speaker\wavs\common_voice_nan-tw_32192697.wav,nan_tw_01,yue,火燒島,ho2 soe1 do2,hué-sio-tó,火燒島（hué-sio-tó）
E:\008-datasets\mcv-scripted-nan-tw-v23.0\cv-corpus-23.0-2025-09-05\nan-tw\single_speaker\wavs\common_voice_nan-tw_32192698.wav,nan_tw_01,yue,伊看起來真落魄,i1 kuann3 ki2 laai4 zin1 lo̍k1 pik1,I khuànn--khí-lâi tsin lo̍k-phik,伊看起來真落魄（I khuànn--khí-lâi tsin lo̍k-phik）
E:\008-datasets\mcv-scripted-nan-tw-v23.0\cv-corpus-23.0-2025-09-05\nan-tw\single_speaker\wavs\common_voice_nan-tw_32192699.wav,nan_tw_01,yue,伊有三間厝,i1 u1 sann1 ging1 cu3,I ū sann king tshù,伊有三間厝（I ū sann king tshù）
E:\008-datasets\mcv-scripted-nan-tw-v23.0\cv-corpus-23.0-2025-09-05\nan-tw\single_speaker\wavs\common_voice_nan-tw_32192700.wav,nan_tw_01,yue,嘉北,gaa1 bak1,Ka-pak,嘉北（Ka-pak）
E:\008-datasets\mcv-scripted-nan-tw-v23.0\cv-corpus-23.0-2025-09-05\nan-tw\single_speaker\wavs\common_voice_nan-tw_32192701.wav,nan_tw_01,yue,膨鏡,pong3 giann3,phòng-kiànn,膨鏡（phòng-kiànn）
E:\008-datasets\mcv-scripted-nan-tw-v23.0\cv-corpus-23.0-2025-09-05\nan-tw\single_speaker\wavs\common_voice_nan-tw_32192702.wav,nan_tw_01,yue,後壁,aau1 biah1,Āu-piah,後壁（Āu-piah）
E:\008-datasets\mcv-scripted-nan-tw-v23.0\cv-corpus-23.0-2025-09-05\nan-tw\single_speaker\wavs\common_voice_nan-tw_32192703.wav,nan_tw_01,yue,儉喙,kim1 ceoi3,khiām-tshuì,儉喙（khiām-tshuì）
E:\008-datasets\mcv-scripted-nan-tw-v23.0\cv-corpus-23.0-2025-09-05\nan-tw\single_speaker\wavs\common_voice_nan-tw_32192704.wav,nan_tw_01,yue,新港糖仔,sin1 gang2 tng4 aa2,Sin-káng thn̂g-á,新港糖仔（Sin-káng thn̂g-á）
E:\008-datasets\mcv-scripted-nan-tw-v23.0\cv-corpus-23.0-2025-09-05\nan-tw\single_speaker\wavs\common_voice_nan-tw_32192705.wav,nan_tw_01,yue,新竹縣,sin1 dik1 gun1,Sin-tik-kuān,新竹縣（Sin-tik-kuān）
E:\008-datasets\mcv-scripted-nan-tw-v23.0\cv-corpus-23.0-2025-09-05\nan-tw\single_speaker\wavs\common_voice_nan-tw_32192706.wav,nan_tw_01,yue,茶海星,de4 haai2 cenn1,Tê-hái-tshenn,茶海星（Tê-hái-tshenn）
E:\008-datasets\mcv-scripted-nan-tw-v23.0\cv-corpus-23.0-2025-09-05\nan-tw\single_speaker\wavs\common_voice_nan-tw_32192707.wav,nan_tw_01,yue,睏大豬,kun3 daa1 di1,khùn-tuā-ti,睏大豬（khùn-tuā-ti）
E:\008-datasets\mcv-scripted-nan-tw-v23.0\cv-corpus-23.0-2025-09-05\nan-tw\single_speaker\wavs\common_voice_nan-tw_32192708.wav,nan_tw_01,yue,袂恬,be1 dim1,bē-tiām,袂恬（bē-tiām）
E:\008-datasets\mcv-scripted-nan-tw-v23.0\cv-corpus-23.0-2025-09-05\nan-tw\single_speaker\wavs\common_voice_nan-tw_32192709.wav,nan_tw_01,yue,模仔,boo4 aa2,bôo-á,模仔（bôo-á）
E:\008-datasets\mcv-scripted-nan-tw-v23.0\cv-corpus-23.0-2025-09-05\nan-tw\single_speaker\wavs\common_voice_nan-tw_32192710.wav,nan_tw_01,yue,七歪八斜,cit1 aai1 bet1 cua̍h1,tshit uai peh tshua̍h,七歪八斜 （tshit uai peh tshua̍h）
E:\008-datasets\mcv-scripted-nan-tw-v23.0\cv-corpus-23.0-2025-09-05\nan-tw\single_speaker\wavs\common_voice_nan-tw_32192711.wav,nan_tw_01,yue,新聞紙,sin1 bun4 zaa2,sin-bûn tsuá,新聞紙（sin-bûn tsuá）
E:\008-datasets\mcv-scripted-nan-tw-v23.0\cv-corpus-23.0-2025-09-05\nan-tw\single_speaker\wavs\common_voice_nan-tw_32192712.wav,nan_tw_01,yue,通貨膨脹,tong1 honn3 pong3 dung3 |1 tong1 ho3 pong3 diunng3,thong-hònn phòng-tiòng | thong-huè phòng-tiùnng,通貨膨脹（thong-hònn phòng-tiòng | thong-huè phòng-tiùnng）
E:\008-datasets\mcv-scripted-nan-tw-v23.0\cv-corpus-23.0-2025-09-05\nan-tw\single_speaker\wavs\common_voice_nan-tw_32192713.wav,nan_tw_01,yue,漢字文化箍仔,han3 ji1 bun4 haa3 koo1 aa2,hàn-jī bûn-huà khoo-á,漢字文化箍仔（hàn-jī bûn-huà khoo-á）
E:\008-datasets\mcv-scripted-nan-tw-v23.0\cv-corpus-23.0-2025-09-05\nan-tw\single_speaker\wavs\common_voice_nan-tw_32192714.wav,nan_tw_01,yue,南靖,lam4 zing1,Lâm-tsīng,南靖（Lâm-tsīng）
E:\008-datasets\mcv-scripted-nan-tw-v23.0\cv-corpus-23.0-2025-09-05\nan-tw\single_speaker\wavs\common_voice_nan-tw_32192715.wav,nan_tw_01,yue,螢橋國小,ing4 goe4 gok1 soe2,Îng-kiô Kok-sió,螢橋國小（Îng-kiô Kok-sió）
E:\008-datasets\mcv-scripted-nan-tw-v23.0\cv-corpus-23.0-2025-09-05\nan-tw\single_speaker\wavs\common_voice_nan-tw_32192716.wav,nan_tw_01,yue,痟藥仔,siu2 io̍h1 aa2,siáu-io̍h-á,痟藥仔（siáu-io̍h-á）
E:\008-datasets\mcv-scripted-nan-tw-v23.0\cv-corpus-23.0-2025-09-05\nan-tw\single_speaker\wavs\common_voice_nan-tw_32192717.wav,nan_tw_01,yue,甜甜,dinn1 dinn1,tinn-tinn,甜甜（tinn-tinn）
E:\008-datasets\mcv-scripted-nan-tw-v23.0\cv-corpus-23.0-2025-09-05\nan-tw\single_speaker\wavs\common_voice_nan-tw_32192718.wav,nan_tw_01,yue,鑢仔,lu3 aa2,lù-á,鑢仔（lù-á）
E:\008-datasets\mcv-scripted-nan-tw-v23.0\cv-corpus-23.0-2025-09-05\nan-tw\single_speaker\wavs\common_voice_nan-tw_32192719.wav,nan_tw_01,yue,興德,hing1 dik1,Hing-tik,興德（Hing-tik）
E:\008-datasets\mcv-scripted-nan-tw-v23.0\cv-corpus-23.0-2025-09-05\nan-tw\single_speaker\wavs\common_voice_nan-tw_32192720.wav,nan_tw_01,yue,綴路,do3 loo1,tuè-lōo,綴路（tuè-lōo）
E:\008-datasets\mcv-scripted-nan-tw-v23.0\cv-corpus-23.0-2025-09-05\nan-tw\single_speaker\wavs\common_voice_nan-tw_32192721.wav,nan_tw_01,yue,中番仔湖,dung1 hun1 aa2 hoo4,Tiong-huan-á-hôo,中番仔湖（Tiong-huan-á-hôo）
E:\008-datasets\mcv-scripted-nan-tw-v23.0\cv-corpus-23.0-2025-09-05\nan-tw\single_speaker\wavs\common_voice_nan-tw_32192722.wav,nan_tw_01,yue,知行路,chaai1 hang4 lo͘1,Chai-hâng-lō͘,知行路（Chai-hâng-lō͘）
E:\008-datasets\mcv-scripted-nan-tw-v23.0\cv-corpus-23.0-2025-09-05\nan-tw\single_speaker\wavs\common_voice_nan-tw_32192723.wav,nan_tw_01,yue,泰雅渡假村,taai3 ngaa2 doo1 gaa2 cun1,Thài-ngá Tōo-ká-tshuan,泰雅渡假村（Thài-ngá Tōo-ká-tshuan）
E:\008-datasets\mcv-scripted-nan-tw-v23.0\cv-corpus-23.0-2025-09-05\nan-tw\single_speaker\wavs\common_voice_nan-tw_32192724.wav,nan_tw_01,yue,壁角仔囝,biah1 gak1 aa2 giann2,piah-kak-á-kiánn,壁角仔囝（piah-kak-á-kiánn）
E:\008-datasets\mcv-scripted-nan-tw-v23.0\cv-corpus-23.0-2025-09-05\nan-tw\single_speaker\wavs\common_voice_nan-tw_32192730.wav,nan_tw_01,yue,腹腸,bak1 dng4,pak-tn̂g,腹腸（pak-tn̂g）
E:\008-datasets\mcv-scripted-nan-tw-v23.0\cv-corpus-23.0-2025-09-05\nan-tw\single_speaker\wavs\common_voice_nan-tw_32192731.wav,nan_tw_01,yue,韓國鹹菜,han4 gok1 gim4 caai3,hân-kok kiâm-tshài,韓國鹹菜（hân-kok kiâm-tshài）
E:\008-datasets\mcv-scripted-nan-tw-v23.0\cv-corpus-23.0-2025-09-05\nan-tw\single_speaker\wavs\common_voice_nan-tw_32192732.wav,nan_tw_01,yue,東光國小,dang1 gong1 gok1 soe2,Tang-kong-kok-sió,東光國小（Tang-kong-kok-sió）
E:\008-datasets\mcv-scripted-nan-tw-v23.0\cv-corpus-23.0-2025-09-05\nan-tw\single_speaker\wavs\common_voice_nan-tw_32192733.wav,nan_tw_01,yue,火星文,ho2 cenn1 bun4 |1 he2 cinn1 bun4,hué-tshenn-bûn | hé-tshinn-bûn,火星文（hué-tshenn-bûn | hé-tshinn-bûn）
E:\008-datasets\mcv-scripted-nan-tw-v23.0\cv-corpus-23.0-2025-09-05\nan-tw\single_speaker\wavs\common_voice_nan-tw_32192734.wav,nan_tw_01,yue,滷卵,loo2 nňg1 |1 loo2 neoi1,lóo-nňg | lóo-nuī,滷卵（lóo-nňg | lóo-nuī）
E:\008-datasets\mcv-scripted-nan-tw-v23.0\cv-corpus-23.0-2025-09-05\nan-tw\single_speaker\wavs\common_voice_nan-tw_32192735.wav,nan_tw_01,yue,跤手猛,kaa1 ciu2 me2,kha-tshiú mé,跤手猛（kha-tshiú mé）
E:\008-datasets\mcv-scripted-nan-tw-v23.0\cv-corpus-23.0-2025-09-05\nan-tw\single_speaker\wavs\common_voice_nan-tw_32192736.wav,nan_tw_01,yue,指頭仔伸出來無平長,zing2 taau4 aa2 cun1 cut1 laai4 bo4 benn4 dng4,tsíng-thâu-á tshun-tshut-lâi bô pênn-tn̂g,指頭仔伸出來無平長（tsíng-thâu-á tshun-tshut-lâi bô pênn-tn̂g）
E:\008-datasets\mcv-scripted-nan-tw-v23.0\cv-corpus-23.0-2025-09-05\nan-tw\single_speaker\wavs\common_voice_nan-tw_32192737.wav,nan_tw_01,yue,貓老大,niu1 laau2 daa1,Niau-láu-tuā,貓老大（Niau-láu-tuā）
E:\008-datasets\mcv-scripted-nan-tw-v23.0\cv-corpus-23.0-2025-09-05\nan-tw\single_speaker\wavs\common_voice_nan-tw_32192738.wav,nan_tw_01,yue,里里擴擴,li1 li1 kok1 kok1,li-li-khok-khok,里里擴擴（li-li-khok-khok）
E:\008-datasets\mcv-scripted-nan-tw-v23.0\cv-corpus-23.0-2025-09-05\nan-tw\single_speaker\wavs\common_voice_nan-tw_32192739.wav,nan_tw_01,yue,床頭拍，床尾和,cng4 taau4 paat1 cng4 bo2 ho4,tshn̂g-thâu phah tshn̂g-bué hô,床頭拍，床尾和（tshn̂g-thâu phah tshn̂g-bué hô）
E:\008-datasets\mcv-scripted-nan-tw-v23.0\cv-corpus-23.0-2025-09-05\nan-tw\single_speaker\wavs\common_voice_nan-tw_32192745.wav,nan_tw_01,yue,馬蹄糋,be2 de4 zinn3 |1 be2 do4 zinn3,bé-tê-tsìnn | bé-tuê-tsìnn,馬蹄糋（bé-tê-tsìnn | bé-tuê-tsìnn）
E:\008-datasets\mcv-scripted-nan-tw-v23.0\cv-corpus-23.0-2025-09-05\nan-tw\single_speaker\wavs\common_voice_nan-tw_32192746.wav,nan_tw_01,yue,欲按怎用啊,bet1 an2 zuann2 ung1 aat1,beh án-tsuánn iōng--ah,欲按怎用啊（beh án-tsuánn iōng--ah）
E:\008-datasets\mcv-scripted-nan-tw-v23.0\cv-corpus-23.0-2025-09-05\nan-tw\single_speaker\wavs\common_voice_nan-tw_32192747.wav,nan_tw_01,yue,合群,ha̍p1 gun4,ha̍p-kûn,合群（ha̍p-kûn）
E:\008-datasets\mcv-scripted-nan-tw-v23.0\cv-corpus-23.0-2025-09-05\nan-tw\single_speaker\wavs\common_voice_nan-tw_32192748.wav,nan_tw_01,yue,垢潔鉎,gaau2 got1 sin1,káu-kueh-sian,垢潔鉎（káu-kueh-sian）
E:\008-datasets\mcv-scripted-nan-tw-v23.0\cv-corpus-23.0-2025-09-05\nan-tw\single_speaker\wavs\common_voice_nan-tw_32192749.wav,nan_tw_01,yue,果園,ger2 hng4 |1 ge2 hng4 |1 go2 huinn4 |1 go2 hng4,kér-hn̂g | ké-hn̂g | kué-huînn | kué-hn̂g,果園（kér-hn̂g | ké-hn̂g | kué-huînn | kué-hn̂g）
E:\008-datasets\mcv-scripted-nan-tw-v23.0\cv-corpus-23.0-2025-09-05\nan-tw\single_speaker\wavs\common_voice_nan-tw_32192755.wav,nan_tw_01,yue,大管薰,daa1 gong2 hun1,tuā-kóng-hun,大管薰 （tuā-kóng-hun）
E:\008-datasets\mcv-scripted-nan-tw-v23.0\cv-corpus-23.0-2025-09-05\nan-tw\single_speaker\wavs\common_voice_nan-tw_32192756.wav,nan_tw_01,yue,台灣就是台灣,daai4 un4 do1 si1 daai4 un4,Tâi-uân tō sī Tâi-uân,台灣就是台灣（Tâi-uân tō sī Tâi-uân）
E:\008-datasets\mcv-scripted-nan-tw-v23.0\cv-corpus-23.0-2025-09-05\nan-tw\single_speaker\wavs\common_voice_nan-tw_32192757.wav,nan_tw_01,yue,大潤發,daai1 jun1 hut1,Tāi-jūn-huat,大潤發 （Tāi-jūn-huat）
E:\008-datasets\mcv-scripted-nan-tw-v23.0\cv-corpus-23.0-2025-09-05\nan-tw\single_speaker\wavs\common_voice_nan-tw_32192758.wav,nan_tw_01,yue,球箠,giu4 co4,kiû-tshuê,球箠（kiû-tshuê）
E:\008-datasets\mcv-scripted-nan-tw-v23.0\cv-corpus-23.0-2025-09-05\nan-tw\single_speaker\wavs\common_voice_nan-tw_32192759.wav,nan_tw_01,yue,拄拄好,du2 du2 ho2,tú-tú-hó,拄拄好（tú-tú-hó）
E:\008-datasets\mcv-scripted-nan-tw-v23.0\cv-corpus-23.0-2025-09-05\nan-tw\single_speaker\wavs\common_voice_nan-tw_32192765.wav,nan_tw_01,yue,逐家攏真歡喜,da̍k1 ge1 long2 zin1 huann1 hi2,ta̍k-ke lóng tsin huann-hí,逐家攏真歡喜（ta̍k-ke lóng tsin huann-hí）
E:\008-datasets\mcv-scripted-nan-tw-v23.0\cv-corpus-23.0-2025-09-05\nan-tw\single_speaker\wavs\common_voice_nan-tw_32192767.wav,nan_tw_01,yue,五跪三叩頭,goo1 geoi1 sann1 kaau2 taau4,gōo kuī sann kháu-thâu,五跪三叩頭（gōo kuī sann kháu-thâu）
E:\008-datasets\mcv-scripted-nan-tw-v23.0\cv-corpus-23.0-2025-09-05\nan-tw\single_speaker\wavs\common_voice_nan-tw_32192768.wav,nan_tw_01,yue,拍凊,paat1 cin3,phah-tshìn,拍凊（phah-tshìn）
E:\008-datasets\mcv-scripted-nan-tw-v23.0\cv-corpus-23.0-2025-09-05\nan-tw\single_speaker\wavs\common_voice_nan-tw_32192769.wav,nan_tw_01,yue,舊宗,gu1 zong1,Kū-tsong,舊宗（Kū-tsong）
E:\008-datasets\mcv-scripted-nan-tw-v23.0\cv-corpus-23.0-2025-09-05\nan-tw\single_speaker\wavs\common_voice_nan-tw_32192770.wav,nan_tw_01,yue,低收入戶,ge1 siu1 ji̍p1 hoo1,kē-siu-ji̍p-hōo,低收入戶（kē-siu-ji̍p-hōo）
E:\008-datasets\mcv-scripted-nan-tw-v23.0\cv-corpus-23.0-2025-09-05\nan-tw\single_speaker\wavs\common_voice_nan-tw_32192771.wav,nan_tw_01,yue,萬隆街,ban1 lung4 go1 |1 ban1 lung4 goe1,Bān-liông-kue | Bān-liông-koe,萬隆街（Bān-liông-kue | Bān-liông-koe）
E:\008-datasets\mcv-scripted-nan-tw-v23.0\cv-corpus-23.0-2025-09-05\nan-tw\single_speaker\wavs\common_voice_nan-tw_32192772.wav,nan_tw_01,yue,雞肉角,ge1 baat1 gak1,ke-bah-kak,雞肉角（ke-bah-kak）
E:\008-datasets\mcv-scripted-nan-tw-v23.0\cv-corpus-23.0-2025-09-05\nan-tw\single_speaker\wavs\common_voice_nan-tw_32192773.wav,nan_tw_01,yue,名聲敨,me4 siann1 taau2,miâ-siann tháu,名聲敨（miâ-siann tháu）
E:\008-datasets\mcv-scripted-nan-tw-v23.0\cv-corpus-23.0-2025-09-05\nan-tw\single_speaker\wavs\common_voice_nan-tw_32192774.wav,nan_tw_01,yue,絲線吊銅鐘,si1 suann3 diu3 dang4 zing1,si-suànn tiàu tâng-tsing,絲線吊銅鐘（si-suànn tiàu tâng-tsing）
E:\008-datasets\mcv-scripted-nan-tw-v23.0\cv-corpus-23.0-2025-09-05\nan-tw\single_speaker\wavs\common_voice_nan-tw_32192775.wav,nan_tw_01,yue,自作多情,zu1 zok1 do1 zing4,tsū-tsok-to-tsîng,自作多情（tsū-tsok-to-tsîng）
E:\008-datasets\mcv-scripted-nan-tw-v23.0\cv-corpus-23.0-2025-09-05\nan-tw\single_speaker\wavs\common_voice_nan-tw_32192776.wav,nan_tw_01,yue,溪洲,ke1 ziu1 |1 ko1 ziu1,Khe-tsiu | Khue-tsiu,溪洲（Khe-tsiu | Khue-tsiu）
E:\008-datasets\mcv-scripted-nan-tw-v23.0\cv-corpus-23.0-2025-09-05\nan-tw\single_speaker\wavs\common_voice_nan-tw_32192777.wav,nan_tw_01,yue,夯飯匙拄貓,ge4 bng1 si4 du2 niu1,giâ-pn̄g-sî-tú-niau,夯飯匙拄貓（giâ-pn̄g-sî-tú-niau）
E:\008-datasets\mcv-scripted-nan-tw-v23.0\cv-corpus-23.0-2025-09-05\nan-tw\single_speaker\wavs\common_voice_nan-tw_32192778.wav,nan_tw_01,yue,喙焦嚨喉渴,ceoi3 daa1 naa4 aau4 kuah1,tshuì-ta nâ-âu-khuah,喙焦嚨喉渴（tshuì-ta nâ-âu-khuah）
E:\008-datasets\mcv-scripted-nan-tw-v23.0\cv-corpus-23.0-2025-09-05\nan-tw\single_speaker\wavs\common_voice_nan-tw_32192779.wav,nan_tw_01,yue,景豐街,ging2 hong1 go1,Kíng-hong-kue,景豐街（Kíng-hong-kue）
E:\008-datasets\mcv-scripted-nan-tw-v23.0\cv-corpus-23.0-2025-09-05\nan-tw\single_speaker\wavs\common_voice_nan-tw_32192780.wav,nan_tw_01,yue,寧波西街,ling4 po1 saai1 go1 |1 lang4 po1 saai1 goe1,Lîng-pho Sai-kue | Lêng-pho Sai-koe,寧波西街（Lîng-pho Sai-kue | Lêng-pho Sai-koe）
E:\008-datasets\mcv-scripted-nan-tw-v23.0\cv-corpus-23.0-2025-09-05\nan-tw\single_speaker\wavs\common_voice_nan-tw_32192781.wav,nan_tw_01,yue,營帳,iann4 diunn3,iânn-tiùnn,營帳（iânn-tiùnn）
E:\008-datasets\mcv-scripted-nan-tw-v23.0\cv-corpus-23.0-2025-09-05\nan-tw\single_speaker\wavs\common_voice_nan-tw_32192782.wav,nan_tw_01,yue,終其尾,zung1 gi4 bo2,tsiong-kî-bué,終其尾（tsiong-kî-bué）
E:\008-datasets\mcv-scripted-nan-tw-v23.0\cv-corpus-23.0-2025-09-05\nan-tw\single_speaker\wavs\common_voice_nan-tw_32192783.wav,nan_tw_01,yue,揜揜貼貼,ip1 ip1 tip1 tip1,iap-iap-thiap-thiap,揜揜貼貼（iap-iap-thiap-thiap）
E:\008-datasets\mcv-scripted-nan-tw-v23.0\cv-corpus-23.0-2025-09-05\nan-tw\single_speaker\wavs\common_voice_nan-tw_32192784.wav,nan_tw_01,yue,磕挵,ka̍p1 long3,kha̍p-lòng,磕挵（kha̍p-lòng）
E:\008-datasets\mcv-scripted-nan-tw-v23.0\cv-corpus-23.0-2025-09-05\nan-tw\single_speaker\wavs\common_voice_nan-tw_32192785.wav,nan_tw_01,yue,丸仔球,un4 aa2 giu4,uân-á-kiû,丸仔球 （uân-á-kiû）
E:\008-datasets\mcv-scripted-nan-tw-v23.0\cv-corpus-23.0-2025-09-05\nan-tw\single_speaker\wavs\common_voice_nan-tw_32192786.wav,nan_tw_01,yue,袂插得,be1 cap1 dit1,bē tshap tit,袂插得（bē tshap tit）
E:\008-datasets\mcv-scripted-nan-tw-v23.0\cv-corpus-23.0-2025-09-05\nan-tw\single_speaker\wavs\common_voice_nan-tw_32192788.wav,nan_tw_01,yue,三步做一伐,sann1 boo1 zo3 zi̍t1 hua̍h1,sann pōo tsò tsi̍t hua̍h,三步做一伐 （sann pōo tsò tsi̍t hua̍h）
E:\008-datasets\mcv-scripted-nan-tw-v23.0\cv-corpus-23.0-2025-09-05\nan-tw\single_speaker\wavs\common_voice_nan-tw_32192789.wav,nan_tw_01,yue,光復國小,gong1 ho̍k1 gok1 soe2,Kong-ho̍k-kok-sió,光復國小（Kong-ho̍k-kok-sió）
E:\008-datasets\mcv-scripted-nan-tw-v23.0\cv-corpus-23.0-2025-09-05\nan-tw\single_speaker\wavs\common_voice_nan-tw_32192795.wav,nan_tw_01,yue,歹年冬厚痟人,painn2 ni4 dang1 gaau1 siu2 lang4,pháinn-nî-tang kāu-siáu-lâng,歹年冬厚痟人（pháinn-nî-tang kāu-siáu-lâng）
E:\008-datasets\mcv-scripted-nan-tw-v23.0\cv-corpus-23.0-2025-09-05\nan-tw\single_speaker\wavs\common_voice_nan-tw_32192796.wav,nan_tw_01,yue,紲力走標,saa3 la̍t1 zaau2 boe1,suà-la̍t-tsáu-pio,紲力走標（suà-la̍t-tsáu-pio）
E:\008-datasets\mcv-scripted-nan-tw-v23.0\cv-corpus-23.0-2025-09-05\nan-tw\single_speaker\wavs\common_voice_nan-tw_32192797.wav,nan_tw_01,yue,次元,cu3 gun4,tshù-guân,次元（tshù-guân）
E:\008-datasets\mcv-scripted-nan-tw-v23.0\cv-corpus-23.0-2025-09-05\nan-tw\single_speaker\wavs\common_voice_nan-tw_32192798.wav,nan_tw_01,yue,水紋墘,zeoi2 bun4 ginn4,tsuí-bûn-kînn,水紋墘（tsuí-bûn-kînn）
E:\008-datasets\mcv-scripted-nan-tw-v23.0\cv-corpus-23.0-2025-09-05\nan-tw\single_speaker\wavs\common_voice_nan-tw_32192799.wav,nan_tw_01,yue,小寒,soe2 han4,sió-hân,小寒 （sió-hân）
E:\008-datasets\mcv-scripted-nan-tw-v23.0\cv-corpus-23.0-2025-09-05\nan-tw\single_speaker\wavs\common_voice_nan-tw_32192800.wav,nan_tw_01,yue,田嬰機,can4 enn1 gi1,tshân-enn-ki,田嬰機（tshân-enn-ki）
E:\008-datasets\mcv-scripted-nan-tw-v23.0\cv-corpus-23.0-2025-09-05\nan-tw\single_speaker\wavs\common_voice_nan-tw_32192801.wav,nan_tw_01,yue,絲襪仔,si1 bue̍h1 aa2,si-bue̍h-á,絲襪仔（si-bue̍h-á）
E:\008-datasets\mcv-scripted-nan-tw-v23.0\cv-corpus-23.0-2025-09-05\nan-tw\single_speaker\wavs\common_voice_nan-tw_32192802.wav,nan_tw_01,yue,刺鼠,ci3 ci2 |1 ci3 cu2,tshì-tshí | tshì-tshú,刺鼠（tshì-tshí | tshì-tshú）
E:\008-datasets\mcv-scripted-nan-tw-v23.0\cv-corpus-23.0-2025-09-05\nan-tw\single_speaker\wavs\common_voice_nan-tw_32192803.wav,nan_tw_01,yue,刺面,ciah1 bin1,tshiah-bīn,刺面（tshiah-bīn）
E:\008-datasets\mcv-scripted-nan-tw-v23.0\cv-corpus-23.0-2025-09-05\nan-tw\single_speaker\wavs\common_voice_nan-tw_32192804.wav,nan_tw_01,yue,三安里,sann1 an1 li2,Sann-an-lí,三安里（Sann-an-lí）
E:\008-datasets\mcv-scripted-nan-tw-v23.0\cv-corpus-23.0-2025-09-05\nan-tw\single_speaker\wavs\common_voice_nan-tw_32192815.wav,nan_tw_01,yue,臺西,daai4 se1,Tâi-se,臺西（Tâi-se）
E:\008-datasets\mcv-scripted-nan-tw-v23.0\cv-corpus-23.0-2025-09-05\nan-tw\single_speaker\wavs\common_voice_nan-tw_32192816.wav,nan_tw_01,yue,利便商店,li1 bin1 sung1 dim3,lī-piān-siong-tiàm,利便商店（lī-piān-siong-tiàm）
E:\008-datasets\mcv-scripted-nan-tw-v23.0\cv-corpus-23.0-2025-09-05\nan-tw\single_speaker\wavs\common_voice_nan-tw_32192817.wav,nan_tw_01,yue,景美國小,ging2 be2 gok1 soe2,Kíng-bé-kok-sió,景美國小（Kíng-bé-kok-sió）
E:\008-datasets\mcv-scripted-nan-tw-v23.0\cv-corpus-23.0-2025-09-05\nan-tw\single_speaker\wavs\common_voice_nan-tw_32192818.wav,nan_tw_01,yue,蜂蜜雞卵糕,pang1 bi̍t1 go1 nng1 go1 |1 pang1 bi̍t1 ge1 nng1 go1,phang-bi̍t kue-nn̄g-ko | phang-bi̍t ke-nn̄g-ko,蜂蜜雞卵糕（phang-bi̍t kue-nn̄g-ko | phang-bi̍t ke-nn̄g-ko）
E:\008-datasets\mcv-scripted-nan-tw-v23.0\cv-corpus-23.0-2025-09-05\nan-tw\single_speaker\wavs\common_voice_nan-tw_32192819.wav,nan_tw_01,yue,強力糊,gung4 li̍k1 goo4,kiông-li̍k-kôo,強力糊（kiông-li̍k-kôo）
E:\008-datasets\mcv-scripted-nan-tw-v23.0\cv-corpus-23.0-2025-09-05\nan-tw\single_speaker\wavs\common_voice_nan-tw_32192825.wav,nan_tw_01,yue,果子肉,ger2 zi2 baat1,kér-tsí-bah,果子肉（kér-tsí-bah）
E:\008-datasets\mcv-scripted-nan-tw-v23.0\cv-corpus-23.0-2025-09-05\nan-tw\single_speaker\wavs\common_voice_nan-tw_32192826.wav,nan_tw_01,yue,降龍十八掌,hang4 lung4 si̍p1 bat1 zoeng2,Hâng-liông-si̍p-pat-tsiáng,降龍十八掌（Hâng-liông-si̍p-pat-tsiáng）
E:\008-datasets\mcv-scripted-nan-tw-v23.0\cv-corpus-23.0-2025-09-05\nan-tw\single_speaker\wavs\common_voice_nan-tw_32192827.wav,nan_tw_01,yue,拍gí仔,paat1 gi1 aa2,phah gi-á,拍gí仔（phah gi-á）
E:\008-datasets\mcv-scripted-nan-tw-v23.0\cv-corpus-23.0-2025-09-05\nan-tw\single_speaker\wavs\common_voice_nan-tw_32192828.wav,nan_tw_01,yue,跤毛,kaa1 moo1,kha-moo,跤毛（kha-moo）
E:\008-datasets\mcv-scripted-nan-tw-v23.0\cv-corpus-23.0-2025-09-05\nan-tw\single_speaker\wavs\common_voice_nan-tw_32192829.wav,nan_tw_01,yue,烘麭,hang1 pang2,hang-pháng,烘麭（hang-pháng）
E:\008-datasets\mcv-scripted-nan-tw-v23.0\cv-corpus-23.0-2025-09-05\nan-tw\single_speaker\wavs\common_voice_nan-tw_32192835.wav,nan_tw_01,yue,汞,hong2,hóng,汞（hóng）
E:\008-datasets\mcv-scripted-nan-tw-v23.0\cv-corpus-23.0-2025-09-05\nan-tw\single_speaker\wavs\common_voice_nan-tw_32192836.wav,nan_tw_01,yue,屈尺,kut1 cioh1,khut-tshioh,屈尺（khut-tshioh）
E:\008-datasets\mcv-scripted-nan-tw-v23.0\cv-corpus-23.0-2025-09-05\nan-tw\single_speaker\wavs\common_voice_nan-tw_32192837.wav,nan_tw_01,yue,氣身惱命,ki3 sin1 loo2 me1,khì-sin-lóo-miā,氣身惱命（khì-sin-lóo-miā）
E:\008-datasets\mcv-scripted-nan-tw-v23.0\cv-corpus-23.0-2025-09-05\nan-tw\single_speaker\wavs\common_voice_nan-tw_32192838.wav,nan_tw_01,yue,肺腑之言,hi3 hu2 zi1 gin4 |1 heoi3 hu2 zi1 gin4,hì-hú-tsi-giân | huì-hú-tsi-giân,肺腑之言（hì-hú-tsi-giân | huì-hú-tsi-giân）
E:\008-datasets\mcv-scripted-nan-tw-v23.0\cv-corpus-23.0-2025-09-05\nan-tw\single_speaker\wavs\common_voice_nan-tw_32192839.wav,nan_tw_01,yue,西方,saai1 hong1,Sai-hong,西方（Sai-hong）
E:\008-datasets\mcv-scripted-nan-tw-v23.0\cv-corpus-23.0-2025-09-05\nan-tw\single_speaker\wavs\common_voice_nan-tw_32192840.wav,nan_tw_01,yue,玉環,gio̍k1 kun4,Gio̍k-khuân,玉環（Gio̍k-khuân）
E:\008-datasets\mcv-scripted-nan-tw-v23.0\cv-corpus-23.0-2025-09-05\nan-tw\single_speaker\wavs\common_voice_nan-tw_32192841.wav,nan_tw_01,yue,食無三把蕹菜著欲上西天,zia̍h1 bo4 sann1 be2 ing3 caai3 dio̍h1 bet1 ziunn1 se1 tin1,tsia̍h-bô sann pé ìng-tshài tio̍h-beh tsiūnn se-thian,食無三把蕹菜著欲上西天（tsia̍h-bô sann pé ìng-tshài tio̍h-beh tsiūnn se-thian）
E:\008-datasets\mcv-scripted-nan-tw-v23.0\cv-corpus-23.0-2025-09-05\nan-tw\single_speaker\wavs\common_voice_nan-tw_32192842.wav,nan_tw_01,yue,眼腦線,gan2 naau2 suann3,gán-náu-suànn,眼腦線（gán-náu-suànn）
E:\008-datasets\mcv-scripted-nan-tw-v23.0\cv-corpus-23.0-2025-09-05\nan-tw\single_speaker\wavs\common_voice_nan-tw_32192843.wav,nan_tw_01,yue,果子酸,go2 zi2 sng1 |1 ge2 zi2 sng1,kué-tsí-sng | ké-tsí-sng,果子酸（kué-tsí-sng | ké-tsí-sng）
E:\008-datasets\mcv-scripted-nan-tw-v23.0\cv-corpus-23.0-2025-09-05\nan-tw\single_speaker\wavs\common_voice_nan-tw_32192854.wav,nan_tw_01,yue,姑巡,goo1 sun4,koo-sûn,姑巡（koo-sûn）
E:\008-datasets\mcv-scripted-nan-tw-v23.0\cv-corpus-23.0-2025-09-05\nan-tw\single_speaker\wavs\common_voice_nan-tw_32192875.wav,nan_tw_01,yue,雲罩密密,hun4 daa3 ba̍t1 ba̍t1,hûn tà ba̍t-ba̍t,雲罩密密（hûn tà ba̍t-ba̍t）
E:\008-datasets\mcv-scripted-nan-tw-v23.0\cv-corpus-23.0-2025-09-05\nan-tw\single_speaker\wavs\common_voice_nan-tw_32192876.wav,nan_tw_01,yue,梅仔林,meoi4 aa2 naa4,Muî-á-nâ,梅仔林（Muî-á-nâ）
E:\008-datasets\mcv-scripted-nan-tw-v23.0\cv-corpus-23.0-2025-09-05\nan-tw\single_speaker\wavs\common_voice_nan-tw_32192877.wav,nan_tw_01,yue,莫講較無魍,maai3 gong2 kaat1 bo4 bang2,mài-kóng khah-bô báng,莫講較無魍（mài-kóng khah-bô báng）
E:\008-datasets\mcv-scripted-nan-tw-v23.0\cv-corpus-23.0-2025-09-05\nan-tw\single_speaker\wavs\common_voice_nan-tw_32192878.wav,nan_tw_01,yue,科工館,ko1 gang1 gun2,Kho-kang-kuán,科工館（Kho-kang-kuán）
E:\008-datasets\mcv-scripted-nan-tw-v23.0\cv-corpus-23.0-2025-09-05\nan-tw\single_speaker\wavs\common_voice_nan-tw_32192879.wav,nan_tw_01,yue,刺龍爸,ci3 lung4 be1,Tshì-liông-pē,刺龍爸（Tshì-liông-pē）
E:\008-datasets\mcv-scripted-nan-tw-v23.0\cv-corpus-23.0-2025-09-05\nan-tw\single_speaker\wavs\common_voice_nan-tw_32192975.wav,nan_tw_01,yue,食甲老老老,zia̍h1 gaat1 laau1 laau1 laau1,Tsia̍h kah lāu-lāu-lāu,食甲老老老（Tsia̍h kah lāu-lāu-lāu）
E:\008-datasets\mcv-scripted-nan-tw-v23.0\cv-corpus-23.0-2025-09-05\nan-tw\single_speaker\wavs\common_voice_nan-tw_32192976.wav,nan_tw_01,yue,無咧要緊,bo4 det1 iu3 gin2,bô teh iàu-kín,無咧要緊（bô teh iàu-kín）
E:\008-datasets\mcv-scripted-nan-tw-v23.0\cv-corpus-23.0-2025-09-05\nan-tw\single_speaker\wavs\common_voice_nan-tw_32192977.wav,nan_tw_01,yue,頭犁犁,taau4 le4 le4 |1 taau4 lere4 lere4 |1 taau4 lo4 lo4,thâu lê-lê | thâu lerê-lerê | thâu luê-luê,頭犁犁（thâu lê-lê | thâu lerê-lerê | thâu luê-luê）
E:\008-datasets\mcv-scripted-nan-tw-v23.0\cv-corpus-23.0-2025-09-05\nan-tw\single_speaker\wavs\common_voice_nan-tw_32192978.wav,nan_tw_01,yue,摩勒都峇,moo4 li̍k1 doo1 baa4,Môo-li̍k-too-bâ,摩勒都峇（Môo-li̍k-too-bâ）
E:\008-datasets\mcv-scripted-nan-tw-v23.0\cv-corpus-23.0-2025-09-05\nan-tw\single_speaker\wavs\common_voice_nan-tw_32192979.wav,nan_tw_01,yue,南京龍江路口,lam4 giann1 lung4 gang1 loo1 kaau2,Lâm-kiann Liông-kang Lōo-kháu,南京龍江路口（Lâm-kiann Liông-kang Lōo-kháu）
E:\008-datasets\mcv-scripted-nan-tw-v23.0\cv-corpus-23.0-2025-09-05\nan-tw\single_speaker\wavs\common_voice_nan-tw_32192985.wav,nan_tw_01,yue,看天凊凊,kuann3 tinn1 cin3 cin3,khuànn thinn tshìn tshìn,看天凊凊（khuànn thinn tshìn tshìn）
E:\008-datasets\mcv-scripted-nan-tw-v23.0\cv-corpus-23.0-2025-09-05\nan-tw\single_speaker\wavs\common_voice_nan-tw_32192986.wav,nan_tw_01,yue,百票,baat1 poe3,pah-phiò,百票（pah-phiò）
E:\008-datasets\mcv-scripted-nan-tw-v23.0\cv-corpus-23.0-2025-09-05\nan-tw\single_speaker\wavs\common_voice_nan-tw_32192987.wav,nan_tw_01,yue,揮發,heoi1 hut1,hui-huat,揮發（hui-huat）
E:\008-datasets\mcv-scripted-nan-tw-v23.0\cv-corpus-23.0-2025-09-05\nan-tw\single_speaker\wavs\common_voice_nan-tw_32192988.wav,nan_tw_01,yue,揜貼,ip1 tip1,iap-thiap,揜貼（iap-thiap）
E:\008-datasets\mcv-scripted-nan-tw-v23.0\cv-corpus-23.0-2025-09-05\nan-tw\single_speaker\wavs\common_voice_nan-tw_32192989.wav,nan_tw_01,yue,裂胸散甲,li̍h1 hing1 san3 gaat1,li̍h hing sàn kah,裂胸散甲（li̍h hing sàn kah）
E:\008-datasets\mcv-scripted-nan-tw-v23.0\cv-corpus-23.0-2025-09-05\nan-tw\single_speaker\wavs\common_voice_nan-tw_32192995.wav,nan_tw_01,yue,去倒,ki3 do3,khì-tò,去倒（khì-tò）
E:\008-datasets\mcv-scripted-nan-tw-v23.0\cv-corpus-23.0-2025-09-05\nan-tw\single_speaker\wavs\common_voice_nan-tw_32192996.wav,nan_tw_01,yue,年頭到年尾,ni1 taau4 gaau3 ni4 bo2,ni-thâu kàu nî-bué,年頭到年尾（ni-thâu kàu nî-bué）
E:\008-datasets\mcv-scripted-nan-tw-v23.0\cv-corpus-23.0-2025-09-05\nan-tw\single_speaker\wavs\common_voice_nan-tw_32193003.wav,nan_tw_01,yue,魯蛇,loo2 zaa4,lóo-tsuâ,魯蛇（lóo-tsuâ）
E:\008-datasets\mcv-scripted-nan-tw-v23.0\cv-corpus-23.0-2025-09-05\nan-tw\single_speaker\wavs\common_voice_nan-tw_32193004.wav,nan_tw_01,yue,粉蟯,hun2 goe4,hún-giô,粉蟯（hún-giô）
E:\008-datasets\mcv-scripted-nan-tw-v23.0\cv-corpus-23.0-2025-09-05\nan-tw\single_speaker\wavs\common_voice_nan-tw_32193005.wav,nan_tw_01,yue,潭子區,tam4 zu2 ku1,Thâm-tsú-khu,潭子區（Thâm-tsú-khu）
E:\008-datasets\mcv-scripted-nan-tw-v23.0\cv-corpus-23.0-2025-09-05\nan-tw\single_speaker\wavs\common_voice_nan-tw_32193007.wav,nan_tw_01,yue,出去耍,cut1 ki3 sng2,tshut-khì sńg,出去耍（tshut-khì sńg）
E:\008-datasets\mcv-scripted-nan-tw-v23.0\cv-corpus-23.0-2025-09-05\nan-tw\single_speaker\wavs\common_voice_nan-tw_32193008.wav,nan_tw_01,yue,吹焦,co1 daa1,tshue-ta,吹焦（tshue-ta）
E:\008-datasets\mcv-scripted-nan-tw-v23.0\cv-corpus-23.0-2025-09-05\nan-tw\single_speaker\wavs\common_voice_nan-tw_32193009.wav,nan_tw_01,yue,頭盤,taau4 buann4,thâu-puânn,頭盤（thâu-puânn）
E:\008-datasets\mcv-scripted-nan-tw-v23.0\cv-corpus-23.0-2025-09-05\nan-tw\single_speaker\wavs\common_voice_nan-tw_32193010.wav,nan_tw_01,yue,欺瞞,ki1 maa4,khi-muâ,欺瞞（khi-muâ）
E:\008-datasets\mcv-scripted-nan-tw-v23.0\cv-corpus-23.0-2025-09-05\nan-tw\single_speaker\wavs\common_voice_nan-tw_32193011.wav,nan_tw_01,yue,領錢,ne2 zinn4,niá-tsînn,領錢（niá-tsînn）
E:\008-datasets\mcv-scripted-nan-tw-v23.0\cv-corpus-23.0-2025-09-05\nan-tw\single_speaker\wavs\common_voice_nan-tw_32193015.wav,nan_tw_01,yue,巴圇哺草,baa1 lun4 boo1 caau2,pa-lûn pōo-tsháu,巴圇哺草（pa-lûn pōo-tsháu）
E:\008-datasets\mcv-scripted-nan-tw-v23.0\cv-corpus-23.0-2025-09-05\nan-tw\single_speaker\wavs\common_voice_nan-tw_32193016.wav,nan_tw_01,yue,頭起先,taau4 ki2 sing1,thâu-khí-sing,頭起先（thâu-khí-sing）
E:\008-datasets\mcv-scripted-nan-tw-v23.0\cv-corpus-23.0-2025-09-05\nan-tw\single_speaker\wavs\common_voice_nan-tw_32193017.wav,nan_tw_01,yue,祭品文,ze3 pin2 bun4,tsè-phín-bûn,祭品文（tsè-phín-bûn）
E:\008-datasets\mcv-scripted-nan-tw-v23.0\cv-corpus-23.0-2025-09-05\nan-tw\single_speaker\wavs\common_voice_nan-tw_32193018.wav,nan_tw_01,yue,使用人,su2 ung1 lang4,sú-iōng-lâng,使用人（sú-iōng-lâng）
E:\008-datasets\mcv-scripted-nan-tw-v23.0\cv-corpus-23.0-2025-09-05\nan-tw\single_speaker\wavs\common_voice_nan-tw_32193019.wav,nan_tw_01,yue,三請四姑情,sam1 ciann2 si3 goo1 ziann4,sam tshiánn sì koo-tsiânn,三請四姑情 （sam tshiánn sì koo-tsiânn）
E:\008-datasets\mcv-scripted-nan-tw-v23.0\cv-corpus-23.0-2025-09-05\nan-tw\single_speaker\wavs\common_voice_nan-tw_32193020.wav,nan_tw_01,yue,你咧講啥,li2 det1 gong2 siann2,Lí teh kóng siánn,你咧講啥（Lí teh kóng siánn）
E:\008-datasets\mcv-scripted-nan-tw-v23.0\cv-corpus-23.0-2025-09-05\nan-tw\single_speaker\wavs\common_voice_nan-tw_32193021.wav,nan_tw_01,yue,高樹,go1 ciu1,Ko-tshiū,高樹（Ko-tshiū）
E:\008-datasets\mcv-scripted-nan-tw-v23.0\cv-corpus-23.0-2025-09-05\nan-tw\single_speaker\wavs\common_voice_nan-tw_32193022.wav,nan_tw_01,yue,客無親疏，來者當受,ket1 bo4 cin1 soo1 laai4 ze2 dong1 siu1,"kheh bô tshin-soo, lâi-tsiá tong siū","客無親疏，來者當受（kheh bô tshin-soo, lâi-tsiá tong siū）"
E:\008-datasets\mcv-scripted-nan-tw-v23.0\cv-corpus-23.0-2025-09-05\nan-tw\single_speaker\wavs\common_voice_nan-tw_32193023.wav,nan_tw_01,yue,刺羅仔蟲,ci3 lo4 aa2 tang4,tshì-lô-á-thâng,刺羅仔蟲（tshì-lô-á-thâng）
E:\008-datasets\mcv-scripted-nan-tw-v23.0\cv-corpus-23.0-2025-09-05\nan-tw\single_speaker\wavs\common_voice_nan-tw_32193024.wav,nan_tw_01,yue,七股,cit1 goo2,Tshit-kóo,七股 （Tshit-kóo）
E:\008-datasets\mcv-scripted-nan-tw-v23.0\cv-corpus-23.0-2025-09-05\nan-tw\single_speaker\wavs\common_voice_nan-tw_32193031.wav,nan_tw_01,yue,椰卵樹,e4 nng1 ciu1,Iâ-nn̄g-tshiū,椰卵樹（Iâ-nn̄g-tshiū）
E:\008-datasets\mcv-scripted-nan-tw-v23.0\cv-corpus-23.0-2025-09-05\nan-tw\single_speaker\wavs\common_voice_nan-tw_32193032.wav,nan_tw_01,yue,桃園環線,to4 hng4 kun4 suann3,Thô-hn̂g Khuân-suànn,桃園環線（Thô-hn̂g Khuân-suànn）
E:\008-datasets\mcv-scripted-nan-tw-v23.0\cv-corpus-23.0-2025-09-05\nan-tw\single_speaker\wavs\common_voice_nan-tw_32193033.wav,nan_tw_01,yue,塗魠,too4 tot1 |1 too4 tut1,thôo-thoh | thôo-thuh,塗魠（thôo-thoh | thôo-thuh）
E:\008-datasets\mcv-scripted-nan-tw-v23.0\cv-corpus-23.0-2025-09-05\nan-tw\single_speaker\wavs\common_voice_nan-tw_32193034.wav,nan_tw_01,yue,龜龜祟祟,gu1 gu1 seoi1 seoi1,ku-ku-sui-sui,龜龜祟祟（ku-ku-sui-sui）
E:\008-datasets\mcv-scripted-nan-tw-v23.0\cv-corpus-23.0-2025-09-05\nan-tw\single_speaker\wavs\common_voice_nan-tw_32193035.wav,nan_tw_01,yue,親子丼,cin1 zu2 dong2,tshin-tsú-tóng,親子丼（tshin-tsú-tóng）
E:\008-datasets\mcv-scripted-nan-tw-v23.0\cv-corpus-23.0-2025-09-05\nan-tw\single_speaker\wavs\common_voice_nan-tw_32193036.wav,nan_tw_01,yue,鴨仔聽雷,aat1 aa2 tiann1 leoi4,ah-á thiann luî,鴨仔聽雷（ah-á thiann luî）
E:\008-datasets\mcv-scripted-nan-tw-v23.0\cv-corpus-23.0-2025-09-05\nan-tw\single_speaker\wavs\common_voice_nan-tw_32193037.wav,nan_tw_01,yue,二水,ji1 zeoi2,Jī-tsuí,二水（Jī-tsuí）
E:\008-datasets\mcv-scripted-nan-tw-v23.0\cv-corpus-23.0-2025-09-05\nan-tw\single_speaker\wavs\common_voice_nan-tw_32193038.wav,nan_tw_01,yue,㧣風搢水,du1 hong1 zinn3 zeoi2,tu-hong-tsìnn-tsuí,㧣風搢水（tu-hong-tsìnn-tsuí）
E:\008-datasets\mcv-scripted-nan-tw-v23.0\cv-corpus-23.0-2025-09-05\nan-tw\single_speaker\wavs\common_voice_nan-tw_32193039.wav,nan_tw_01,yue,油廠國小,iu4 ciunn2 gok1 soe2,Iû-tshiúnn Kok-sió,油廠國小（Iû-tshiúnn Kok-sió）
E:\008-datasets\mcv-scripted-nan-tw-v23.0\cv-corpus-23.0-2025-09-05\nan-tw\single_speaker\wavs\common_voice_nan-tw_32193045.wav,nan_tw_01,yue,移花接木,i4 haa1 zip1 bo̍k1,î-hua-tsiap-bo̍k,移花接木（î-hua-tsiap-bo̍k）
E:\008-datasets\mcv-scripted-nan-tw-v23.0\cv-corpus-23.0-2025-09-05\nan-tw\single_speaker\wavs\common_voice_nan-tw_32193047.wav,nan_tw_01,yue,貓仔上佮意臭臊的,niu1 aa2 sung1 gaat1 i3 caau3 co1 e4,Niau-á siōng kah-ì tshàu-tsho--ê,貓仔上佮意臭臊的（Niau-á siōng kah-ì tshàu-tsho--ê）
E:\008-datasets\mcv-scripted-nan-tw-v23.0\cv-corpus-23.0-2025-09-05\nan-tw\single_speaker\wavs\common_voice_nan-tw_32193048.wav,nan_tw_01,yue,老舖,laau2 poo3 |1 lo2 poo3,láu-phòo | ló-phòo,老舖（láu-phòo | ló-phòo）
E:\008-datasets\mcv-scripted-nan-tw-v23.0\cv-corpus-23.0-2025-09-05\nan-tw\single_speaker\wavs\common_voice_nan-tw_32193050.wav,nan_tw_01,yue,胮腫,hang3 zing2,hàng-tsíng,胮腫（hàng-tsíng）
E:\008-datasets\mcv-scripted-nan-tw-v23.0\cv-corpus-23.0-2025-09-05\nan-tw\single_speaker\wavs\common_voice_nan-tw_32193051.wav,nan_tw_01,yue,蔣經國,ziunn2 gang1 gok1,Tsiúnn Keng-kok,蔣經國（Tsiúnn Keng-kok）
E:\008-datasets\mcv-scripted-nan-tw-v23.0\cv-corpus-23.0-2025-09-05\nan-tw\single_speaker\wavs\common_voice_nan-tw_32193053.wav,nan_tw_01,yue,敢遮爾,gann2 ziah1 ni1,kánn-tsiah-nī,敢遮爾（kánn-tsiah-nī）
E:\008-datasets\mcv-scripted-nan-tw-v23.0\cv-corpus-23.0-2025-09-05\nan-tw\single_speaker\wavs\common_voice_nan-tw_32198869.wav,nan_tw_01,yue,蟯,goe4,giô,蟯（giô）
E:\008-datasets\mcv-scripted-nan-tw-v23.0\cv-corpus-23.0-2025-09-05\nan-tw\single_speaker\wavs\common_voice_nan-tw_32198870.wav,nan_tw_01,yue,三千,sam1 cin1,Sam-tshian,三千（Sam-tshian）
E:\008-datasets\mcv-scripted-nan-tw-v23.0\cv-corpus-23.0-2025-09-05\nan-tw\single_speaker\wavs\common_voice_nan-tw_32198871.wav,nan_tw_01,yue,卵包飯,nng1 baau1 bng1,nn̄g-pau-pn̄g,卵包飯（nn̄g-pau-pn̄g）
E:\008-datasets\mcv-scripted-nan-tw-v23.0\cv-corpus-23.0-2025-09-05\nan-tw\single_speaker\wavs\common_voice_nan-tw_32198872.wav,nan_tw_01,yue,懷生國中,haai4 sing1 gok1 dung1 |1 hoai4 sang1 gok1 dung1,Huâi-sing Kok-tiong | Hoâi-seng Kok-tiong,懷生國中（Huâi-sing Kok-tiong | Hoâi-seng Kok-tiong）
E:\008-datasets\mcv-scripted-nan-tw-v23.0\cv-corpus-23.0-2025-09-05\nan-tw\single_speaker\wavs\common_voice_nan-tw_32198873.wav,nan_tw_01,yue,毋通予豆油滴落來,m1 tang1 hoo1 daau1 iu4 dit1 lo̍h1 laai4,M̄-thang hōo tāu-iû tih--lo̍h-lâi,毋通予豆油滴落來（M̄-thang hōo tāu-iû tih--lo̍h-lâi）
E:\008-datasets\mcv-scripted-nan-tw-v23.0\cv-corpus-23.0-2025-09-05\nan-tw\single_speaker\wavs\common_voice_nan-tw_32198874.wav,nan_tw_01,yue,鹿谷鄉,lo̍k1 gok1 hung1,Lo̍k-kok-hiong,鹿谷鄉（Lo̍k-kok-hiong）
E:\008-datasets\mcv-scripted-nan-tw-v23.0\cv-corpus-23.0-2025-09-05\nan-tw\single_speaker\wavs\common_voice_nan-tw_32198875.wav,nan_tw_01,yue,把水,be2 zeoi2,pé-tsuí,把水（pé-tsuí）
E:\008-datasets\mcv-scripted-nan-tw-v23.0\cv-corpus-23.0-2025-09-05\nan-tw\single_speaker\wavs\common_voice_nan-tw_32198876.wav,nan_tw_01,yue,偷來黯去,taau1 laai4 am2 ki3,thau-lâi-ám-khì,偷來黯去（thau-lâi-ám-khì）
E:\008-datasets\mcv-scripted-nan-tw-v23.0\cv-corpus-23.0-2025-09-05\nan-tw\single_speaker\wavs\common_voice_nan-tw_32198877.wav,nan_tw_01,yue,紮走,zaat1 zaau2,tsah-tsáu,紮走（tsah-tsáu）
E:\008-datasets\mcv-scripted-nan-tw-v23.0\cv-corpus-23.0-2025-09-05\nan-tw\single_speaker\wavs\common_voice_nan-tw_32198878.wav,nan_tw_01,yue,快取,kaai3 cu2,khuài-tshú,快取（khuài-tshú）
E:\008-datasets\mcv-scripted-nan-tw-v23.0\cv-corpus-23.0-2025-09-05\nan-tw\single_speaker\wavs\common_voice_nan-tw_32198879.wav,nan_tw_01,yue,你足媠,li2 zuk1 seoi2,lí tsiok suí,你足媠（lí tsiok suí）
E:\008-datasets\mcv-scripted-nan-tw-v23.0\cv-corpus-23.0-2025-09-05\nan-tw\single_speaker\wavs\common_voice_nan-tw_32198880.wav,nan_tw_01,yue,達成目標,da̍t1 sing4 bo̍k1 biu1,ta̍t-sîng bo̍k-piau,達成目標（ta̍t-sîng bo̍k-piau）
E:\008-datasets\mcv-scripted-nan-tw-v23.0\cv-corpus-23.0-2025-09-05\nan-tw\single_speaker\wavs\common_voice_nan-tw_32198881.wav,nan_tw_01,yue,電腦仔批,din1 naau2 aa2 po1,tiān-náu-á phue,電腦仔批（tiān-náu-á phue）
E:\008-datasets\mcv-scripted-nan-tw-v23.0\cv-corpus-23.0-2025-09-05\nan-tw\single_speaker\wavs\common_voice_nan-tw_32198882.wav,nan_tw_01,yue,三重埔,sam1 dung4 boo1,Sam-tiông-poo,三重埔 （Sam-tiông-poo）
E:\008-datasets\mcv-scripted-nan-tw-v23.0\cv-corpus-23.0-2025-09-05\nan-tw\single_speaker\wavs\common_voice_nan-tw_32198883.wav,nan_tw_01,yue,廣西壯族自治區,gng2 saai1 zong3 zo̍k1 zu1 di1 ku1,Kńg-sai Tsòng-tso̍k Tsū-tī-khu,廣西壯族自治區（Kńg-sai Tsòng-tso̍k Tsū-tī-khu）
E:\008-datasets\mcv-scripted-nan-tw-v23.0\cv-corpus-23.0-2025-09-05\nan-tw\single_speaker\wavs\common_voice_nan-tw_32198884.wav,nan_tw_01,yue,你毋通佇遐空喙哺舌亂造話,li2 m1 tang1 di1 he1 kang1 ceoi3 boo1 zi̍h1 lun1 zo1 o1,Lí m̄-thang tī hia khang-tshuì-pōo-tsi̍h luān tsō-uē,你毋通佇遐空喙哺舌亂造話（Lí m̄-thang tī hia khang-tshuì-pōo-tsi̍h luān tsō-uē）
E:\008-datasets\mcv-scripted-nan-tw-v23.0\cv-corpus-23.0-2025-09-05\nan-tw\single_speaker\wavs\common_voice_nan-tw_32198885.wav,nan_tw_01,yue,學田,ha̍k1 din4,Ha̍k-tiân,學田（Ha̍k-tiân）
E:\008-datasets\mcv-scripted-nan-tw-v23.0\cv-corpus-23.0-2025-09-05\nan-tw\single_speaker\wavs\common_voice_nan-tw_32198886.wav,nan_tw_01,yue,番仔公館,hun1 aa2 gong1 gun2 |1 hoan1 aa2 gong1 goan2,Huan-á Kong-kuán | Hoan-á Kong-koán,番仔公館（Huan-á Kong-kuán | Hoan-á Kong-koán）
E:\008-datasets\mcv-scripted-nan-tw-v23.0\cv-corpus-23.0-2025-09-05\nan-tw\single_speaker\wavs\common_voice_nan-tw_32198887.wav,nan_tw_01,yue,齒弓,ki2 ging1,khí-king,齒弓（khí-king）
E:\008-datasets\mcv-scripted-nan-tw-v23.0\cv-corpus-23.0-2025-09-05\nan-tw\single_speaker\wavs\common_voice_nan-tw_32198888.wav,nan_tw_01,yue,領錢片,ne2 zinn4 pinn3,niá-tsînn-phìnn,領錢片（niá-tsînn-phìnn）
E:\008-datasets\mcv-scripted-nan-tw-v23.0\cv-corpus-23.0-2025-09-05\nan-tw\single_speaker\wavs\common_voice_nan-tw_38069395.wav,nan_tw_01,yue,雞豆,ge1 daau1,ke-tāu,雞豆（ke-tāu）
E:\008-datasets\mcv-scripted-nan-tw-v23.0\cv-corpus-23.0-2025-09-05\nan-tw\single_speaker\wavs\common_voice_nan-tw_38069396.wav,nan_tw_01,yue,門派,bun4 paai3 |1 mng4 paai3,bûn-phài | mn̂g-phài,門派（bûn-phài | mn̂g-phài）
E:\008-datasets\mcv-scripted-nan-tw-v23.0\cv-corpus-23.0-2025-09-05\nan-tw\single_speaker\wavs\common_voice_nan-tw_38069397.wav,nan_tw_01,yue,拍定,paat1 diann1,phah-tiānn,拍定（phah-tiānn）
E:\008-datasets\mcv-scripted-nan-tw-v23.0\cv-corpus-23.0-2025-09-05\nan-tw\single_speaker\wavs\common_voice_nan-tw_38069398.wav,nan_tw_01,yue,磺溪中橋,hong4 ke1 dung1 goe4,Hông-khe-tiong-kiô,磺溪中橋（Hông-khe-tiong-kiô）
E:\008-datasets\mcv-scripted-nan-tw-v23.0\cv-corpus-23.0-2025-09-05\nan-tw\single_speaker\wavs\common_voice_nan-tw_38069399.wav,nan_tw_01,yue,男友,lam4 iu2,lâm-iú,男友（lâm-iú）
E:\008-datasets\mcv-scripted-nan-tw-v23.0\cv-corpus-23.0-2025-09-05\nan-tw\single_speaker\wavs\common_voice_nan-tw_38069425.wav,nan_tw_01,yue,纏絆,dinn4 buann3,tînn-puànn,纏絆（tînn-puànn）
E:\008-datasets\mcv-scripted-nan-tw-v23.0\cv-corpus-23.0-2025-09-05\nan-tw\single_speaker\wavs\common_voice_nan-tw_38069426.wav,nan_tw_01,yue,伊無踏我个跤，我無踏伊个頭,i1 bo4 da̍h1 gaa2 e4 kaa1 gaa2 bo4 da̍h1 i1 e4 taau4,"i bô ta̍h guá-ê kha, guá bô ta̍h i-ê thâu","伊無踏我个跤，我無踏伊个頭（i bô ta̍h guá-ê kha, guá bô ta̍h i-ê thâu）"
E:\008-datasets\mcv-scripted-nan-tw-v23.0\cv-corpus-23.0-2025-09-05\nan-tw\single_speaker\wavs\common_voice_nan-tw_38069427.wav,nan_tw_01,yue,趨枋,cu1 bang1,tshu-pang,趨枋（tshu-pang）
E:\008-datasets\mcv-scripted-nan-tw-v23.0\cv-corpus-23.0-2025-09-05\nan-tw\single_speaker\wavs\common_voice_nan-tw_38069428.wav,nan_tw_01,yue,總鋪,zong2 poo1,tsóng-phoo,總鋪（tsóng-phoo）
E:\008-datasets\mcv-scripted-nan-tw-v23.0\cv-corpus-23.0-2025-09-05\nan-tw\single_speaker\wavs\common_voice_nan-tw_38069429.wav,nan_tw_01,yue,無字天書,bo4 ji1 tin1 su1,Bô jī thian-su,無字天書（Bô jī thian-su）
E:\008-datasets\mcv-scripted-nan-tw-v23.0\cv-corpus-23.0-2025-09-05\nan-tw\single_speaker\wavs\common_voice_nan-tw_38069452.wav,nan_tw_01,yue,毋捌寶,m1 bat1 bo2,m̄ bat pó,毋捌寶（m̄ bat pó）
E:\008-datasets\mcv-scripted-nan-tw-v23.0\cv-corpus-23.0-2025-09-05\nan-tw\single_speaker\wavs\common_voice_nan-tw_38069453.wav,nan_tw_01,yue,胎孕糖尿病,taai1 in1 tng4 joe1 benn1,thai-īn thn̂g-jiō-pēnn,胎孕糖尿病（thai-īn thn̂g-jiō-pēnn）
E:\008-datasets\mcv-scripted-nan-tw-v23.0\cv-corpus-23.0-2025-09-05\nan-tw\single_speaker\wavs\common_voice_nan-tw_38069454.wav,nan_tw_01,yue,凱旋中華,kaai2 sun4 dung1 haa4,Khái-suân Tiong-huâ,凱旋中華（Khái-suân Tiong-huâ）
E:\008-datasets\mcv-scripted-nan-tw-v23.0\cv-corpus-23.0-2025-09-05\nan-tw\single_speaker\wavs\common_voice_nan-tw_38069455.wav,nan_tw_01,yue,生髮油,sing1 hut1 iu4,sing-huat-iû,生髮油（sing-huat-iû）
E:\008-datasets\mcv-scripted-nan-tw-v23.0\cv-corpus-23.0-2025-09-05\nan-tw\single_speaker\wavs\common_voice_nan-tw_38069456.wav,nan_tw_01,yue,塗墼厝,too4 gat1 cu3,thôo-kat-tshù,塗墼厝（thôo-kat-tshù）
E:\008-datasets\mcv-scripted-nan-tw-v23.0\cv-corpus-23.0-2025-09-05\nan-tw\single_speaker\wavs\common_voice_nan-tw_38069463.wav,nan_tw_01,yue,顯靈,hin2 ling4,hián-lîng,顯靈（hián-lîng）
E:\008-datasets\mcv-scripted-nan-tw-v23.0\cv-corpus-23.0-2025-09-05\nan-tw\single_speaker\wavs\common_voice_nan-tw_38069465.wav,nan_tw_01,yue,厚篱㧎,gaau1 le1 ke4,kāu-lē-khê,厚篱㧎（kāu-lē-khê）
E:\008-datasets\mcv-scripted-nan-tw-v23.0\cv-corpus-23.0-2025-09-05\nan-tw\single_speaker\wavs\common_voice_nan-tw_38069466.wav,nan_tw_01,yue,釋迦佛,sik1 ge1 hu̍t1,Sik-kia-hu̍t,釋迦佛（Sik-kia-hu̍t）
E:\008-datasets\mcv-scripted-nan-tw-v23.0\cv-corpus-23.0-2025-09-05\nan-tw\single_speaker\wavs\common_voice_nan-tw_38069468.wav,nan_tw_01,yue,鹽寮,im4 liu4,Iâm-liâu,鹽寮（Iâm-liâu）
E:\008-datasets\mcv-scripted-nan-tw-v23.0\cv-corpus-23.0-2025-09-05\nan-tw\single_speaker\wavs\common_voice_nan-tw_38069469.wav,nan_tw_01,yue,鄘風,ung4 hong1,Iông-hong,鄘風（Iông-hong）
E:\008-datasets\mcv-scripted-nan-tw-v23.0\cv-corpus-23.0-2025-09-05\nan-tw\single_speaker\wavs\common_voice_nan-tw_38069487.wav,nan_tw_01,yue,日久他鄉成故鄉,ji̍t1 giu2 tann1 hung1 sing4 goo3 hung1,ji̍t kiú thann-hiong sîng kòo-hiong,日久他鄉成故鄉（ji̍t kiú thann-hiong sîng kòo-hiong）
E:\008-datasets\mcv-scripted-nan-tw-v23.0\cv-corpus-23.0-2025-09-05\nan-tw\single_speaker\wavs\common_voice_nan-tw_38069489.wav,nan_tw_01,yue,海蔬仔,haai2 se1 aa2,hái-se-á,海蔬仔（hái-se-á）
E:\008-datasets\mcv-scripted-nan-tw-v23.0\cv-corpus-23.0-2025-09-05\nan-tw\single_speaker\wavs\common_voice_nan-tw_38069491.wav,nan_tw_01,yue,水上鄉,cheoi2 sung1 hung1,Chúi-siōng-hiong,水上鄉（Chúi-siōng-hiong）
E:\008-datasets\mcv-scripted-nan-tw-v23.0\cv-corpus-23.0-2025-09-05\nan-tw\single_speaker\wavs\common_voice_nan-tw_38069492.wav,nan_tw_01,yue,有當著仔,u1 dang1 dio̍h1 aa2,ū-tang-tio̍h-á,有當著仔（ū-tang-tio̍h-á）
E:\008-datasets\mcv-scripted-nan-tw-v23.0\cv-corpus-23.0-2025-09-05\nan-tw\single_speaker\wavs\common_voice_nan-tw_38069494.wav,nan_tw_01,yue,間色,gainn3 sik1,kàinn-sik,間色（kàinn-sik）
E:\008-datasets\mcv-scripted-nan-tw-v23.0\cv-corpus-23.0-2025-09-05\nan-tw\single_speaker\wavs\common_voice_nan-tw_38069517.wav,nan_tw_01,yue,鰇魚糋,jiu4 hi4 zinn3,jiû-hî-tsìnn,鰇魚糋（jiû-hî-tsìnn）
E:\008-datasets\mcv-scripted-nan-tw-v23.0\cv-corpus-23.0-2025-09-05\nan-tw\single_speaker\wavs\common_voice_nan-tw_38069518.wav,nan_tw_01,yue,五級熱帶氣旋,goo1 gip1 jia̍t1 daai3 ki3 sun4,gōo kip jia̍t-tài khì-suân,五級熱帶氣旋（gōo kip jia̍t-tài khì-suân）
E:\008-datasets\mcv-scripted-nan-tw-v23.0\cv-corpus-23.0-2025-09-05\nan-tw\single_speaker\wavs\common_voice_nan-tw_38069519.wav,nan_tw_01,yue,建成國中,gin3 sing4 gok1 dung1 |1 gin3 sang4 gok1 dung1,Kiàn-sîng Kok-tiong | Kiàn-sêng Kok-tiong,建成國中（Kiàn-sîng Kok-tiong | Kiàn-sêng Kok-tiong）
E:\008-datasets\mcv-scripted-nan-tw-v23.0\cv-corpus-23.0-2025-09-05\nan-tw\single_speaker\wavs\common_voice_nan-tw_38069520.wav,nan_tw_01,yue,東門圓環,dang1 mng4 inn4 kun4,Tang-mn̂g-înn-khuân,東門圓環（Tang-mn̂g-înn-khuân）
E:\008-datasets\mcv-scripted-nan-tw-v23.0\cv-corpus-23.0-2025-09-05\nan-tw\single_speaker\wavs\common_voice_nan-tw_38069521.wav,nan_tw_01,yue,伊?山的時陣,i1 bet1 suann1 e4 si4 zun1,I peh-suann ê sî-tsūn,伊?山的時陣（I peh-suann ê sî-tsūn）
E:\008-datasets\mcv-scripted-nan-tw-v23.0\cv-corpus-23.0-2025-09-05\nan-tw\single_speaker\wavs\common_voice_nan-tw_38069550.wav,nan_tw_01,yue,遠端教學,hng1 dun1 gaau3 ha̍k1,hn̄g-tuan kàu-ha̍k,遠端教學（hn̄g-tuan kàu-ha̍k）
E:\008-datasets\mcv-scripted-nan-tw-v23.0\cv-corpus-23.0-2025-09-05\nan-tw\single_speaker\wavs\common_voice_nan-tw_38069551.wav,nan_tw_01,yue,三叉河,sam1 ce1 ho4 |1 sann1 ce1 ho4,Sam-tshe-hô | Sann-tshe-hô,三叉河 （Sam-tshe-hô | Sann-tshe-hô）
E:\008-datasets\mcv-scripted-nan-tw-v23.0\cv-corpus-23.0-2025-09-05\nan-tw\single_speaker\wavs\common_voice_nan-tw_38069552.wav,nan_tw_01,yue,喙踏脫,ceoi3 da̍h1 tut1,tshuì ta̍h thut,喙踏脫（tshuì ta̍h thut）
E:\008-datasets\mcv-scripted-nan-tw-v23.0\cv-corpus-23.0-2025-09-05\nan-tw\single_speaker\wavs\common_voice_nan-tw_38069553.wav,nan_tw_01,yue,猶會使,iu2 e1 saai2,iáu--ē-sái,猶會使（iáu--ē-sái）
E:\008-datasets\mcv-scripted-nan-tw-v23.0\cv-corpus-23.0-2025-09-05\nan-tw\single_speaker\wavs\common_voice_nan-tw_38069554.wav,nan_tw_01,yue,聽候鼎熱的時，愛趕緊下油落去,ting3 haau1 diann2 jia̍t1 e4 si4 aai3 guann2 gin2 he1 iu4 lo̍h1 ki3,"Thìng-hāu tiánn jia̍t ê sî, ài kuánn-kín hē iû lo̍h--khì","聽候鼎熱的時，愛趕緊下油落去（Thìng-hāu tiánn jia̍t ê sî, ài kuánn-kín hē iû lo̍h--khì）"
E:\008-datasets\mcv-scripted-nan-tw-v23.0\cv-corpus-23.0-2025-09-05\nan-tw\single_speaker\wavs\common_voice_nan-tw_38069580.wav,nan_tw_01,yue,飄送,piu1 sang3,phiau-sàng,飄送（phiau-sàng）
E:\008-datasets\mcv-scripted-nan-tw-v23.0\cv-corpus-23.0-2025-09-05\nan-tw\single_speaker\wavs\common_voice_nan-tw_38069581.wav,nan_tw_01,yue,心內的歌,sim1 laai1 e4 gaa1,Sim-lāi ê kua,心內的歌（Sim-lāi ê kua）
E:\008-datasets\mcv-scripted-nan-tw-v23.0\cv-corpus-23.0-2025-09-05\nan-tw\single_speaker\wavs\common_voice_nan-tw_38069582.wav,nan_tw_01,yue,賊,zi̍k1,tsi̍k,賊（tsi̍k）
E:\008-datasets\mcv-scripted-nan-tw-v23.0\cv-corpus-23.0-2025-09-05\nan-tw\single_speaker\wavs\common_voice_nan-tw_38069583.wav,nan_tw_01,yue,烈嶼鄉,lia̍t1 su1 hung1,Lia̍t-sū-hiong,烈嶼鄉（Lia̍t-sū-hiong）
E:\008-datasets\mcv-scripted-nan-tw-v23.0\cv-corpus-23.0-2025-09-05\nan-tw\single_speaker\wavs\common_voice_nan-tw_38069584.wav,nan_tw_01,yue,後驛,aau1 ia̍h1,āu-ia̍h,後驛（āu-ia̍h）
E:\008-datasets\mcv-scripted-nan-tw-v23.0\cv-corpus-23.0-2025-09-05\nan-tw\single_speaker\wavs\common_voice_nan-tw_38069590.wav,nan_tw_01,yue,倒向,do3 hiann3,tò-hiànn,倒向（tò-hiànn）
E:\008-datasets\mcv-scripted-nan-tw-v23.0\cv-corpus-23.0-2025-09-05\nan-tw\single_speaker\wavs\common_voice_nan-tw_38069591.wav,nan_tw_01,yue,大稻埕,daa1 diu1 diann4,Tuā-tiū-tiânn,大稻埕（Tuā-tiū-tiânn）
E:\008-datasets\mcv-scripted-nan-tw-v23.0\cv-corpus-23.0-2025-09-05\nan-tw\single_speaker\wavs\common_voice_nan-tw_38069592.wav,nan_tw_01,yue,三弦,sam1 hin4,sam-hiân,三弦 （sam-hiân）
E:\008-datasets\mcv-scripted-nan-tw-v23.0\cv-corpus-23.0-2025-09-05\nan-tw\single_speaker\wavs\common_voice_nan-tw_38069593.wav,nan_tw_01,yue,指頭仔,zing2 taau4 aa2,tsíng-thâu-á,指頭仔（tsíng-thâu-á）
E:\008-datasets\mcv-scripted-nan-tw-v23.0\cv-corpus-23.0-2025-09-05\nan-tw\single_speaker\wavs\common_voice_nan-tw_38069594.wav,nan_tw_01,yue,吼面,haau2 bin1,háu-bīn,吼面（háu-bīn）
E:\008-datasets\mcv-scripted-nan-tw-v23.0\cv-corpus-23.0-2025-09-05\nan-tw\single_speaker\wavs\common_voice_nan-tw_38069605.wav,nan_tw_01,yue,到塊,gaau3 de3,kàu-tè,到塊（kàu-tè）
E:\008-datasets\mcv-scripted-nan-tw-v23.0\cv-corpus-23.0-2025-09-05\nan-tw\single_speaker\wavs\common_voice_nan-tw_38069606.wav,nan_tw_01,yue,熱貫,jia̍t1 gun3,jia̍t-kuàn,熱貫（jia̍t-kuàn）
E:\008-datasets\mcv-scripted-nan-tw-v23.0\cv-corpus-23.0-2025-09-05\nan-tw\single_speaker\wavs\common_voice_nan-tw_38069607.wav,nan_tw_01,yue,大聲的,daa1 siann1 e4,tuā-siann--ê,大聲的 （tuā-siann--ê）
E:\008-datasets\mcv-scripted-nan-tw-v23.0\cv-corpus-23.0-2025-09-05\nan-tw\single_speaker\wavs\common_voice_nan-tw_38069608.wav,nan_tw_01,yue,悶悶不樂,bun1 bun1 but1 lo̍k1,būn-būn-put-lo̍k,悶悶不樂（būn-būn-put-lo̍k）
E:\008-datasets\mcv-scripted-nan-tw-v23.0\cv-corpus-23.0-2025-09-05\nan-tw\single_speaker\wavs\common_voice_nan-tw_38069609.wav,nan_tw_01,yue,男演員,lam4 in2 un4,lâm-ián-uân,男演員（lâm-ián-uân）
E:\008-datasets\mcv-scripted-nan-tw-v23.0\cv-corpus-23.0-2025-09-05\nan-tw\single_speaker\wavs\common_voice_nan-tw_38069620.wav,nan_tw_01,yue,大鼎菜,daa1 diann2 caai3,tuā-tiánn-tshài,大鼎菜 （tuā-tiánn-tshài）
E:\008-datasets\mcv-scripted-nan-tw-v23.0\cv-corpus-23.0-2025-09-05\nan-tw\single_speaker\wavs\common_voice_nan-tw_38069621.wav,nan_tw_01,yue,金山高中,gim1 suann1 go1 dung1 |1 gim1 soa1 go1 dung1,Kim-suann Ko-tiong | Kim-soaⁿ Ko-tiong,金山高中（Kim-suann Ko-tiong | Kim-soaⁿ Ko-tiong）
E:\008-datasets\mcv-scripted-nan-tw-v23.0\cv-corpus-23.0-2025-09-05\nan-tw\single_speaker\wavs\common_voice_nan-tw_38069622.wav,nan_tw_01,yue,林菝仔汁,naa2 ba̍t1 aa2 zip1 |1 naa2 bua̍t1 aa2 zip1,ná-pa̍t-á-tsiap | ná-pua̍t-á-tsiap,林菝仔汁（ná-pa̍t-á-tsiap | ná-pua̍t-á-tsiap）
E:\008-datasets\mcv-scripted-nan-tw-v23.0\cv-corpus-23.0-2025-09-05\nan-tw\single_speaker\wavs\common_voice_nan-tw_38069623.wav,nan_tw_01,yue,阮毋是一个無感情的人,gun2 m1 si1 zi̍t1 e4 bo4 gam2 zing4 e4 lang4,Gún m̄-sī tsi̍t-ê bô-kám-tsîng ê lâng,阮毋是一个無感情的人（Gún m̄-sī tsi̍t-ê bô-kám-tsîng ê lâng）
E:\008-datasets\mcv-scripted-nan-tw-v23.0\cv-corpus-23.0-2025-09-05\nan-tw\single_speaker\wavs\common_voice_nan-tw_43282968.wav,nan_tw_01,yue,鋪,poo1,phoo,鋪（phoo）
E:\008-datasets\mcv-scripted-nan-tw-v23.0\cv-corpus-23.0-2025-09-05\nan-tw\single_speaker\wavs\common_voice_nan-tw_43282974.wav,nan_tw_01,yue,抓,jiu3 |1 liu3,jiàu | liàu,抓（jiàu | liàu）
E:\008-datasets\mcv-scripted-nan-tw-v23.0\cv-corpus-23.0-2025-09-05\nan-tw\single_speaker\wavs\common_voice_nan-tw_43282975.wav,nan_tw_01,yue,頇顢,han4 ban1,hân-bān,頇顢（hân-bān）
E:\008-datasets\mcv-scripted-nan-tw-v23.0\cv-corpus-23.0-2025-09-05\nan-tw\single_speaker\wavs\common_voice_nan-tw_43282981.wav,nan_tw_01,yue,啊若,aat1 naa1,ah nā,啊若（ah nā）
E:\008-datasets\mcv-scripted-nan-tw-v23.0\cv-corpus-23.0-2025-09-05\nan-tw\single_speaker\wavs\common_voice_nan-tw_43282990.wav,nan_tw_01,yue,喔,ooh1,ooh,喔（ooh）
E:\008-datasets\mcv-scripted-nan-tw-v23.0\cv-corpus-23.0-2025-09-05\nan-tw\single_speaker\wavs\common_voice_nan-tw_43282991.wav,nan_tw_01,yue,注,du3,tù,注（tù）
E:\008-datasets\mcv-scripted-nan-tw-v23.0\cv-corpus-23.0-2025-09-05\nan-tw\single_speaker\wavs\common_voice_nan-tw_43283089.wav,nan_tw_01,yue,齊,ziu4,tsiâu,齊（tsiâu）
E:\008-datasets\mcv-scripted-nan-tw-v23.0\cv-corpus-23.0-2025-09-05\nan-tw\single_speaker\wavs\common_voice_nan-tw_43283093.wav,nan_tw_01,yue,拍算,paat1 sng3,phah-sǹg,拍算（phah-sǹg）
E:\008-datasets\mcv-scripted-nan-tw-v23.0\cv-corpus-23.0-2025-09-05\nan-tw\single_speaker\wavs\common_voice_nan-tw_43283105.wav,nan_tw_01,yue,快活,kuinn3 ua̍h1 |1 kuann3 ua̍h1 |1 kuainn3 ua̍h1,khuìnn-ua̍h | khuànn-ua̍h | khuàinn-ua̍h,快活（khuìnn-ua̍h | khuànn-ua̍h | khuàinn-ua̍h）
E:\008-datasets\mcv-scripted-nan-tw-v23.0\cv-corpus-23.0-2025-09-05\nan-tw\single_speaker\wavs\common_voice_nan-tw_43283114.wav,nan_tw_01,yue,緊,gin2,kín,緊（kín）
E:\008-datasets\mcv-scripted-nan-tw-v23.0\cv-corpus-23.0-2025-09-05\nan-tw\single_speaker\wavs\common_voice_nan-tw_43283122.wav,nan_tw_01,yue,到,gaau3,kàu,到（kàu）
E:\008-datasets\mcv-scripted-nan-tw-v23.0\cv-corpus-23.0-2025-09-05\nan-tw\single_speaker\wavs\common_voice_nan-tw_43283132.wav,nan_tw_01,yue,軀,su1,su,軀（su）
E:\008-datasets\mcv-scripted-nan-tw-v23.0\cv-corpus-23.0-2025-09-05\nan-tw\single_speaker\wavs\common_voice_nan-tw_43283144.wav,nan_tw_01,yue,掀,hin1,hian,掀（hian）
E:\008-datasets\mcv-scripted-nan-tw-v23.0\cv-corpus-23.0-2025-09-05\nan-tw\single_speaker\wavs\common_voice_nan-tw_43283146.wav,nan_tw_01,yue,倩,ciann3,tshiànn,倩（tshiànn）
E:\008-datasets\mcv-scripted-nan-tw-v23.0\cv-corpus-23.0-2025-09-05\nan-tw\single_speaker\wavs\common_voice_nan-tw_43283148.wav,nan_tw_01,yue,入,ji̍p1 |1 li̍p1,ji̍p | li̍p,入（ji̍p | li̍p）
E:\008-datasets\mcv-scripted-nan-tw-v23.0\cv-corpus-23.0-2025-09-05\nan-tw\single_speaker\wavs\common_voice_nan-tw_43283164.wav,nan_tw_01,yue,烏暗,oo1 am3,oo-àm,烏暗（oo-àm）
E:\008-datasets\mcv-scripted-nan-tw-v23.0\cv-corpus-23.0-2025-09-05\nan-tw\single_speaker\wavs\common_voice_nan-tw_43283169.wav,nan_tw_01,yue,生份,cenn1 hun1 |1 cinn1 hun1 |1 senn1 hun1 |1 sinn1 hun1,tshenn-hūn | tshinn-hūn | senn-hūn | sinn-hūn,生份（tshenn-hūn | tshinn-hūn | senn-hūn | sinn-hūn）
E:\008-datasets\mcv-scripted-nan-tw-v23.0\cv-corpus-23.0-2025-09-05\nan-tw\single_speaker\wavs\common_voice_nan-tw_43283180.wav,nan_tw_01,yue,才閣,ziah1 got1,tsiah-koh,才閣（tsiah-koh）
E:\008-datasets\mcv-scripted-nan-tw-v23.0\cv-corpus-23.0-2025-09-05\nan-tw\single_speaker\wavs\common_voice_nan-tw_43283190.wav,nan_tw_01,yue,袂當,be1 dang3 |1 bo1 dang3,bē-tàng | buē-tàng,袂當（bē-tàng | buē-tàng）
E:\008-datasets\mcv-scripted-nan-tw-v23.0\cv-corpus-23.0-2025-09-05\nan-tw\single_speaker\wavs\common_voice_nan-tw_43283192.wav,nan_tw_01,yue,斟,tin4,thîn,斟（thîn）
E:\008-datasets\mcv-scripted-nan-tw-v23.0\cv-corpus-23.0-2025-09-05\nan-tw\single_speaker\wavs\common_voice_nan-tw_43283216.wav,nan_tw_01,yue,大官,daa1 guann1,ta-kuann,大官（ta-kuann）
E:\008-datasets\mcv-scripted-nan-tw-v23.0\cv-corpus-23.0-2025-09-05\nan-tw\single_speaker\wavs\common_voice_nan-tw_43283234.wav,nan_tw_01,yue,爍爁,sit1 naat1 |1 sit1 naa3 |1 sinnh1 naa3,sih-nah | sih-nà | sinnh-nà,爍爁（sih-nah | sih-nà | sinnh-nà）
