E:\008-datasets\mcv-scripted-nan-tw-v23.0\cv-corpus-23.0-2025-09-05\nan-tw\single_speaker\wavs\common_voice_nan-tw_32135920.wav|nan_tw_01|yue|gong1 gun2 |1 gong1 goan2
E:\008-datasets\mcv-scripted-nan-tw-v23.0\cv-corpus-23.0-2025-09-05\nan-tw\single_speaker\wavs\common_voice_nan-tw_32135921.wav|nan_tw_01|yue|sam1 gun1 ngoo2 hok1
E:\008-datasets\mcv-scripted-nan-tw-v23.0\cv-corpus-23.0-2025-09-05\nan-tw\single_speaker\wavs\common_voice_nan-tw_32135922.wav|nan_tw_01|yue|sin1 tang4 aa2
E:\008-datasets\mcv-scripted-nan-tw-v23.0\cv-corpus-23.0-2025-09-05\nan-tw\single_speaker\wavs\common_voice_nan-tw_32135923.wav|nan_tw_01|yue|hun2 kong3 gi4
E:\008-datasets\mcv-scripted-nan-tw-v23.0\cv-corpus-23.0-2025-09-05\nan-tw\single_speaker\wavs\common_voice_nan-tw_32135924.wav|nan_tw_01|yue|mng4 cuah1
E:\008-datasets\mcv-scripted-nan-tw-v23.0\cv-corpus-23.0-2025-09-05\nan-tw\single_speaker\wavs\common_voice_nan-tw_32135925.wav|nan_tw_01|yue|za̍p1 sann1 goo2
E:\008-datasets\mcv-scripted-nan-tw-v23.0\cv-corpus-23.0-2025-09-05\nan-tw\single_speaker\wavs\common_voice_nan-tw_32135926.wav|nan_tw_01|yue|suann1 pinn1 aa2
E:\008-datasets\mcv-scripted-nan-tw-v23.0\cv-corpus-23.0-2025-09-05\nan-tw\single_speaker\wavs\common_voice_nan-tw_32135927.wav|nan_tw_01|yue|am1 beoi3
E:\008-datasets\mcv-scripted-nan-tw-v23.0\cv-corpus-23.0-2025-09-05\nan-tw\single_speaker\wavs\common_voice_nan-tw_32135928.wav|nan_tw_01|yue|bi̍t1 bo4 kinn1 |1 bi̍t1 bo4 kin1
E:\008-datasets\mcv-scripted-nan-tw-v23.0\cv-corpus-23.0-2025-09-05\nan-tw\single_speaker\wavs\common_voice_nan-tw_32135929.wav|nan_tw_01|yue|ging3 si1 ding1
E:\008-datasets\mcv-scripted-nan-tw-v23.0\cv-corpus-23.0-2025-09-05\nan-tw\single_speaker\wavs\common_voice_nan-tw_32135930.wav|nan_tw_01|yue|go1 iu4 gu1 |1 ge1 iu4 gu1 |1 gere1 iu4 gu1
E:\008-datasets\mcv-scripted-nan-tw-v23.0\cv-corpus-23.0-2025-09-05\nan-tw\single_speaker\wavs\common_voice_nan-tw_32135931.wav|nan_tw_01|yue|siunn1 bet1 |1 siunn1 bot1
E:\008-datasets\mcv-scripted-nan-tw-v23.0\cv-corpus-23.0-2025-09-05\nan-tw\single_speaker\wavs\common_voice_nan-tw_32135932.wav|nan_tw_01|yue|sung1 aai3
E:\008-datasets\mcv-scripted-nan-tw-v23.0\cv-corpus-23.0-2025-09-05\nan-tw\single_speaker\wavs\common_voice_nan-tw_32135933.wav|nan_tw_01|yue|bo4 iu3 i3
E:\008-datasets\mcv-scripted-nan-tw-v23.0\cv-corpus-23.0-2025-09-05\nan-tw\single_speaker\wavs\common_voice_nan-tw_32135934.wav|nan_tw_01|yue|gio̍k1 too3
E:\008-datasets\mcv-scripted-nan-tw-v23.0\cv-corpus-23.0-2025-09-05\nan-tw\single_speaker\wavs\common_voice_nan-tw_32135935.wav|nan_tw_01|yue|cun1 hi4
E:\008-datasets\mcv-scripted-nan-tw-v23.0\cv-corpus-23.0-2025-09-05\nan-tw\single_speaker\wavs\common_voice_nan-tw_32135936.wav|nan_tw_01|yue|zun4 ban1
E:\008-datasets\mcv-scripted-nan-tw-v23.0\cv-corpus-23.0-2025-09-05\nan-tw\single_speaker\wavs\common_voice_nan-tw_32135937.wav|nan_tw_01|yue|gaau1 goo2
E:\008-datasets\mcv-scripted-nan-tw-v23.0\cv-corpus-23.0-2025-09-05\nan-tw\single_speaker\wavs\common_voice_nan-tw_32135938.wav|nan_tw_01|yue|li4 meoi1 bong2 lung2
E:\008-datasets\mcv-scripted-nan-tw-v23.0\cv-corpus-23.0-2025-09-05\nan-tw\single_speaker\wavs\common_voice_nan-tw_32135939.wav|nan_tw_01|yue|gin2 aa2 sin1 ban1 daa1 sin1
E:\008-datasets\mcv-scripted-nan-tw-v23.0\cv-corpus-23.0-2025-09-05\nan-tw\single_speaker\wavs\common_voice_nan-tw_32135940.wav|nan_tw_01|yue|dang4 sin1
E:\008-datasets\mcv-scripted-nan-tw-v23.0\cv-corpus-23.0-2025-09-05\nan-tw\single_speaker\wavs\common_voice_nan-tw_32135941.wav|nan_tw_01|yue|hun1 taau4
E:\008-datasets\mcv-scripted-nan-tw-v23.0\cv-corpus-23.0-2025-09-05\nan-tw\single_speaker\wavs\common_voice_nan-tw_32135942.wav|nan_tw_01|yue|sann1 kaa1 bit1
E:\008-datasets\mcv-scripted-nan-tw-v23.0\cv-corpus-23.0-2025-09-05\nan-tw\single_speaker\wavs\common_voice_nan-tw_32135943.wav|nan_tw_01|yue|ho2 kit1 aa2
E:\008-datasets\mcv-scripted-nan-tw-v23.0\cv-corpus-23.0-2025-09-05\nan-tw\single_speaker\wavs\common_voice_nan-tw_32135944.wav|nan_tw_01|yue|giu2 e1 bua̍h1 saai2 maa1 e1 zia̍h1 dit1
E:\008-datasets\mcv-scripted-nan-tw-v23.0\cv-corpus-23.0-2025-09-05\nan-tw\single_speaker\wavs\common_voice_nan-tw_32135945.wav|nan_tw_01|yue|aa1 li2 su2
E:\008-datasets\mcv-scripted-nan-tw-v23.0\cv-corpus-23.0-2025-09-05\nan-tw\single_speaker\wavs\common_voice_nan-tw_32135946.wav|nan_tw_01|yue|din3 cenn1
E:\008-datasets\mcv-scripted-nan-tw-v23.0\cv-corpus-23.0-2025-09-05\nan-tw\single_speaker\wavs\common_voice_nan-tw_32135947.wav|nan_tw_01|yue|git1 naa4
E:\008-datasets\mcv-scripted-nan-tw-v23.0\cv-corpus-23.0-2025-09-05\nan-tw\single_speaker\wavs\common_voice_nan-tw_32135948.wav|nan_tw_01|yue|am3 ho1 ho3 be3
E:\008-datasets\mcv-scripted-nan-tw-v23.0\cv-corpus-23.0-2025-09-05\nan-tw\single_speaker\wavs\common_voice_nan-tw_32135949.wav|nan_tw_01|yue|ceoi3 si1 hong1 ji1 si1 zong1
E:\008-datasets\mcv-scripted-nan-tw-v23.0\cv-corpus-23.0-2025-09-05\nan-tw\single_speaker\wavs\common_voice_nan-tw_32135950.wav|nan_tw_01|yue|un4 eoi1 ji1
E:\008-datasets\mcv-scripted-nan-tw-v23.0\cv-corpus-23.0-2025-09-05\nan-tw\single_speaker\wavs\common_voice_nan-tw_32135951.wav|nan_tw_01|yue|paat1 bo̍k1 laa2 zo̍k1
E:\008-datasets\mcv-scripted-nan-tw-v23.0\cv-corpus-23.0-2025-09-05\nan-tw\single_speaker\wavs\common_voice_nan-tw_32135952.wav|nan_tw_01|yue|zeoi2 zuann1 aa2
E:\008-datasets\mcv-scripted-nan-tw-v23.0\cv-corpus-23.0-2025-09-05\nan-tw\single_speaker\wavs\common_voice_nan-tw_32135953.wav|nan_tw_01|yue|un4 aa2 tang4
E:\008-datasets\mcv-scripted-nan-tw-v23.0\cv-corpus-23.0-2025-09-05\nan-tw\single_speaker\wavs\common_voice_nan-tw_32135954.wav|nan_tw_01|yue|zi̍t1 hun4 zi̍t1 ji1 hun4 ji1
E:\008-datasets\mcv-scripted-nan-tw-v23.0\cv-corpus-23.0-2025-09-05\nan-tw\single_speaker\wavs\common_voice_nan-tw_32135955.wav|nan_tw_01|yue|chng1 dang2 lo͘1
E:\008-datasets\mcv-scripted-nan-tw-v23.0\cv-corpus-23.0-2025-09-05\nan-tw\single_speaker\wavs\common_voice_nan-tw_32135956.wav|nan_tw_01|yue|giu4 sin4 mng1 bu̍t1
E:\008-datasets\mcv-scripted-nan-tw-v23.0\cv-corpus-23.0-2025-09-05\nan-tw\single_speaker\wavs\common_voice_nan-tw_32135957.wav|nan_tw_01|yue|bi1 aa2 kaa1
E:\008-datasets\mcv-scripted-nan-tw-v23.0\cv-corpus-23.0-2025-09-05\nan-tw\single_speaker\wavs\common_voice_nan-tw_32135958.wav|nan_tw_01|yue|ding2 liu4
E:\008-datasets\mcv-scripted-nan-tw-v23.0\cv-corpus-23.0-2025-09-05\nan-tw\single_speaker\wavs\common_voice_nan-tw_32135959.wav|nan_tw_01|yue|sing3 git1 si̍k1
E:\008-datasets\mcv-scripted-nan-tw-v23.0\cv-corpus-23.0-2025-09-05\nan-tw\single_speaker\wavs\common_voice_nan-tw_32135960.wav|nan_tw_01|yue|cung1 ang4 ding1
E:\008-datasets\mcv-scripted-nan-tw-v23.0\cv-corpus-23.0-2025-09-05\nan-tw\single_speaker\wavs\common_voice_nan-tw_32135961.wav|nan_tw_01|yue|taai3 sung1 lo2 gun1
E:\008-datasets\mcv-scripted-nan-tw-v23.0\cv-corpus-23.0-2025-09-05\nan-tw\single_speaker\wavs\common_voice_nan-tw_32135962.wav|nan_tw_01|yue|hu3 ung4 sing1 taai3 gong1 hng4
E:\008-datasets\mcv-scripted-nan-tw-v23.0\cv-corpus-23.0-2025-09-05\nan-tw\single_speaker\wavs\common_voice_nan-tw_32135963.wav|nan_tw_01|yue|so3 ceoi3 oo4 |1 se3 ceoi3 oo4
E:\008-datasets\mcv-scripted-nan-tw-v23.0\cv-corpus-23.0-2025-09-05\nan-tw\single_speaker\wavs\common_voice_nan-tw_32135964.wav|nan_tw_01|yue|gim1 haa4 gong1 hng4
E:\008-datasets\mcv-scripted-nan-tw-v23.0\cv-corpus-23.0-2025-09-05\nan-tw\single_speaker\wavs\common_voice_nan-tw_32135975.wav|nan_tw_01|yue|la̍t1 bi2 gok1
E:\008-datasets\mcv-scripted-nan-tw-v23.0\cv-corpus-23.0-2025-09-05\nan-tw\single_speaker\wavs\common_voice_nan-tw_32135976.wav|nan_tw_01|yue|suann1 gu4 gang2
E:\008-datasets\mcv-scripted-nan-tw-v23.0\cv-corpus-23.0-2025-09-05\nan-tw\single_speaker\wavs\common_voice_nan-tw_32135977.wav|nan_tw_01|yue|bia̍t1 ho2 |1 bia̍t1 he2
E:\008-datasets\mcv-scripted-nan-tw-v23.0\cv-corpus-23.0-2025-09-05\nan-tw\single_speaker\wavs\common_voice_nan-tw_32135978.wav|nan_tw_01|yue|za̍p1 zainn2 tang3 sim1 guann1
E:\008-datasets\mcv-scripted-nan-tw-v23.0\cv-corpus-23.0-2025-09-05\nan-tw\single_speaker\wavs\common_voice_nan-tw_32135979.wav|nan_tw_01|yue|me4 ho1 biu2 maa1 let1 bet1 ing1 liu2
E:\008-datasets\mcv-scripted-nan-tw-v23.0\cv-corpus-23.0-2025-09-05\nan-tw\single_speaker\wavs\common_voice_nan-tw_32135980.wav|nan_tw_01|yue|zaa1 boo2 giann2 ci1 daa1 ba̍t1 lang4 e4
E:\008-datasets\mcv-scripted-nan-tw-v23.0\cv-corpus-23.0-2025-09-05\nan-tw\single_speaker\wavs\common_voice_nan-tw_32135981.wav|nan_tw_01|yue|daai4 bak1
E:\008-datasets\mcv-scripted-nan-tw-v23.0\cv-corpus-23.0-2025-09-05\nan-tw\single_speaker\wavs\common_voice_nan-tw_32135982.wav|nan_tw_01|yue|gong1 hoo2 gaa1 paau3 zaa2
E:\008-datasets\mcv-scripted-nan-tw-v23.0\cv-corpus-23.0-2025-09-05\nan-tw\single_speaker\wavs\common_voice_nan-tw_32135983.wav|nan_tw_01|yue|zioh1 dio̍h1
E:\008-datasets\mcv-scripted-nan-tw-v23.0\cv-corpus-23.0-2025-09-05\nan-tw\single_speaker\wavs\common_voice_nan-tw_32135984.wav|nan_tw_01|yue|loeng4 koeng1 aa2 o1
E:\008-datasets\mcv-scripted-nan-tw-v23.0\cv-corpus-23.0-2025-09-05\nan-tw\single_speaker\wavs\common_voice_nan-tw_32135985.wav|nan_tw_01|yue|ding1 san1 ket1
E:\008-datasets\mcv-scripted-nan-tw-v23.0\cv-corpus-23.0-2025-09-05\nan-tw\single_speaker\wavs\common_voice_nan-tw_32135986.wav|nan_tw_01|yue|aa1 bun2 aa2
E:\008-datasets\mcv-scripted-nan-tw-v23.0\cv-corpus-23.0-2025-09-05\nan-tw\single_speaker\wavs\common_voice_nan-tw_32135987.wav|nan_tw_01|yue|taau4 ham4
E:\008-datasets\mcv-scripted-nan-tw-v23.0\cv-corpus-23.0-2025-09-05\nan-tw\single_speaker\wavs\common_voice_nan-tw_32135988.wav|nan_tw_01|yue|i1 i2 ging1 do3 dng2 ki3 e1 gang2 aat1
E:\008-datasets\mcv-scripted-nan-tw-v23.0\cv-corpus-23.0-2025-09-05\nan-tw\single_speaker\wavs\common_voice_nan-tw_32135989.wav|nan_tw_01|yue|kim3 ho3
E:\008-datasets\mcv-scripted-nan-tw-v23.0\cv-corpus-23.0-2025-09-05\nan-tw\single_speaker\wavs\common_voice_nan-tw_32135990.wav|nan_tw_01|yue|cin1 gaat1 |1 chhin1 gaat1
E:\008-datasets\mcv-scripted-nan-tw-v23.0\cv-corpus-23.0-2025-09-05\nan-tw\single_speaker\wavs\common_voice_nan-tw_32135991.wav|nan_tw_01|yue|zaai1 li2 giann4
E:\008-datasets\mcv-scripted-nan-tw-v23.0\cv-corpus-23.0-2025-09-05\nan-tw\single_speaker\wavs\common_voice_nan-tw_32135992.wav|nan_tw_01|yue|tun4 benn1 bang2 |1 tun4 binn1 bang2
E:\008-datasets\mcv-scripted-nan-tw-v23.0\cv-corpus-23.0-2025-09-05\nan-tw\single_speaker\wavs\common_voice_nan-tw_32135993.wav|nan_tw_01|yue|goo1 ku̍t1 e4
E:\008-datasets\mcv-scripted-nan-tw-v23.0\cv-corpus-23.0-2025-09-05\nan-tw\single_speaker\wavs\common_voice_nan-tw_32135994.wav|nan_tw_01|yue|ge1 si̍t1 |1 go1 si̍t1
E:\008-datasets\mcv-scripted-nan-tw-v23.0\cv-corpus-23.0-2025-09-05\nan-tw\single_speaker\wavs\common_voice_nan-tw_32135995.wav|nan_tw_01|yue|zaai1 zi̍h1 |1 zuainn1 zi̍h1
E:\008-datasets\mcv-scripted-nan-tw-v23.0\cv-corpus-23.0-2025-09-05\nan-tw\single_speaker\wavs\common_voice_nan-tw_32135996.wav|nan_tw_01|yue|ciu4 ge3 siu3
E:\008-datasets\mcv-scripted-nan-tw-v23.0\cv-corpus-23.0-2025-09-05\nan-tw\single_speaker\wavs\common_voice_nan-tw_32135997.wav|nan_tw_01|yue|be̍h1 hinn1 lung4
E:\008-datasets\mcv-scripted-nan-tw-v23.0\cv-corpus-23.0-2025-09-05\nan-tw\single_speaker\wavs\common_voice_nan-tw_32135998.wav|nan_tw_01|yue|li1 sng1 haa3 tuann3 soo3
E:\008-datasets\mcv-scripted-nan-tw-v23.0\cv-corpus-23.0-2025-09-05\nan-tw\single_speaker\wavs\common_voice_nan-tw_32135999.wav|nan_tw_01|yue|zin3 hun4
E:\008-datasets\mcv-scripted-nan-tw-v23.0\cv-corpus-23.0-2025-09-05\nan-tw\single_speaker\wavs\common_voice_nan-tw_32136000.wav|nan_tw_01|yue|saai1 aa2 hung1
E:\008-datasets\mcv-scripted-nan-tw-v23.0\cv-corpus-23.0-2025-09-05\nan-tw\single_speaker\wavs\common_voice_nan-tw_32136001.wav|nan_tw_01|yue|suann1 inn1
E:\008-datasets\mcv-scripted-nan-tw-v23.0\cv-corpus-23.0-2025-09-05\nan-tw\single_speaker\wavs\common_voice_nan-tw_32136002.wav|nan_tw_01|yue|gaat1 ging1 gaat1 taau4 benn4 |1 binn4 kuah1
E:\008-datasets\mcv-scripted-nan-tw-v23.0\cv-corpus-23.0-2025-09-05\nan-tw\single_speaker\wavs\common_voice_nan-tw_32136003.wav|nan_tw_01|yue|gaa1 bi1 hng4
E:\008-datasets\mcv-scripted-nan-tw-v23.0\cv-corpus-23.0-2025-09-05\nan-tw\single_speaker\wavs\common_voice_nan-tw_32136064.wav|nan_tw_01|yue|goo1
E:\008-datasets\mcv-scripted-nan-tw-v23.0\cv-corpus-23.0-2025-09-05\nan-tw\single_speaker\wavs\common_voice_nan-tw_32136065.wav|nan_tw_01|yue|su1 iann4
E:\008-datasets\mcv-scripted-nan-tw-v23.0\cv-corpus-23.0-2025-09-05\nan-tw\single_speaker\wavs\common_voice_nan-tw_32136066.wav|nan_tw_01|yue|kong2 gaau3
E:\008-datasets\mcv-scripted-nan-tw-v23.0\cv-corpus-23.0-2025-09-05\nan-tw\single_speaker\wavs\common_voice_nan-tw_32136067.wav|nan_tw_01|yue|taau3 bing4 pinn3
E:\008-datasets\mcv-scripted-nan-tw-v23.0\cv-corpus-23.0-2025-09-05\nan-tw\single_speaker\wavs\common_voice_nan-tw_32136068.wav|nan_tw_01|yue|ho1 be̍h1 sut1 sut1
E:\008-datasets\mcv-scripted-nan-tw-v23.0\cv-corpus-23.0-2025-09-05\nan-tw\single_speaker\wavs\common_voice_nan-tw_32136465.wav|nan_tw_01|yue|painn2 bin1 soe1 kuann3
E:\008-datasets\mcv-scripted-nan-tw-v23.0\cv-corpus-23.0-2025-09-05\nan-tw\single_speaker\wavs\common_voice_nan-tw_32136466.wav|nan_tw_01|yue|hong1 suann1 ku1
E:\008-datasets\mcv-scripted-nan-tw-v23.0\cv-corpus-23.0-2025-09-05\nan-tw\single_speaker\wavs\common_voice_nan-tw_32136467.wav|nan_tw_01|yue|hun1 ci2
E:\008-datasets\mcv-scripted-nan-tw-v23.0\cv-corpus-23.0-2025-09-05\nan-tw\single_speaker\wavs\common_voice_nan-tw_32136468.wav|nan_tw_01|yue|gin2 aa2 lang4 daa1 lang4 sim1 guann1
E:\008-datasets\mcv-scripted-nan-tw-v23.0\cv-corpus-23.0-2025-09-05\nan-tw\single_speaker\wavs\common_voice_nan-tw_32136469.wav|nan_tw_01|yue|taau4 do3
E:\008-datasets\mcv-scripted-nan-tw-v23.0\cv-corpus-23.0-2025-09-05\nan-tw\single_speaker\wavs\common_voice_nan-tw_32136470.wav|nan_tw_01|yue|sann1 saai2
E:\008-datasets\mcv-scripted-nan-tw-v23.0\cv-corpus-23.0-2025-09-05\nan-tw\single_speaker\wavs\common_voice_nan-tw_32136471.wav|nan_tw_01|yue|taau1 bi4
E:\008-datasets\mcv-scripted-nan-tw-v23.0\cv-corpus-23.0-2025-09-05\nan-tw\single_speaker\wavs\common_voice_nan-tw_32136472.wav|nan_tw_01|yue|be1 ge2 e1
E:\008-datasets\mcv-scripted-nan-tw-v23.0\cv-corpus-23.0-2025-09-05\nan-tw\single_speaker\wavs\common_voice_nan-tw_32136473.wav|nan_tw_01|yue|am1 gun2
E:\008-datasets\mcv-scripted-nan-tw-v23.0\cv-corpus-23.0-2025-09-05\nan-tw\single_speaker\wavs\common_voice_nan-tw_32136474.wav|nan_tw_01|yue|bo3 loo1
E:\008-datasets\mcv-scripted-nan-tw-v23.0\cv-corpus-23.0-2025-09-05\nan-tw\single_speaker\wavs\common_voice_nan-tw_32136480.wav|nan_tw_01|yue|sin1 hng4 hung1
E:\008-datasets\mcv-scripted-nan-tw-v23.0\cv-corpus-23.0-2025-09-05\nan-tw\single_speaker\wavs\common_voice_nan-tw_32136481.wav|nan_tw_01|yue|ba̍k1 gang1 ciu1 cang3
E:\008-datasets\mcv-scripted-nan-tw-v23.0\cv-corpus-23.0-2025-09-05\nan-tw\single_speaker\wavs\common_voice_nan-tw_32136482.wav|nan_tw_01|yue|hong1 suann1 ku1 |1 hong1 soa1 ku1
E:\008-datasets\mcv-scripted-nan-tw-v23.0\cv-corpus-23.0-2025-09-05\nan-tw\single_speaker\wavs\common_voice_nan-tw_32136483.wav|nan_tw_01|yue|hoo1 lang4 kuann3 hin1 hin1
E:\008-datasets\mcv-scripted-nan-tw-v23.0\cv-corpus-23.0-2025-09-05\nan-tw\single_speaker\wavs\common_voice_nan-tw_32136484.wav|nan_tw_01|yue|jin4 aai3 gok1 soe2
E:\008-datasets\mcv-scripted-nan-tw-v23.0\cv-corpus-23.0-2025-09-05\nan-tw\single_speaker\wavs\common_voice_nan-tw_32136485.wav|nan_tw_01|yue|haa4 san1 gong1 hng4 |1 hoa4 san1 gong1 hng4
E:\008-datasets\mcv-scripted-nan-tw-v23.0\cv-corpus-23.0-2025-09-05\nan-tw\single_speaker\wavs\common_voice_nan-tw_32136486.wav|nan_tw_01|yue|bo4 diann1 dio̍h1 hit1 giann1 daai1 zi3 do1 si1 i1 zo3 e4
E:\008-datasets\mcv-scripted-nan-tw-v23.0\cv-corpus-23.0-2025-09-05\nan-tw\single_speaker\wavs\common_voice_nan-tw_32136487.wav|nan_tw_01|yue|iu4 ing2 koo1 aa2
E:\008-datasets\mcv-scripted-nan-tw-v23.0\cv-corpus-23.0-2025-09-05\nan-tw\single_speaker\wavs\common_voice_nan-tw_32136488.wav|nan_tw_01|yue|aau1 li2 ku1
E:\008-datasets\mcv-scripted-nan-tw-v23.0\cv-corpus-23.0-2025-09-05\nan-tw\single_speaker\wavs\common_voice_nan-tw_32136490.wav|nan_tw_01|yue|hi4 ne2
E:\008-datasets\mcv-scripted-nan-tw-v23.0\cv-corpus-23.0-2025-09-05\nan-tw\single_speaker\wavs\common_voice_nan-tw_32136495.wav|nan_tw_01|yue|aau1 bo2 aa2
E:\008-datasets\mcv-scripted-nan-tw-v23.0\cv-corpus-23.0-2025-09-05\nan-tw\single_speaker\wavs\common_voice_nan-tw_32136496.wav|nan_tw_01|yue|pik1 naa4 hun3 sung2
E:\008-datasets\mcv-scripted-nan-tw-v23.0\cv-corpus-23.0-2025-09-05\nan-tw\single_speaker\wavs\common_voice_nan-tw_32136497.wav|nan_tw_01|yue|zu1 lo̍k1 siu1
E:\008-datasets\mcv-scripted-nan-tw-v23.0\cv-corpus-23.0-2025-09-05\nan-tw\single_speaker\wavs\common_voice_nan-tw_32136498.wav|nan_tw_01|yue|im3 ziu2
E:\008-datasets\mcv-scripted-nan-tw-v23.0\cv-corpus-23.0-2025-09-05\nan-tw\single_speaker\wavs\common_voice_nan-tw_32136499.wav|nan_tw_01|yue|zi̍t1 uann2 bng1 laai4 bun1 gaa2 ho2 bo4
E:\008-datasets\mcv-scripted-nan-tw-v23.0\cv-corpus-23.0-2025-09-05\nan-tw\single_speaker\wavs\common_voice_nan-tw_32136505.wav|nan_tw_01|yue|zia̍h1 kaat1 baai2
E:\008-datasets\mcv-scripted-nan-tw-v23.0\cv-corpus-23.0-2025-09-05\nan-tw\single_speaker\wavs\common_voice_nan-tw_32136506.wav|nan_tw_01|yue|gaau1 aa2
E:\008-datasets\mcv-scripted-nan-tw-v23.0\cv-corpus-23.0-2025-09-05\nan-tw\single_speaker\wavs\common_voice_nan-tw_32136507.wav|nan_tw_01|yue|u1 sim1 bo4 keoi3 la̍t1
E:\008-datasets\mcv-scripted-nan-tw-v23.0\cv-corpus-23.0-2025-09-05\nan-tw\single_speaker\wavs\common_voice_nan-tw_32136508.wav|nan_tw_01|yue|daai4 bak1 daa1 gi1 dan3 |1 daai4 bak1 daa1 gu1 dan3
E:\008-datasets\mcv-scripted-nan-tw-v23.0\cv-corpus-23.0-2025-09-05\nan-tw\single_speaker\wavs\common_voice_nan-tw_32136509.wav|nan_tw_01|yue|bang1 se1
E:\008-datasets\mcv-scripted-nan-tw-v23.0\cv-corpus-23.0-2025-09-05\nan-tw\single_speaker\wavs\common_voice_nan-tw_32136515.wav|nan_tw_01|yue|ci1 li̍p1 te2 io̍k1 gun2
E:\008-datasets\mcv-scripted-nan-tw-v23.0\cv-corpus-23.0-2025-09-05\nan-tw\single_speaker\wavs\common_voice_nan-tw_32136516.wav|nan_tw_01|yue|cing4 bet1 ciu1
E:\008-datasets\mcv-scripted-nan-tw-v23.0\cv-corpus-23.0-2025-09-05\nan-tw\single_speaker\wavs\common_voice_nan-tw_32136517.wav|nan_tw_01|yue|be1 bo2 senn1 ziann4
E:\008-datasets\mcv-scripted-nan-tw-v23.0\cv-corpus-23.0-2025-09-05\nan-tw\single_speaker\wavs\common_voice_nan-tw_32136518.wav|nan_tw_01|yue|zi̍t1 ciu2 baau1 ban1
E:\008-datasets\mcv-scripted-nan-tw-v23.0\cv-corpus-23.0-2025-09-05\nan-tw\single_speaker\wavs\common_voice_nan-tw_32136519.wav|nan_tw_01|yue|ding2 ding2 e1 e1
E:\008-datasets\mcv-scripted-nan-tw-v23.0\cv-corpus-23.0-2025-09-05\nan-tw\single_speaker\wavs\common_voice_nan-tw_32136520.wav|nan_tw_01|yue|goo1 git1 hung1
E:\008-datasets\mcv-scripted-nan-tw-v23.0\cv-corpus-23.0-2025-09-05\nan-tw\single_speaker\wavs\common_voice_nan-tw_32136521.wav|nan_tw_01|yue|suann1 piann4
E:\008-datasets\mcv-scripted-nan-tw-v23.0\cv-corpus-23.0-2025-09-05\nan-tw\single_speaker\wavs\common_voice_nan-tw_32136522.wav|nan_tw_01|yue|caau3 gam1 too3 lang2
E:\008-datasets\mcv-scripted-nan-tw-v23.0\cv-corpus-23.0-2025-09-05\nan-tw\single_speaker\wavs\common_voice_nan-tw_32136523.wav|nan_tw_01|yue|sung4 san1 loo1
E:\008-datasets\mcv-scripted-nan-tw-v23.0\cv-corpus-23.0-2025-09-05\nan-tw\single_speaker\wavs\common_voice_nan-tw_32136524.wav|nan_tw_01|yue|ji1 kaat1
E:\008-datasets\mcv-scripted-nan-tw-v23.0\cv-corpus-23.0-2025-09-05\nan-tw\single_speaker\wavs\common_voice_nan-tw_32136525.wav|nan_tw_01|yue|lo̍h1 zeoi2 taau4
E:\008-datasets\mcv-scripted-nan-tw-v23.0\cv-corpus-23.0-2025-09-05\nan-tw\single_speaker\wavs\common_voice_nan-tw_32136526.wav|nan_tw_01|yue|ji1 bet1 diunn1 |1 ji1 bet1 diun1
E:\008-datasets\mcv-scripted-nan-tw-v23.0\cv-corpus-23.0-2025-09-05\nan-tw\single_speaker\wavs\common_voice_nan-tw_32136527.wav|nan_tw_01|yue|san1 li2
E:\008-datasets\mcv-scripted-nan-tw-v23.0\cv-corpus-23.0-2025-09-05\nan-tw\single_speaker\wavs\common_voice_nan-tw_32136528.wav|nan_tw_01|yue|aai3 liu4 kinn1
E:\008-datasets\mcv-scripted-nan-tw-v23.0\cv-corpus-23.0-2025-09-05\nan-tw\single_speaker\wavs\common_voice_nan-tw_32136529.wav|nan_tw_01|yue|sin1 u4
E:\008-datasets\mcv-scripted-nan-tw-v23.0\cv-corpus-23.0-2025-09-05\nan-tw\single_speaker\wavs\common_voice_nan-tw_32136530.wav|nan_tw_01|yue|dik1 kinn1 kaau2
E:\008-datasets\mcv-scripted-nan-tw-v23.0\cv-corpus-23.0-2025-09-05\nan-tw\single_speaker\wavs\common_voice_nan-tw_32136531.wav|nan_tw_01|yue|ciah1 kaa1 sin1 aa2
E:\008-datasets\mcv-scripted-nan-tw-v23.0\cv-corpus-23.0-2025-09-05\nan-tw\single_speaker\wavs\common_voice_nan-tw_32136532.wav|nan_tw_01|yue|baa2 laau4
E:\008-datasets\mcv-scripted-nan-tw-v23.0\cv-corpus-23.0-2025-09-05\nan-tw\single_speaker\wavs\common_voice_nan-tw_32136533.wav|nan_tw_01|yue|cim1 suann1 naa4 laai1
E:\008-datasets\mcv-scripted-nan-tw-v23.0\cv-corpus-23.0-2025-09-05\nan-tw\single_speaker\wavs\common_voice_nan-tw_32136534.wav|nan_tw_01|yue|ngoo4 hing1 ge1
E:\008-datasets\mcv-scripted-nan-tw-v23.0\cv-corpus-23.0-2025-09-05\nan-tw\single_speaker\wavs\common_voice_nan-tw_32136535.wav|nan_tw_01|yue|ce2
E:\008-datasets\mcv-scripted-nan-tw-v23.0\cv-corpus-23.0-2025-09-05\nan-tw\single_speaker\wavs\common_voice_nan-tw_32136536.wav|nan_tw_01|yue|ge4 suann1
E:\008-datasets\mcv-scripted-nan-tw-v23.0\cv-corpus-23.0-2025-09-05\nan-tw\single_speaker\wavs\common_voice_nan-tw_32136537.wav|nan_tw_01|yue|u4 iu4
E:\008-datasets\mcv-scripted-nan-tw-v23.0\cv-corpus-23.0-2025-09-05\nan-tw\single_speaker\wavs\common_voice_nan-tw_32136538.wav|nan_tw_01|yue|get1 bak1 aa1 zi2
E:\008-datasets\mcv-scripted-nan-tw-v23.0\cv-corpus-23.0-2025-09-05\nan-tw\single_speaker\wavs\common_voice_nan-tw_32136539.wav|nan_tw_01|yue|too4 gak1 cu3
E:\008-datasets\mcv-scripted-nan-tw-v23.0\cv-corpus-23.0-2025-09-05\nan-tw\single_speaker\wavs\common_voice_nan-tw_32136540.wav|nan_tw_01|yue|li2 ki3 gaa1 mng4 keoi1 keoi1
E:\008-datasets\mcv-scripted-nan-tw-v23.0\cv-corpus-23.0-2025-09-05\nan-tw\single_speaker\wavs\common_voice_nan-tw_32136541.wav|nan_tw_01|yue|be2 ka̍h1 lung4
E:\008-datasets\mcv-scripted-nan-tw-v23.0\cv-corpus-23.0-2025-09-05\nan-tw\single_speaker\wavs\common_voice_nan-tw_32136542.wav|nan_tw_01|yue|gok1 bin4 dong2
E:\008-datasets\mcv-scripted-nan-tw-v23.0\cv-corpus-23.0-2025-09-05\nan-tw\single_speaker\wavs\common_voice_nan-tw_32136543.wav|nan_tw_01|yue|bo3 niu2 ci2 |1 cu2 aa2 un1
E:\008-datasets\mcv-scripted-nan-tw-v23.0\cv-corpus-23.0-2025-09-05\nan-tw\single_speaker\wavs\common_voice_nan-tw_32136544.wav|nan_tw_01|yue|soe1 koo3
E:\008-datasets\mcv-scripted-nan-tw-v23.0\cv-corpus-23.0-2025-09-05\nan-tw\single_speaker\wavs\common_voice_nan-tw_32136550.wav|nan_tw_01|yue|zin1 zan2
E:\008-datasets\mcv-scripted-nan-tw-v23.0\cv-corpus-23.0-2025-09-05\nan-tw\single_speaker\wavs\common_voice_nan-tw_32136551.wav|nan_tw_01|yue|soe2 kaa2 su1 bin3 zo2 daa1 kang3 ku1
E:\008-datasets\mcv-scripted-nan-tw-v23.0\cv-corpus-23.0-2025-09-05\nan-tw\single_speaker\wavs\common_voice_nan-tw_32136552.wav|nan_tw_01|yue|ho1 ci1
E:\008-datasets\mcv-scripted-nan-tw-v23.0\cv-corpus-23.0-2025-09-05\nan-tw\single_speaker\wavs\common_voice_nan-tw_32136553.wav|nan_tw_01|yue|bo2 ceoi3
E:\008-datasets\mcv-scripted-nan-tw-v23.0\cv-corpus-23.0-2025-09-05\nan-tw\single_speaker\wavs\common_voice_nan-tw_32136554.wav|nan_tw_01|yue|kuann3 bo4 ziunn1 ba̍k1
E:\008-datasets\mcv-scripted-nan-tw-v23.0\cv-corpus-23.0-2025-09-05\nan-tw\single_speaker\wavs\common_voice_nan-tw_32137066.wav|nan_tw_01|yue|iu3 ki2
E:\008-datasets\mcv-scripted-nan-tw-v23.0\cv-corpus-23.0-2025-09-05\nan-tw\single_speaker\wavs\common_voice_nan-tw_32137067.wav|nan_tw_01|yue|zong4 dik1
E:\008-datasets\mcv-scripted-nan-tw-v23.0\cv-corpus-23.0-2025-09-05\nan-tw\single_speaker\wavs\common_voice_nan-tw_32137068.wav|nan_tw_01|yue|caat1 ce1
E:\008-datasets\mcv-scripted-nan-tw-v23.0\cv-corpus-23.0-2025-09-05\nan-tw\single_speaker\wavs\common_voice_nan-tw_32137069.wav|nan_tw_01|yue|hok1 sing1 gok1 soe2
E:\008-datasets\mcv-scripted-nan-tw-v23.0\cv-corpus-23.0-2025-09-05\nan-tw\single_speaker\wavs\common_voice_nan-tw_32137070.wav|nan_tw_01|yue|di4 sung1 hung1
E:\008-datasets\mcv-scripted-nan-tw-v23.0\cv-corpus-23.0-2025-09-05\nan-tw\single_speaker\wavs\common_voice_nan-tw_32137084.wav|nan_tw_01|yue|siann2 mi̍h1 me1 zia̍h1 gaat1 dik1 cam3 biann2
E:\008-datasets\mcv-scripted-nan-tw-v23.0\cv-corpus-23.0-2025-09-05\nan-tw\single_speaker\wavs\common_voice_nan-tw_32137085.wav|nan_tw_01|yue|goo2 ne2 go1
E:\008-datasets\mcv-scripted-nan-tw-v23.0\cv-corpus-23.0-2025-09-05\nan-tw\single_speaker\wavs\common_voice_nan-tw_32137086.wav|nan_tw_01|yue|gaa2 laai4 ging2 caai3 ging2 ho2 ziah1 hoo1 li2 se2
E:\008-datasets\mcv-scripted-nan-tw-v23.0\cv-corpus-23.0-2025-09-05\nan-tw\single_speaker\wavs\common_voice_nan-tw_32137087.wav|nan_tw_01|yue|hut1 jin4
E:\008-datasets\mcv-scripted-nan-tw-v23.0\cv-corpus-23.0-2025-09-05\nan-tw\single_speaker\wavs\common_voice_nan-tw_32137088.wav|nan_tw_01|yue|un1 tam4 |1 oan1 tam4
E:\008-datasets\mcv-scripted-nan-tw-v23.0\cv-corpus-23.0-2025-09-05\nan-tw\single_speaker\wavs\common_voice_nan-tw_32137109.wav|nan_tw_01|yue|daa1 so3 ho1
E:\008-datasets\mcv-scripted-nan-tw-v23.0\cv-corpus-23.0-2025-09-05\nan-tw\single_speaker\wavs\common_voice_nan-tw_32137110.wav|nan_tw_01|yue|zan3 zun4
E:\008-datasets\mcv-scripted-nan-tw-v23.0\cv-corpus-23.0-2025-09-05\nan-tw\single_speaker\wavs\common_voice_nan-tw_32137112.wav|nan_tw_01|yue|hi4 di4 aa2
E:\008-datasets\mcv-scripted-nan-tw-v23.0\cv-corpus-23.0-2025-09-05\nan-tw\single_speaker\wavs\common_voice_nan-tw_32137113.wav|nan_tw_01|yue|cu1 liu1 long4
E:\008-datasets\mcv-scripted-nan-tw-v23.0\cv-corpus-23.0-2025-09-05\nan-tw\single_speaker\wavs\common_voice_nan-tw_32137115.wav|nan_tw_01|yue|bang3 zin1 bong1
E:\008-datasets\mcv-scripted-nan-tw-v23.0\cv-corpus-23.0-2025-09-05\nan-tw\single_speaker\wavs\common_voice_nan-tw_32137147.wav|nan_tw_01|yue|daa1 gi̍k1 daa1 se3 gi̍k1 se3
E:\008-datasets\mcv-scripted-nan-tw-v23.0\cv-corpus-23.0-2025-09-05\nan-tw\single_speaker\wavs\common_voice_nan-tw_32137149.wav|nan_tw_01|yue|i1 zin1 dang3 sng1 lin4 zi̍t1 sut1 aa2 mit1 do1 m1 gam1 hoo1 lang4
E:\008-datasets\mcv-scripted-nan-tw-v23.0\cv-corpus-23.0-2025-09-05\nan-tw\single_speaker\wavs\common_voice_nan-tw_32137152.wav|nan_tw_01|yue|cet1 hing4 din1 naau2
E:\008-datasets\mcv-scripted-nan-tw-v23.0\cv-corpus-23.0-2025-09-05\nan-tw\single_speaker\wavs\common_voice_nan-tw_32137153.wav|nan_tw_01|yue|seoi1 gun4 |1 seoi1 goan4
E:\008-datasets\mcv-scripted-nan-tw-v23.0\cv-corpus-23.0-2025-09-05\nan-tw\single_speaker\wavs\common_voice_nan-tw_32137155.wav|nan_tw_01|yue|si̍k1 sik1
E:\008-datasets\mcv-scripted-nan-tw-v23.0\cv-corpus-23.0-2025-09-05\nan-tw\single_speaker\wavs\common_voice_nan-tw_32137157.wav|nan_tw_01|yue|doo3 hi4
E:\008-datasets\mcv-scripted-nan-tw-v23.0\cv-corpus-23.0-2025-09-05\nan-tw\single_speaker\wavs\common_voice_nan-tw_32137158.wav|nan_tw_01|yue|guann4 bo1
E:\008-datasets\mcv-scripted-nan-tw-v23.0\cv-corpus-23.0-2025-09-05\nan-tw\single_speaker\wavs\common_voice_nan-tw_32137159.wav|nan_tw_01|yue|moo4 giann3
E:\008-datasets\mcv-scripted-nan-tw-v23.0\cv-corpus-23.0-2025-09-05\nan-tw\single_speaker\wavs\common_voice_nan-tw_32137160.wav|nan_tw_01|yue|aai3 su1 de4
E:\008-datasets\mcv-scripted-nan-tw-v23.0\cv-corpus-23.0-2025-09-05\nan-tw\single_speaker\wavs\common_voice_nan-tw_32137161.wav|nan_tw_01|yue|sam1 sing3 goe4
E:\008-datasets\mcv-scripted-nan-tw-v23.0\cv-corpus-23.0-2025-09-05\nan-tw\single_speaker\wavs\common_voice_nan-tw_32137188.wav|nan_tw_01|yue|daa1 bu2 kut1 boo1 lo̍k1
E:\008-datasets\mcv-scripted-nan-tw-v23.0\cv-corpus-23.0-2025-09-05\nan-tw\single_speaker\wavs\common_voice_nan-tw_32137189.wav|nan_tw_01|yue|zo3 e1 gaau3
E:\008-datasets\mcv-scripted-nan-tw-v23.0\cv-corpus-23.0-2025-09-05\nan-tw\single_speaker\wavs\common_voice_nan-tw_32137190.wav|nan_tw_01|yue|be1 zit1 la̍t1
E:\008-datasets\mcv-scripted-nan-tw-v23.0\cv-corpus-23.0-2025-09-05\nan-tw\single_speaker\wavs\common_voice_nan-tw_32137191.wav|nan_tw_01|yue|aau1 lang4
E:\008-datasets\mcv-scripted-nan-tw-v23.0\cv-corpus-23.0-2025-09-05\nan-tw\single_speaker\wavs\common_voice_nan-tw_32137192.wav|nan_tw_01|yue|ang4 gi3 gi3
E:\008-datasets\mcv-scripted-nan-tw-v23.0\cv-corpus-23.0-2025-09-05\nan-tw\single_speaker\wavs\common_voice_nan-tw_32137196.wav|nan_tw_01|yue|m1 eoi3 guann4
E:\008-datasets\mcv-scripted-nan-tw-v23.0\cv-corpus-23.0-2025-09-05\nan-tw\single_speaker\wavs\common_voice_nan-tw_32137197.wav|nan_tw_01|yue|tong2 boo1
E:\008-datasets\mcv-scripted-nan-tw-v23.0\cv-corpus-23.0-2025-09-05\nan-tw\single_speaker\wavs\common_voice_nan-tw_32137198.wav|nan_tw_01|yue|ho1 zeoi2
E:\008-datasets\mcv-scripted-nan-tw-v23.0\cv-corpus-23.0-2025-09-05\nan-tw\single_speaker\wavs\common_voice_nan-tw_32137199.wav|nan_tw_01|yue|bun1 be1 benn4 paat1 gaat1 ji1 gaau2 me4
E:\008-datasets\mcv-scripted-nan-tw-v23.0\cv-corpus-23.0-2025-09-05\nan-tw\single_speaker\wavs\common_voice_nan-tw_32137200.wav|nan_tw_01|yue|u1 ku1
E:\008-datasets\mcv-scripted-nan-tw-v23.0\cv-corpus-23.0-2025-09-05\nan-tw\single_speaker\wavs\common_voice_nan-tw_32137202.wav|nan_tw_01|yue|suann1 gam4
E:\008-datasets\mcv-scripted-nan-tw-v23.0\cv-corpus-23.0-2025-09-05\nan-tw\single_speaker\wavs\common_voice_nan-tw_32137203.wav|nan_tw_01|yue|u1 ho3 |1 u1 he3
E:\008-datasets\mcv-scripted-nan-tw-v23.0\cv-corpus-23.0-2025-09-05\nan-tw\single_speaker\wavs\common_voice_nan-tw_32137204.wav|nan_tw_01|yue|ann3 taau4 zo̍k1
E:\008-datasets\mcv-scripted-nan-tw-v23.0\cv-corpus-23.0-2025-09-05\nan-tw\single_speaker\wavs\common_voice_nan-tw_32137205.wav|nan_tw_01|yue|get1 biah1 eoi1
E:\008-datasets\mcv-scripted-nan-tw-v23.0\cv-corpus-23.0-2025-09-05\nan-tw\single_speaker\wavs\common_voice_nan-tw_32137206.wav|nan_tw_01|yue|paat1 de1 it1
E:\008-datasets\mcv-scripted-nan-tw-v23.0\cv-corpus-23.0-2025-09-05\nan-tw\single_speaker\wavs\common_voice_nan-tw_32145876.wav|nan_tw_01|yue|gng1 ko2 suann1
E:\008-datasets\mcv-scripted-nan-tw-v23.0\cv-corpus-23.0-2025-09-05\nan-tw\single_speaker\wavs\common_voice_nan-tw_32145877.wav|nan_tw_01|yue|bi1 laai1 kinn1
E:\008-datasets\mcv-scripted-nan-tw-v23.0\cv-corpus-23.0-2025-09-05\nan-tw\single_speaker\wavs\common_voice_nan-tw_32145878.wav|nan_tw_01|yue|li1 du4
E:\008-datasets\mcv-scripted-nan-tw-v23.0\cv-corpus-23.0-2025-09-05\nan-tw\single_speaker\wavs\common_voice_nan-tw_32145879.wav|nan_tw_01|yue|haai2 huann1
E:\008-datasets\mcv-scripted-nan-tw-v23.0\cv-corpus-23.0-2025-09-05\nan-tw\single_speaker\wavs\common_voice_nan-tw_32145880.wav|nan_tw_01|yue|daa2 baa4
E:\008-datasets\mcv-scripted-nan-tw-v23.0\cv-corpus-23.0-2025-09-05\nan-tw\single_speaker\wavs\common_voice_nan-tw_32145881.wav|nan_tw_01|yue|gong1 goan2 hung1
E:\008-datasets\mcv-scripted-nan-tw-v23.0\cv-corpus-23.0-2025-09-05\nan-tw\single_speaker\wavs\common_voice_nan-tw_32145882.wav|nan_tw_01|yue|kit1 aa2 taau4
E:\008-datasets\mcv-scripted-nan-tw-v23.0\cv-corpus-23.0-2025-09-05\nan-tw\single_speaker\wavs\common_voice_nan-tw_32145883.wav|nan_tw_01|yue|zeoi2 lam3
E:\008-datasets\mcv-scripted-nan-tw-v23.0\cv-corpus-23.0-2025-09-05\nan-tw\single_speaker\wavs\common_voice_nan-tw_32145884.wav|nan_tw_01|yue|din1 bang2 paat1
E:\008-datasets\mcv-scripted-nan-tw-v23.0\cv-corpus-23.0-2025-09-05\nan-tw\single_speaker\wavs\common_voice_nan-tw_32145885.wav|nan_tw_01|yue|sin1 gong1 |1 sin4 gong2 |1 sin1 gong2 |1 sin4 gong2
E:\008-datasets\mcv-scripted-nan-tw-v23.0\cv-corpus-23.0-2025-09-05\nan-tw\single_speaker\wavs\common_voice_nan-tw_32145896.wav|nan_tw_01|yue|seoi2 gaat1 za̍p1 zng4
E:\008-datasets\mcv-scripted-nan-tw-v23.0\cv-corpus-23.0-2025-09-05\nan-tw\single_speaker\wavs\common_voice_nan-tw_32145897.wav|nan_tw_01|yue|ko1 kaau2 gok1 soe2 |1 koe1 kaau2 gok1 soe2
E:\008-datasets\mcv-scripted-nan-tw-v23.0\cv-corpus-23.0-2025-09-05\nan-tw\single_speaker\wavs\common_voice_nan-tw_32145898.wav|nan_tw_01|yue|zing3 geoi1
E:\008-datasets\mcv-scripted-nan-tw-v23.0\cv-corpus-23.0-2025-09-05\nan-tw\single_speaker\wavs\common_voice_nan-tw_32145899.wav|nan_tw_01|yue|cut1 cut1
E:\008-datasets\mcv-scripted-nan-tw-v23.0\cv-corpus-23.0-2025-09-05\nan-tw\single_speaker\wavs\common_voice_nan-tw_32145900.wav|nan_tw_01|yue|lak1 de1 aa2 de1 bong1 zi2
E:\008-datasets\mcv-scripted-nan-tw-v23.0\cv-corpus-23.0-2025-09-05\nan-tw\single_speaker\wavs\common_voice_nan-tw_32145906.wav|nan_tw_01|yue|din1 ho1 hi3
E:\008-datasets\mcv-scripted-nan-tw-v23.0\cv-corpus-23.0-2025-09-05\nan-tw\single_speaker\wavs\common_voice_nan-tw_32145907.wav|nan_tw_01|yue|nng1 gu3 buann3 o1
E:\008-datasets\mcv-scripted-nan-tw-v23.0\cv-corpus-23.0-2025-09-05\nan-tw\single_speaker\wavs\common_voice_nan-tw_32145908.wav|nan_tw_01|yue|laau2 aa2
E:\008-datasets\mcv-scripted-nan-tw-v23.0\cv-corpus-23.0-2025-09-05\nan-tw\single_speaker\wavs\common_voice_nan-tw_32145909.wav|nan_tw_01|yue|oo1 saai2
E:\008-datasets\mcv-scripted-nan-tw-v23.0\cv-corpus-23.0-2025-09-05\nan-tw\single_speaker\wavs\common_voice_nan-tw_32145910.wav|nan_tw_01|yue|ceoi3 kaat1 ba̍t1 got1 caai3 naa4
E:\008-datasets\mcv-scripted-nan-tw-v23.0\cv-corpus-23.0-2025-09-05\nan-tw\single_speaker\wavs\common_voice_nan-tw_32145916.wav|nan_tw_01|yue|gun4 gun4 ziu3 gu1
E:\008-datasets\mcv-scripted-nan-tw-v23.0\cv-corpus-23.0-2025-09-05\nan-tw\single_speaker\wavs\common_voice_nan-tw_32145917.wav|nan_tw_01|yue|bang1 aa2
E:\008-datasets\mcv-scripted-nan-tw-v23.0\cv-corpus-23.0-2025-09-05\nan-tw\single_speaker\wavs\common_voice_nan-tw_32145918.wav|nan_tw_01|yue|bo2 bun2 gi1 gim1
E:\008-datasets\mcv-scripted-nan-tw-v23.0\cv-corpus-23.0-2025-09-05\nan-tw\single_speaker\wavs\common_voice_nan-tw_32145919.wav|nan_tw_01|yue|zing1 lam4 san1
E:\008-datasets\mcv-scripted-nan-tw-v23.0\cv-corpus-23.0-2025-09-05\nan-tw\single_speaker\wavs\common_voice_nan-tw_32145920.wav|nan_tw_01|yue|e1 laai4 boo1
E:\008-datasets\mcv-scripted-nan-tw-v23.0\cv-corpus-23.0-2025-09-05\nan-tw\single_speaker\wavs\common_voice_nan-tw_32145921.wav|nan_tw_01|yue|daai1 dong4 ku1
E:\008-datasets\mcv-scripted-nan-tw-v23.0\cv-corpus-23.0-2025-09-05\nan-tw\single_speaker\wavs\common_voice_nan-tw_32145922.wav|nan_tw_01|yue|i1 si1 laai4 lun1 e4 lan2 maai3 gun2 i1
E:\008-datasets\mcv-scripted-nan-tw-v23.0\cv-corpus-23.0-2025-09-05\nan-tw\single_speaker\wavs\common_voice_nan-tw_32145923.wav|nan_tw_01|yue|bo4 sun1 si1 |1 bo4 sun1 su1
E:\008-datasets\mcv-scripted-nan-tw-v23.0\cv-corpus-23.0-2025-09-05\nan-tw\single_speaker\wavs\common_voice_nan-tw_32145924.wav|nan_tw_01|yue|ho4 dong2
E:\008-datasets\mcv-scripted-nan-tw-v23.0\cv-corpus-23.0-2025-09-05\nan-tw\single_speaker\wavs\common_voice_nan-tw_32145925.wav|nan_tw_01|yue|hu1 gut1
E:\008-datasets\mcv-scripted-nan-tw-v23.0\cv-corpus-23.0-2025-09-05\nan-tw\single_speaker\wavs\common_voice_nan-tw_32145926.wav|nan_tw_01|yue|do1 aa2 hng4 kinn1
E:\008-datasets\mcv-scripted-nan-tw-v23.0\cv-corpus-23.0-2025-09-05\nan-tw\single_speaker\wavs\common_voice_nan-tw_32145927.wav|nan_tw_01|yue|hong1 kaat1 dim1 |1 hong1 kaat1 dim1
E:\008-datasets\mcv-scripted-nan-tw-v23.0\cv-corpus-23.0-2025-09-05\nan-tw\single_speaker\wavs\common_voice_nan-tw_32145928.wav|nan_tw_01|yue|sung4 san1
E:\008-datasets\mcv-scripted-nan-tw-v23.0\cv-corpus-23.0-2025-09-05\nan-tw\single_speaker\wavs\common_voice_nan-tw_32145929.wav|nan_tw_01|yue|kong1 koo1
E:\008-datasets\mcv-scripted-nan-tw-v23.0\cv-corpus-23.0-2025-09-05\nan-tw\single_speaker\wavs\common_voice_nan-tw_32145930.wav|nan_tw_01|yue|sin4 ging1 suann3 gaa2 bo4 an4
E:\008-datasets\mcv-scripted-nan-tw-v23.0\cv-corpus-23.0-2025-09-05\nan-tw\single_speaker\wavs\common_voice_nan-tw_32145931.wav|nan_tw_01|yue|oo1 dim2 get1 aa2
E:\008-datasets\mcv-scripted-nan-tw-v23.0\cv-corpus-23.0-2025-09-05\nan-tw\single_speaker\wavs\common_voice_nan-tw_32145932.wav|nan_tw_01|yue|su1 lim4 gong1 gun2 gong1 hng4
E:\008-datasets\mcv-scripted-nan-tw-v23.0\cv-corpus-23.0-2025-09-05\nan-tw\single_speaker\wavs\common_voice_nan-tw_32145933.wav|nan_tw_01|yue|suann1 zeoi2
E:\008-datasets\mcv-scripted-nan-tw-v23.0\cv-corpus-23.0-2025-09-05\nan-tw\single_speaker\wavs\common_voice_nan-tw_32145934.wav|nan_tw_01|yue|moo4 siu1 zing1 baa3
E:\008-datasets\mcv-scripted-nan-tw-v23.0\cv-corpus-23.0-2025-09-05\nan-tw\single_speaker\wavs\common_voice_nan-tw_32145935.wav|nan_tw_01|yue|daa1 bong4
E:\008-datasets\mcv-scripted-nan-tw-v23.0\cv-corpus-23.0-2025-09-05\nan-tw\single_speaker\wavs\common_voice_nan-tw_32145936.wav|nan_tw_01|yue|laau1 gaau4 bo4 hun2 taau4
E:\008-datasets\mcv-scripted-nan-tw-v23.0\cv-corpus-23.0-2025-09-05\nan-tw\single_speaker\wavs\common_voice_nan-tw_32145937.wav|nan_tw_01|yue|bat1 sin1 goe4
E:\008-datasets\mcv-scripted-nan-tw-v23.0\cv-corpus-23.0-2025-09-05\nan-tw\single_speaker\wavs\common_voice_nan-tw_32145938.wav|nan_tw_01|yue|do3 ciu2 aa2 gaau4
E:\008-datasets\mcv-scripted-nan-tw-v23.0\cv-corpus-23.0-2025-09-05\nan-tw\single_speaker\wavs\common_voice_nan-tw_32145939.wav|nan_tw_01|yue|dung1 ng1 ki3 sung1 gio̍k1
E:\008-datasets\mcv-scripted-nan-tw-v23.0\cv-corpus-23.0-2025-09-05\nan-tw\single_speaker\wavs\common_voice_nan-tw_32145940.wav|nan_tw_01|yue|be̍h1 coo3
E:\008-datasets\mcv-scripted-nan-tw-v23.0\cv-corpus-23.0-2025-09-05\nan-tw\single_speaker\wavs\common_voice_nan-tw_32145941.wav|nan_tw_01|yue|bong1
E:\008-datasets\mcv-scripted-nan-tw-v23.0\cv-corpus-23.0-2025-09-05\nan-tw\single_speaker\wavs\common_voice_nan-tw_32145942.wav|nan_tw_01|yue|tim2 taau4
E:\008-datasets\mcv-scripted-nan-tw-v23.0\cv-corpus-23.0-2025-09-05\nan-tw\single_speaker\wavs\common_voice_nan-tw_32145943.wav|nan_tw_01|yue|di3 heoi1 hing4 ciu2 gi1
E:\008-datasets\mcv-scripted-nan-tw-v23.0\cv-corpus-23.0-2025-09-05\nan-tw\single_speaker\wavs\common_voice_nan-tw_32145944.wav|nan_tw_01|yue|bo1 laai4 bo1 ki3 e4 ho2 gim1 goo1
E:\008-datasets\mcv-scripted-nan-tw-v23.0\cv-corpus-23.0-2025-09-05\nan-tw\single_speaker\wavs\common_voice_nan-tw_32145945.wav|nan_tw_01|yue|so3 lia̍p1 din1 ho2 giu4 aa2
E:\008-datasets\mcv-scripted-nan-tw-v23.0\cv-corpus-23.0-2025-09-05\nan-tw\single_speaker\wavs\common_voice_nan-tw_32145946.wav|nan_tw_01|yue|ang4 siu3 tiu1
E:\008-datasets\mcv-scripted-nan-tw-v23.0\cv-corpus-23.0-2025-09-05\nan-tw\single_speaker\wavs\common_voice_nan-tw_32145947.wav|nan_tw_01|yue|aau1 sun1 ge1
E:\008-datasets\mcv-scripted-nan-tw-v23.0\cv-corpus-23.0-2025-09-05\nan-tw\single_speaker\wavs\common_voice_nan-tw_32145948.wav|nan_tw_01|yue|cua̍h1 gak1 suann3
E:\008-datasets\mcv-scripted-nan-tw-v23.0\cv-corpus-23.0-2025-09-05\nan-tw\single_speaker\wavs\common_voice_nan-tw_32145949.wav|nan_tw_01|yue|di1 du1 mo̍oh1
E:\008-datasets\mcv-scripted-nan-tw-v23.0\cv-corpus-23.0-2025-09-05\nan-tw\single_speaker\wavs\common_voice_nan-tw_32145950.wav|nan_tw_01|yue|dap1 ing3
E:\008-datasets\mcv-scripted-nan-tw-v23.0\cv-corpus-23.0-2025-09-05\nan-tw\single_speaker\wavs\common_voice_nan-tw_32145951.wav|nan_tw_01|yue|daau2 lam4 din3
E:\008-datasets\mcv-scripted-nan-tw-v23.0\cv-corpus-23.0-2025-09-05\nan-tw\single_speaker\wavs\common_voice_nan-tw_32145952.wav|nan_tw_01|yue|daa1 benn1 inn1
E:\008-datasets\mcv-scripted-nan-tw-v23.0\cv-corpus-23.0-2025-09-05\nan-tw\single_speaker\wavs\common_voice_nan-tw_32145953.wav|nan_tw_01|yue|siu3 lin4 lang4 aai3 kaat1 u1 zi3 ki3 let1
E:\008-datasets\mcv-scripted-nan-tw-v23.0\cv-corpus-23.0-2025-09-05\nan-tw\single_speaker\wavs\common_voice_nan-tw_32145954.wav|nan_tw_01|yue|bi2 hun2 genn1
E:\008-datasets\mcv-scripted-nan-tw-v23.0\cv-corpus-23.0-2025-09-05\nan-tw\single_speaker\wavs\common_voice_nan-tw_32145955.wav|nan_tw_01|yue|ce1 dong3 dun4
E:\008-datasets\mcv-scripted-nan-tw-v23.0\cv-corpus-23.0-2025-09-05\nan-tw\single_speaker\wavs\common_voice_nan-tw_32145956.wav|nan_tw_01|yue|ing1 ho1 gaau1 bun2 geoi1
E:\008-datasets\mcv-scripted-nan-tw-v23.0\cv-corpus-23.0-2025-09-05\nan-tw\single_speaker\wavs\common_voice_nan-tw_32145957.wav|nan_tw_01|yue|pong3 hong1 daau1
E:\008-datasets\mcv-scripted-nan-tw-v23.0\cv-corpus-23.0-2025-09-05\nan-tw\single_speaker\wavs\common_voice_nan-tw_32145958.wav|nan_tw_01|yue|moo4 hut1 siu3 lu2
E:\008-datasets\mcv-scripted-nan-tw-v23.0\cv-corpus-23.0-2025-09-05\nan-tw\single_speaker\wavs\common_voice_nan-tw_32145959.wav|nan_tw_01|yue|zia̍h1 baa2 bo1 |1 zia̍h1 baa2 be1
E:\008-datasets\mcv-scripted-nan-tw-v23.0\cv-corpus-23.0-2025-09-05\nan-tw\single_speaker\wavs\common_voice_nan-tw_32145960.wav|nan_tw_01|yue|sin4 gong2
E:\008-datasets\mcv-scripted-nan-tw-v23.0\cv-corpus-23.0-2025-09-05\nan-tw\single_speaker\wavs\common_voice_nan-tw_32145961.wav|nan_tw_01|yue|gi4 |1 ki4 |1 ke4
E:\008-datasets\mcv-scripted-nan-tw-v23.0\cv-corpus-23.0-2025-09-05\nan-tw\single_speaker\wavs\common_voice_nan-tw_32145962.wav|nan_tw_01|yue|tinn1 ding2 hun4 bo2
E:\008-datasets\mcv-scripted-nan-tw-v23.0\cv-corpus-23.0-2025-09-05\nan-tw\single_speaker\wavs\common_voice_nan-tw_32145963.wav|nan_tw_01|yue|ng4 hio̍h1 baa4
E:\008-datasets\mcv-scripted-nan-tw-v23.0\cv-corpus-23.0-2025-09-05\nan-tw\single_speaker\wavs\common_voice_nan-tw_32145964.wav|nan_tw_01|yue|cenn1 aa2
E:\008-datasets\mcv-scripted-nan-tw-v23.0\cv-corpus-23.0-2025-09-05\nan-tw\single_speaker\wavs\common_voice_nan-tw_32145965.wav|nan_tw_01|yue|kong3 bu̍t1 ha̍k1
E:\008-datasets\mcv-scripted-nan-tw-v23.0\cv-corpus-23.0-2025-09-05\nan-tw\single_speaker\wavs\common_voice_nan-tw_32145966.wav|nan_tw_01|yue|ho2 zia̍h1 e4 mi̍h1 giann1
E:\008-datasets\mcv-scripted-nan-tw-v23.0\cv-corpus-23.0-2025-09-05\nan-tw\single_speaker\wavs\common_voice_nan-tw_32145967.wav|nan_tw_01|yue|go4 lo4 su1 tip1 zng1 aa2
E:\008-datasets\mcv-scripted-nan-tw-v23.0\cv-corpus-23.0-2025-09-05\nan-tw\single_speaker\wavs\common_voice_nan-tw_32145968.wav|nan_tw_01|yue|gang4 kun2
E:\008-datasets\mcv-scripted-nan-tw-v23.0\cv-corpus-23.0-2025-09-05\nan-tw\single_speaker\wavs\common_voice_nan-tw_32145969.wav|nan_tw_01|yue|lu2 su2
E:\008-datasets\mcv-scripted-nan-tw-v23.0\cv-corpus-23.0-2025-09-05\nan-tw\single_speaker\wavs\common_voice_nan-tw_32145970.wav|nan_tw_01|yue|zio̍h1 taukeh4 aa2
E:\008-datasets\mcv-scripted-nan-tw-v23.0\cv-corpus-23.0-2025-09-05\nan-tw\single_speaker\wavs\common_voice_nan-tw_32145976.wav|nan_tw_01|yue|soe1 suann1
E:\008-datasets\mcv-scripted-nan-tw-v23.0\cv-corpus-23.0-2025-09-05\nan-tw\single_speaker\wavs\common_voice_nan-tw_32145977.wav|nan_tw_01|yue|zaa2 sap1 aa2
E:\008-datasets\mcv-scripted-nan-tw-v23.0\cv-corpus-23.0-2025-09-05\nan-tw\single_speaker\wavs\common_voice_nan-tw_32145978.wav|nan_tw_01|yue|tuann3 sing1
E:\008-datasets\mcv-scripted-nan-tw-v23.0\cv-corpus-23.0-2025-09-05\nan-tw\single_speaker\wavs\common_voice_nan-tw_32145979.wav|nan_tw_01|yue|gia̍h1 be4 but1 gong3
E:\008-datasets\mcv-scripted-nan-tw-v23.0\cv-corpus-23.0-2025-09-05\nan-tw\single_speaker\wavs\common_voice_nan-tw_32145980.wav|nan_tw_01|yue|bit1 gia̍p1 hoo1 ding1
E:\008-datasets\mcv-scripted-nan-tw-v23.0\cv-corpus-23.0-2025-09-05\nan-tw\single_speaker\wavs\common_voice_nan-tw_32145986.wav|nan_tw_01|yue|de1 ciu2
E:\008-datasets\mcv-scripted-nan-tw-v23.0\cv-corpus-23.0-2025-09-05\nan-tw\single_speaker\wavs\common_voice_nan-tw_32145987.wav|nan_tw_01|yue|bo4 ha̍h1 si4 gi1
E:\008-datasets\mcv-scripted-nan-tw-v23.0\cv-corpus-23.0-2025-09-05\nan-tw\single_speaker\wavs\common_voice_nan-tw_32145988.wav|nan_tw_01|yue|su1 i4
E:\008-datasets\mcv-scripted-nan-tw-v23.0\cv-corpus-23.0-2025-09-05\nan-tw\single_speaker\wavs\common_voice_nan-tw_32145989.wav|nan_tw_01|yue|taai3 kong1 so1
E:\008-datasets\mcv-scripted-nan-tw-v23.0\cv-corpus-23.0-2025-09-05\nan-tw\single_speaker\wavs\common_voice_nan-tw_32145990.wav|nan_tw_01|yue|gut1
E:\008-datasets\mcv-scripted-nan-tw-v23.0\cv-corpus-23.0-2025-09-05\nan-tw\single_speaker\wavs\common_voice_nan-tw_32145991.wav|nan_tw_01|yue|paat1 in1 coeng4
E:\008-datasets\mcv-scripted-nan-tw-v23.0\cv-corpus-23.0-2025-09-05\nan-tw\single_speaker\wavs\common_voice_nan-tw_32145992.wav|nan_tw_01|yue|ing4 cinn2 ho1 hng4 gong1 hng4
E:\008-datasets\mcv-scripted-nan-tw-v23.0\cv-corpus-23.0-2025-09-05\nan-tw\single_speaker\wavs\common_voice_nan-tw_32145993.wav|nan_tw_01|yue|ho2 kang1
E:\008-datasets\mcv-scripted-nan-tw-v23.0\cv-corpus-23.0-2025-09-05\nan-tw\single_speaker\wavs\common_voice_nan-tw_32145994.wav|nan_tw_01|yue|ung4 bing4 gaau1 daai1 ung4 bing4 haau1 ku1
E:\008-datasets\mcv-scripted-nan-tw-v23.0\cv-corpus-23.0-2025-09-05\nan-tw\single_speaker\wavs\common_voice_nan-tw_32145995.wav|nan_tw_01|yue|bong4 lang4 zet1 |1 bong4 lang4 zot1
E:\008-datasets\mcv-scripted-nan-tw-v23.0\cv-corpus-23.0-2025-09-05\nan-tw\single_speaker\wavs\common_voice_nan-tw_32146001.wav|nan_tw_01|yue|ding1 ke1 u1
E:\008-datasets\mcv-scripted-nan-tw-v23.0\cv-corpus-23.0-2025-09-05\nan-tw\single_speaker\wavs\common_voice_nan-tw_32146002.wav|nan_tw_01|yue|taau4 kak1 paai2 ki3 |1 taau4 kak1 painn2 ki3
E:\008-datasets\mcv-scripted-nan-tw-v23.0\cv-corpus-23.0-2025-09-05\nan-tw\single_speaker\wavs\common_voice_nan-tw_32146003.wav|nan_tw_01|yue|dung1 li̍k1 |1 dung1 le̍k1
E:\008-datasets\mcv-scripted-nan-tw-v23.0\cv-corpus-23.0-2025-09-05\nan-tw\single_speaker\wavs\common_voice_nan-tw_32146004.wav|nan_tw_01|yue|soeng1 gun1 lung2 i3
E:\008-datasets\mcv-scripted-nan-tw-v23.0\cv-corpus-23.0-2025-09-05\nan-tw\single_speaker\wavs\common_voice_nan-tw_32146005.wav|nan_tw_01|yue|too2 de1 gong1 ngiu1 kaa1 de2
E:\008-datasets\mcv-scripted-nan-tw-v23.0\cv-corpus-23.0-2025-09-05\nan-tw\single_speaker\wavs\common_voice_nan-tw_32146006.wav|nan_tw_01|yue|bo4 suann3 din1 ji1 bu2 e4 hoo1 ho1
E:\008-datasets\mcv-scripted-nan-tw-v23.0\cv-corpus-23.0-2025-09-05\nan-tw\single_speaker\wavs\common_voice_nan-tw_32146007.wav|nan_tw_01|yue|bun1 bun1 zo1 zo1
E:\008-datasets\mcv-scripted-nan-tw-v23.0\cv-corpus-23.0-2025-09-05\nan-tw\single_speaker\wavs\common_voice_nan-tw_32146008.wav|nan_tw_01|yue|piu1 pit1
E:\008-datasets\mcv-scripted-nan-tw-v23.0\cv-corpus-23.0-2025-09-05\nan-tw\single_speaker\wavs\common_voice_nan-tw_32146009.wav|nan_tw_01|yue|baai4 bua̍t1
E:\008-datasets\mcv-scripted-nan-tw-v23.0\cv-corpus-23.0-2025-09-05\nan-tw\single_speaker\wavs\common_voice_nan-tw_32146010.wav|nan_tw_01|yue|liu4 gam2 e4 gim2 gim1 git1 go2 long2 si1 im1 sing3
E:\008-datasets\mcv-scripted-nan-tw-v23.0\cv-corpus-23.0-2025-09-05\nan-tw\single_speaker\wavs\common_voice_nan-tw_32146011.wav|nan_tw_01|yue|i1 daa3 di1 gun2 get1 biah1
E:\008-datasets\mcv-scripted-nan-tw-v23.0\cv-corpus-23.0-2025-09-05\nan-tw\single_speaker\wavs\common_voice_nan-tw_32146012.wav|nan_tw_01|yue|gaa2 gun4
E:\008-datasets\mcv-scripted-nan-tw-v23.0\cv-corpus-23.0-2025-09-05\nan-tw\single_speaker\wavs\common_voice_nan-tw_32146018.wav|nan_tw_01|yue|zioh1 kak1 ziunn1 ci1
E:\008-datasets\mcv-scripted-nan-tw-v23.0\cv-corpus-23.0-2025-09-05\nan-tw\single_speaker\wavs\common_voice_nan-tw_32146019.wav|nan_tw_01|yue|ho1 go1 aa2
E:\008-datasets\mcv-scripted-nan-tw-v23.0\cv-corpus-23.0-2025-09-05\nan-tw\single_speaker\wavs\common_voice_nan-tw_32146020.wav|nan_tw_01|yue|le4 hng4 liu4
E:\008-datasets\mcv-scripted-nan-tw-v23.0\cv-corpus-23.0-2025-09-05\nan-tw\single_speaker\wavs\common_voice_nan-tw_32146021.wav|nan_tw_01|yue|tat1 let1
E:\008-datasets\mcv-scripted-nan-tw-v23.0\cv-corpus-23.0-2025-09-05\nan-tw\single_speaker\wavs\common_voice_nan-tw_32146023.wav|nan_tw_01|yue|si̍k1 su1
E:\008-datasets\mcv-scripted-nan-tw-v23.0\cv-corpus-23.0-2025-09-05\nan-tw\single_speaker\wavs\common_voice_nan-tw_32146048.wav|nan_tw_01|yue|paat1 baau1
E:\008-datasets\mcv-scripted-nan-tw-v23.0\cv-corpus-23.0-2025-09-05\nan-tw\single_speaker\wavs\common_voice_nan-tw_32146049.wav|nan_tw_01|yue|si̍t1 ji1
E:\008-datasets\mcv-scripted-nan-tw-v23.0\cv-corpus-23.0-2025-09-05\nan-tw\single_speaker\wavs\common_voice_nan-tw_32146050.wav|nan_tw_01|yue|zin1 zin1 ziann3 ziann3
E:\008-datasets\mcv-scripted-nan-tw-v23.0\cv-corpus-23.0-2025-09-05\nan-tw\single_speaker\wavs\common_voice_nan-tw_32146051.wav|nan_tw_01|yue|ham3 giann3
E:\008-datasets\mcv-scripted-nan-tw-v23.0\cv-corpus-23.0-2025-09-05\nan-tw\single_speaker\wavs\common_voice_nan-tw_32146052.wav|nan_tw_01|yue|bu4 gi1 haa3 ha̍p1 bu̍t1
E:\008-datasets\mcv-scripted-nan-tw-v23.0\cv-corpus-23.0-2025-09-05\nan-tw\single_speaker\wavs\common_voice_nan-tw_32146058.wav|nan_tw_01|yue|sot1 am3 oo1 |1 set1 am3 oo1
E:\008-datasets\mcv-scripted-nan-tw-v23.0\cv-corpus-23.0-2025-09-05\nan-tw\single_speaker\wavs\common_voice_nan-tw_32146059.wav|nan_tw_01|yue|hu2 dung1
E:\008-datasets\mcv-scripted-nan-tw-v23.0\cv-corpus-23.0-2025-09-05\nan-tw\single_speaker\wavs\common_voice_nan-tw_32146060.wav|nan_tw_01|yue|lan4 san1 goo2
E:\008-datasets\mcv-scripted-nan-tw-v23.0\cv-corpus-23.0-2025-09-05\nan-tw\single_speaker\wavs\common_voice_nan-tw_32146061.wav|nan_tw_01|yue|zio̍h1 gun1 im1
E:\008-datasets\mcv-scripted-nan-tw-v23.0\cv-corpus-23.0-2025-09-05\nan-tw\single_speaker\wavs\common_voice_nan-tw_32146062.wav|nan_tw_01|yue|sim1 gong4 ho2 jia̍t1
E:\008-datasets\mcv-scripted-nan-tw-v23.0\cv-corpus-23.0-2025-09-05\nan-tw\single_speaker\wavs\common_voice_nan-tw_32146073.wav|nan_tw_01|yue|zing2 gaat1 do1 aa2
E:\008-datasets\mcv-scripted-nan-tw-v23.0\cv-corpus-23.0-2025-09-05\nan-tw\single_speaker\wavs\common_voice_nan-tw_32146074.wav|nan_tw_01|yue|tiann1 li2 e4 kiunn1 kaau2 gann2 naa2 si1 daai4 lam4 lang4
E:\008-datasets\mcv-scripted-nan-tw-v23.0\cv-corpus-23.0-2025-09-05\nan-tw\single_speaker\wavs\common_voice_nan-tw_32146075.wav|nan_tw_01|yue|soo2 lo4 bun4
E:\008-datasets\mcv-scripted-nan-tw-v23.0\cv-corpus-23.0-2025-09-05\nan-tw\single_speaker\wavs\common_voice_nan-tw_32146076.wav|nan_tw_01|yue|gan1 lo̍k1
E:\008-datasets\mcv-scripted-nan-tw-v23.0\cv-corpus-23.0-2025-09-05\nan-tw\single_speaker\wavs\common_voice_nan-tw_32146078.wav|nan_tw_01|yue|gong1 ce1
E:\008-datasets\mcv-scripted-nan-tw-v23.0\cv-corpus-23.0-2025-09-05\nan-tw\single_speaker\wavs\common_voice_nan-tw_32146079.wav|nan_tw_01|yue|lo4 dong1 ke1
E:\008-datasets\mcv-scripted-nan-tw-v23.0\cv-corpus-23.0-2025-09-05\nan-tw\single_speaker\wavs\common_voice_nan-tw_32146080.wav|nan_tw_01|yue|e2 dng3 e2 dng3
E:\008-datasets\mcv-scripted-nan-tw-v23.0\cv-corpus-23.0-2025-09-05\nan-tw\single_speaker\wavs\common_voice_nan-tw_32146081.wav|nan_tw_01|yue|sann1 gue̍h1 zet1
E:\008-datasets\mcv-scripted-nan-tw-v23.0\cv-corpus-23.0-2025-09-05\nan-tw\single_speaker\wavs\common_voice_nan-tw_32146082.wav|nan_tw_01|yue|cu1 bang1 aa2 ce1
E:\008-datasets\mcv-scripted-nan-tw-v23.0\cv-corpus-23.0-2025-09-05\nan-tw\single_speaker\wavs\common_voice_nan-tw_32146088.wav|nan_tw_01|yue|hun4 dun1
E:\008-datasets\mcv-scripted-nan-tw-v23.0\cv-corpus-23.0-2025-09-05\nan-tw\single_speaker\wavs\common_voice_nan-tw_32146089.wav|nan_tw_01|yue|sap1 bun4 go1
E:\008-datasets\mcv-scripted-nan-tw-v23.0\cv-corpus-23.0-2025-09-05\nan-tw\single_speaker\wavs\common_voice_nan-tw_32146090.wav|nan_tw_01|yue|sam1 sam1 ngoo2 ngoo2
E:\008-datasets\mcv-scripted-nan-tw-v23.0\cv-corpus-23.0-2025-09-05\nan-tw\single_speaker\wavs\common_voice_nan-tw_32146091.wav|nan_tw_01|yue|hun1 taau4 maai3 lun1 dan3
E:\008-datasets\mcv-scripted-nan-tw-v23.0\cv-corpus-23.0-2025-09-05\nan-tw\single_speaker\wavs\common_voice_nan-tw_32146092.wav|nan_tw_01|yue|gaa1 dap1 ji4
E:\008-datasets\mcv-scripted-nan-tw-v23.0\cv-corpus-23.0-2025-09-05\nan-tw\single_speaker\wavs\common_voice_nan-tw_32146103.wav|nan_tw_01|yue|be1 bu2 ung1 sim1 laai4 zaai1 bo4
E:\008-datasets\mcv-scripted-nan-tw-v23.0\cv-corpus-23.0-2025-09-05\nan-tw\single_speaker\wavs\common_voice_nan-tw_32146104.wav|nan_tw_01|yue|ging2 bi2 |1 gang2 bi2
E:\008-datasets\mcv-scripted-nan-tw-v23.0\cv-corpus-23.0-2025-09-05\nan-tw\single_speaker\wavs\common_voice_nan-tw_32146105.wav|nan_tw_01|yue|bu1 bu1
E:\008-datasets\mcv-scripted-nan-tw-v23.0\cv-corpus-23.0-2025-09-05\nan-tw\single_speaker\wavs\common_voice_nan-tw_32146106.wav|nan_tw_01|yue|bak1 gaa3 gin1 la̍t1
E:\008-datasets\mcv-scripted-nan-tw-v23.0\cv-corpus-23.0-2025-09-05\nan-tw\single_speaker\wavs\common_voice_nan-tw_32146107.wav|nan_tw_01|yue|bun3 so3 o1
E:\008-datasets\mcv-scripted-nan-tw-v23.0\cv-corpus-23.0-2025-09-05\nan-tw\single_speaker\wavs\common_voice_nan-tw_32146114.wav|nan_tw_01|yue|gi4 lan4
E:\008-datasets\mcv-scripted-nan-tw-v23.0\cv-corpus-23.0-2025-09-05\nan-tw\single_speaker\wavs\common_voice_nan-tw_32146115.wav|nan_tw_01|yue|sam1 sin1 daai4
E:\008-datasets\mcv-scripted-nan-tw-v23.0\cv-corpus-23.0-2025-09-05\nan-tw\single_speaker\wavs\common_voice_nan-tw_32146116.wav|nan_tw_01|yue|zi̍t1 ku1 can4
E:\008-datasets\mcv-scripted-nan-tw-v23.0\cv-corpus-23.0-2025-09-05\nan-tw\single_speaker\wavs\common_voice_nan-tw_32146117.wav|nan_tw_01|yue|soe1 zeoi2 gi1
E:\008-datasets\mcv-scripted-nan-tw-v23.0\cv-corpus-23.0-2025-09-05\nan-tw\single_speaker\wavs\common_voice_nan-tw_32146118.wav|nan_tw_01|yue|too2 bi2 aa2
E:\008-datasets\mcv-scripted-nan-tw-v23.0\cv-corpus-23.0-2025-09-05\nan-tw\single_speaker\wavs\common_voice_nan-tw_32146128.wav|nan_tw_01|yue|le4 taau4 suann1
E:\008-datasets\mcv-scripted-nan-tw-v23.0\cv-corpus-23.0-2025-09-05\nan-tw\single_speaker\wavs\common_voice_nan-tw_32146129.wav|nan_tw_01|yue|daa1 hong1 daa1 ing2
E:\008-datasets\mcv-scripted-nan-tw-v23.0\cv-corpus-23.0-2025-09-05\nan-tw\single_speaker\wavs\common_voice_nan-tw_32146130.wav|nan_tw_01|yue|za̍p1 goo1 hun1 laai1 |1 cha̍p1 go͘1 hun1 laai1
E:\008-datasets\mcv-scripted-nan-tw-v23.0\cv-corpus-23.0-2025-09-05\nan-tw\single_speaker\wavs\common_voice_nan-tw_32146131.wav|nan_tw_01|yue|tin1 zu2 gaau3 dng4 |1 tin1 chu2 gaau3 dng4
E:\008-datasets\mcv-scripted-nan-tw-v23.0\cv-corpus-23.0-2025-09-05\nan-tw\single_speaker\wavs\common_voice_nan-tw_32146132.wav|nan_tw_01|yue|sing1 le2 bun4
E:\008-datasets\mcv-scripted-nan-tw-v23.0\cv-corpus-23.0-2025-09-05\nan-tw\single_speaker\wavs\common_voice_nan-tw_32146136.wav|nan_tw_01|yue|kong3 ce1
E:\008-datasets\mcv-scripted-nan-tw-v23.0\cv-corpus-23.0-2025-09-05\nan-tw\single_speaker\wavs\common_voice_nan-tw_32146137.wav|nan_tw_01|yue|ta̍h1 du2 aa2
E:\008-datasets\mcv-scripted-nan-tw-v23.0\cv-corpus-23.0-2025-09-05\nan-tw\single_speaker\wavs\common_voice_nan-tw_32146138.wav|nan_tw_01|yue|kong1 kam2
E:\008-datasets\mcv-scripted-nan-tw-v23.0\cv-corpus-23.0-2025-09-05\nan-tw\single_speaker\wavs\common_voice_nan-tw_32146139.wav|nan_tw_01|yue|ban2 caau2
E:\008-datasets\mcv-scripted-nan-tw-v23.0\cv-corpus-23.0-2025-09-05\nan-tw\single_speaker\wavs\common_voice_nan-tw_32146140.wav|nan_tw_01|yue|dim2 aa2 kaau2
E:\008-datasets\mcv-scripted-nan-tw-v23.0\cv-corpus-23.0-2025-09-05\nan-tw\single_speaker\wavs\common_voice_nan-tw_32146158.wav|nan_tw_01|yue|sin1 ok1 ku1
E:\008-datasets\mcv-scripted-nan-tw-v23.0\cv-corpus-23.0-2025-09-05\nan-tw\single_speaker\wavs\common_voice_nan-tw_32146159.wav|nan_tw_01|yue|leoi1 suann3
E:\008-datasets\mcv-scripted-nan-tw-v23.0\cv-corpus-23.0-2025-09-05\nan-tw\single_speaker\wavs\common_voice_nan-tw_32146160.wav|nan_tw_01|yue|tinn1 gong1 de1 do1
E:\008-datasets\mcv-scripted-nan-tw-v23.0\cv-corpus-23.0-2025-09-05\nan-tw\single_speaker\wavs\common_voice_nan-tw_32146161.wav|nan_tw_01|yue|daa1 ho1
E:\008-datasets\mcv-scripted-nan-tw-v23.0\cv-corpus-23.0-2025-09-05\nan-tw\single_speaker\wavs\common_voice_nan-tw_32146162.wav|nan_tw_01|yue|hing1 bang1 loo1 zing3 taau4
E:\008-datasets\mcv-scripted-nan-tw-v23.0\cv-corpus-23.0-2025-09-05\nan-tw\single_speaker\wavs\common_voice_nan-tw_32146172.wav|nan_tw_01|yue|can4 ginn4
E:\008-datasets\mcv-scripted-nan-tw-v23.0\cv-corpus-23.0-2025-09-05\nan-tw\single_speaker\wavs\common_voice_nan-tw_32146173.wav|nan_tw_01|yue|siu3 lang4
E:\008-datasets\mcv-scripted-nan-tw-v23.0\cv-corpus-23.0-2025-09-05\nan-tw\single_speaker\wavs\common_voice_nan-tw_32146174.wav|nan_tw_01|yue|king1 caai2
E:\008-datasets\mcv-scripted-nan-tw-v23.0\cv-corpus-23.0-2025-09-05\nan-tw\single_speaker\wavs\common_voice_nan-tw_32146175.wav|nan_tw_01|yue|zenn2 de2 zeoi2 ge1
E:\008-datasets\mcv-scripted-nan-tw-v23.0\cv-corpus-23.0-2025-09-05\nan-tw\single_speaker\wavs\common_voice_nan-tw_32146176.wav|nan_tw_01|yue|gaau1 ti1
E:\008-datasets\mcv-scripted-nan-tw-v23.0\cv-corpus-23.0-2025-09-05\nan-tw\single_speaker\wavs\common_voice_nan-tw_32146182.wav|nan_tw_01|yue|caa3 cu3 |1 chhoa3 chhu3
E:\008-datasets\mcv-scripted-nan-tw-v23.0\cv-corpus-23.0-2025-09-05\nan-tw\single_speaker\wavs\common_voice_nan-tw_32146183.wav|nan_tw_01|yue|ce1 daau2 |1 co1 daau2
E:\008-datasets\mcv-scripted-nan-tw-v23.0\cv-corpus-23.0-2025-09-05\nan-tw\single_speaker\wavs\common_voice_nan-tw_32146184.wav|nan_tw_01|yue|bua̍h1 lo̍h1 zim2
E:\008-datasets\mcv-scripted-nan-tw-v23.0\cv-corpus-23.0-2025-09-05\nan-tw\single_speaker\wavs\common_voice_nan-tw_32146185.wav|nan_tw_01|yue|oo1 ti1
E:\008-datasets\mcv-scripted-nan-tw-v23.0\cv-corpus-23.0-2025-09-05\nan-tw\single_speaker\wavs\common_voice_nan-tw_32146194.wav|nan_tw_01|yue|pann3 zim4 ge4 lang2
E:\008-datasets\mcv-scripted-nan-tw-v23.0\cv-corpus-23.0-2025-09-05\nan-tw\single_speaker\wavs\common_voice_nan-tw_32146195.wav|nan_tw_01|yue|kin1 sang1 him4
E:\008-datasets\mcv-scripted-nan-tw-v23.0\cv-corpus-23.0-2025-09-05\nan-tw\single_speaker\wavs\common_voice_nan-tw_32146196.wav|nan_tw_01|yue|zo3 daai1 zi3 maa1 ziann4 gut1 la̍t1
E:\008-datasets\mcv-scripted-nan-tw-v23.0\cv-corpus-23.0-2025-09-05\nan-tw\single_speaker\wavs\common_voice_nan-tw_32146197.wav|nan_tw_01|yue|dio̍h1 gaau4
E:\008-datasets\mcv-scripted-nan-tw-v23.0\cv-corpus-23.0-2025-09-05\nan-tw\single_speaker\wavs\common_voice_nan-tw_32146198.wav|nan_tw_01|yue|li1 zeoi2 goo2 |1 lu1 zeoi2 goo2
E:\008-datasets\mcv-scripted-nan-tw-v23.0\cv-corpus-23.0-2025-09-05\nan-tw\single_speaker\wavs\common_voice_nan-tw_32146203.wav|nan_tw_01|yue|bo1 du2 ho2 |1 be1 du2 ho2
E:\008-datasets\mcv-scripted-nan-tw-v23.0\cv-corpus-23.0-2025-09-05\nan-tw\single_speaker\wavs\common_voice_nan-tw_32146213.wav|nan_tw_01|yue|jia̍t1 ha̍k1
E:\008-datasets\mcv-scripted-nan-tw-v23.0\cv-corpus-23.0-2025-09-05\nan-tw\single_speaker\wavs\common_voice_nan-tw_32146214.wav|nan_tw_01|yue|ci̍h1 lot1
E:\008-datasets\mcv-scripted-nan-tw-v23.0\cv-corpus-23.0-2025-09-05\nan-tw\single_speaker\wavs\common_voice_nan-tw_32146215.wav|nan_tw_01|yue|ging2 hing1 gok1 dung1 |1 gang2 hang1 gok1 dung1
E:\008-datasets\mcv-scripted-nan-tw-v23.0\cv-corpus-23.0-2025-09-05\nan-tw\single_speaker\wavs\common_voice_nan-tw_32146216.wav|nan_tw_01|yue|oo1 ji̍t1 gok1 soe2
E:\008-datasets\mcv-scripted-nan-tw-v23.0\cv-corpus-23.0-2025-09-05\nan-tw\single_speaker\wavs\common_voice_nan-tw_32146217.wav|nan_tw_01|yue|dang1 ku1
E:\008-datasets\mcv-scripted-nan-tw-v23.0\cv-corpus-23.0-2025-09-05\nan-tw\single_speaker\wavs\common_voice_nan-tw_32146233.wav|nan_tw_01|yue|saai2 sing3 ziu2
E:\008-datasets\mcv-scripted-nan-tw-v23.0\cv-corpus-23.0-2025-09-05\nan-tw\single_speaker\wavs\common_voice_nan-tw_32146234.wav|nan_tw_01|yue|sio̍k1 tok1
E:\008-datasets\mcv-scripted-nan-tw-v23.0\cv-corpus-23.0-2025-09-05\nan-tw\single_speaker\wavs\common_voice_nan-tw_32146235.wav|nan_tw_01|yue|but1 dan1
E:\008-datasets\mcv-scripted-nan-tw-v23.0\cv-corpus-23.0-2025-09-05\nan-tw\single_speaker\wavs\common_voice_nan-tw_32146236.wav|nan_tw_01|yue|ap1 bik1 gam2
E:\008-datasets\mcv-scripted-nan-tw-v23.0\cv-corpus-23.0-2025-09-05\nan-tw\single_speaker\wavs\common_voice_nan-tw_32146237.wav|nan_tw_01|yue|只會當靠這來趁食過日1
E:\008-datasets\mcv-scripted-nan-tw-v23.0\cv-corpus-23.0-2025-09-05\nan-tw\single_speaker\wavs\common_voice_nan-tw_32146269.wav|nan_tw_01|yue|giu3 kam3
E:\008-datasets\mcv-scripted-nan-tw-v23.0\cv-corpus-23.0-2025-09-05\nan-tw\single_speaker\wavs\common_voice_nan-tw_32146270.wav|nan_tw_01|yue|lak1 kang1
E:\008-datasets\mcv-scripted-nan-tw-v23.0\cv-corpus-23.0-2025-09-05\nan-tw\single_speaker\wavs\common_voice_nan-tw_32146271.wav|nan_tw_01|yue|sin1 chhi1 goe4
E:\008-datasets\mcv-scripted-nan-tw-v23.0\cv-corpus-23.0-2025-09-05\nan-tw\single_speaker\wavs\common_voice_nan-tw_32146286.wav|nan_tw_01|yue|go3 gong1 kang1 |1 ge3 gong1 kang1
E:\008-datasets\mcv-scripted-nan-tw-v23.0\cv-corpus-23.0-2025-09-05\nan-tw\single_speaker\wavs\common_voice_nan-tw_32146287.wav|nan_tw_01|yue|zeoi2 gun2 aat1
E:\008-datasets\mcv-scripted-nan-tw-v23.0\cv-corpus-23.0-2025-09-05\nan-tw\single_speaker\wavs\common_voice_nan-tw_32146288.wav|nan_tw_01|yue|dung1 ho4 goe4
E:\008-datasets\mcv-scripted-nan-tw-v23.0\cv-corpus-23.0-2025-09-05\nan-tw\single_speaker\wavs\common_voice_nan-tw_32146289.wav|nan_tw_01|yue|ceoi3 dinn1 sim1 guann1 oo1
E:\008-datasets\mcv-scripted-nan-tw-v23.0\cv-corpus-23.0-2025-09-05\nan-tw\single_speaker\wavs\common_voice_nan-tw_32146290.wav|nan_tw_01|yue|zaa1 boo2 gin2 aa2 lang4
E:\008-datasets\mcv-scripted-nan-tw-v23.0\cv-corpus-23.0-2025-09-05\nan-tw\single_speaker\wavs\common_voice_nan-tw_32146295.wav|nan_tw_01|yue|ki2 loo1
E:\008-datasets\mcv-scripted-nan-tw-v23.0\cv-corpus-23.0-2025-09-05\nan-tw\single_speaker\wavs\common_voice_nan-tw_32146296.wav|nan_tw_01|yue|dun2 la̍p1
E:\008-datasets\mcv-scripted-nan-tw-v23.0\cv-corpus-23.0-2025-09-05\nan-tw\single_speaker\wavs\common_voice_nan-tw_32146297.wav|nan_tw_01|yue|din1 dong1 i1 ze2
E:\008-datasets\mcv-scripted-nan-tw-v23.0\cv-corpus-23.0-2025-09-05\nan-tw\single_speaker\wavs\common_voice_nan-tw_32146298.wav|nan_tw_01|yue|gok1 li̍p1 go1 hung4 daai1 ha̍k1
E:\008-datasets\mcv-scripted-nan-tw-v23.0\cv-corpus-23.0-2025-09-05\nan-tw\single_speaker\wavs\common_voice_nan-tw_32146299.wav|nan_tw_01|yue|ho4 jin4
E:\008-datasets\mcv-scripted-nan-tw-v23.0\cv-corpus-23.0-2025-09-05\nan-tw\single_speaker\wavs\common_voice_nan-tw_32146309.wav|nan_tw_01|yue|ho1 go1
E:\008-datasets\mcv-scripted-nan-tw-v23.0\cv-corpus-23.0-2025-09-05\nan-tw\single_speaker\wavs\common_voice_nan-tw_32146310.wav|nan_tw_01|yue|doo1
E:\008-datasets\mcv-scripted-nan-tw-v23.0\cv-corpus-23.0-2025-09-05\nan-tw\single_speaker\wavs\common_voice_nan-tw_32146311.wav|nan_tw_01|yue|ba̍t1 aa2
E:\008-datasets\mcv-scripted-nan-tw-v23.0\cv-corpus-23.0-2025-09-05\nan-tw\single_speaker\wavs\common_voice_nan-tw_32146312.wav|nan_tw_01|yue|zin4 hong1
E:\008-datasets\mcv-scripted-nan-tw-v23.0\cv-corpus-23.0-2025-09-05\nan-tw\single_speaker\wavs\common_voice_nan-tw_32146313.wav|nan_tw_01|yue|ban1 po1
E:\008-datasets\mcv-scripted-nan-tw-v23.0\cv-corpus-23.0-2025-09-05\nan-tw\single_speaker\wavs\common_voice_nan-tw_32146353.wav|nan_tw_01|yue|ing1 lan4
E:\008-datasets\mcv-scripted-nan-tw-v23.0\cv-corpus-23.0-2025-09-05\nan-tw\single_speaker\wavs\common_voice_nan-tw_32146355.wav|nan_tw_01|yue|bang1 si4 daai1
E:\008-datasets\mcv-scripted-nan-tw-v23.0\cv-corpus-23.0-2025-09-05\nan-tw\single_speaker\wavs\common_voice_nan-tw_32146356.wav|nan_tw_01|yue|gang1 gang1 ki3
E:\008-datasets\mcv-scripted-nan-tw-v23.0\cv-corpus-23.0-2025-09-05\nan-tw\single_speaker\wavs\common_voice_nan-tw_32146357.wav|nan_tw_01|yue|soeng1 lin4 gok1 soe2
E:\008-datasets\mcv-scripted-nan-tw-v23.0\cv-corpus-23.0-2025-09-05\nan-tw\single_speaker\wavs\common_voice_nan-tw_32146358.wav|nan_tw_01|yue|lang2
E:\008-datasets\mcv-scripted-nan-tw-v23.0\cv-corpus-23.0-2025-09-05\nan-tw\single_speaker\wavs\common_voice_nan-tw_32146364.wav|nan_tw_01|yue|liu4 cenn1 gun4 |1 liu4 cinn1 gun4
E:\008-datasets\mcv-scripted-nan-tw-v23.0\cv-corpus-23.0-2025-09-05\nan-tw\single_speaker\wavs\common_voice_nan-tw_32146365.wav|nan_tw_01|yue|cang1 aa2 aat1
E:\008-datasets\mcv-scripted-nan-tw-v23.0\cv-corpus-23.0-2025-09-05\nan-tw\single_speaker\wavs\common_voice_nan-tw_32146366.wav|nan_tw_01|yue|lak1 de1 aa2 iu1 gaai3
E:\008-datasets\mcv-scripted-nan-tw-v23.0\cv-corpus-23.0-2025-09-05\nan-tw\single_speaker\wavs\common_voice_nan-tw_32146367.wav|nan_tw_01|yue|be1 lo̍h1 laau4 teoi1
E:\008-datasets\mcv-scripted-nan-tw-v23.0\cv-corpus-23.0-2025-09-05\nan-tw\single_speaker\wavs\common_voice_nan-tw_32146368.wav|nan_tw_01|yue|go1 gip1 eoi1 sing1 zaa2
E:\008-datasets\mcv-scripted-nan-tw-v23.0\cv-corpus-23.0-2025-09-05\nan-tw\single_speaker\wavs\common_voice_nan-tw_32158809.wav|nan_tw_01|yue|dung1 hing1 kinn1
E:\008-datasets\mcv-scripted-nan-tw-v23.0\cv-corpus-23.0-2025-09-05\nan-tw\single_speaker\wavs\common_voice_nan-tw_32158810.wav|nan_tw_01|yue|do̍k1 li̍p1 zu1 dim3
E:\008-datasets\mcv-scripted-nan-tw-v23.0\cv-corpus-23.0-2025-09-05\nan-tw\single_speaker\wavs\common_voice_nan-tw_32158811.wav|nan_tw_01|yue|dang1 ling4 gok1
E:\008-datasets\mcv-scripted-nan-tw-v23.0\cv-corpus-23.0-2025-09-05\nan-tw\single_speaker\wavs\common_voice_nan-tw_32158812.wav|nan_tw_01|yue|too4 daau1 de3 aa2
E:\008-datasets\mcv-scripted-nan-tw-v23.0\cv-corpus-23.0-2025-09-05\nan-tw\single_speaker\wavs\common_voice_nan-tw_32158813.wav|nan_tw_01|yue|lo4 kaau2 ke1
E:\008-datasets\mcv-scripted-nan-tw-v23.0\cv-corpus-23.0-2025-09-05\nan-tw\single_speaker\wavs\common_voice_nan-tw_32158824.wav|nan_tw_01|yue|dun3 zenn2 |1 dun3 zinn2
E:\008-datasets\mcv-scripted-nan-tw-v23.0\cv-corpus-23.0-2025-09-05\nan-tw\single_speaker\wavs\common_voice_nan-tw_32158825.wav|nan_tw_01|yue|ciah1 haai2 be2
E:\008-datasets\mcv-scripted-nan-tw-v23.0\cv-corpus-23.0-2025-09-05\nan-tw\single_speaker\wavs\common_voice_nan-tw_32158826.wav|nan_tw_01|yue|gam1 dinn1
E:\008-datasets\mcv-scripted-nan-tw-v23.0\cv-corpus-23.0-2025-09-05\nan-tw\single_speaker\wavs\common_voice_nan-tw_32158827.wav|nan_tw_01|yue|ba̍k1 ziu1 lim4 dio̍h1 laa4 aa2 baat1
E:\008-datasets\mcv-scripted-nan-tw-v23.0\cv-corpus-23.0-2025-09-05\nan-tw\single_speaker\wavs\common_voice_nan-tw_32158828.wav|nan_tw_01|yue|bang3 nit1 sak1
E:\008-datasets\mcv-scripted-nan-tw-v23.0\cv-corpus-23.0-2025-09-05\nan-tw\single_speaker\wavs\common_voice_nan-tw_32163007.wav|nan_tw_01|yue|zi̍t1 e1 leoi4 tin1 haa1 hoeng2
E:\008-datasets\mcv-scripted-nan-tw-v23.0\cv-corpus-23.0-2025-09-05\nan-tw\single_speaker\wavs\common_voice_nan-tw_32163008.wav|nan_tw_01|yue|gong1 gaau4 dann1 zio̍h1 taau4
E:\008-datasets\mcv-scripted-nan-tw-v23.0\cv-corpus-23.0-2025-09-05\nan-tw\single_speaker\wavs\common_voice_nan-tw_32163009.wav|nan_tw_01|yue|git1 baai3
E:\008-datasets\mcv-scripted-nan-tw-v23.0\cv-corpus-23.0-2025-09-05\nan-tw\single_speaker\wavs\common_voice_nan-tw_32163010.wav|nan_tw_01|yue|gaau2 baat1 gi1 cang1
E:\008-datasets\mcv-scripted-nan-tw-v23.0\cv-corpus-23.0-2025-09-05\nan-tw\single_speaker\wavs\common_voice_nan-tw_32163011.wav|nan_tw_01|yue|ha̍t1 diann1 dio̍h1
E:\008-datasets\mcv-scripted-nan-tw-v23.0\cv-corpus-23.0-2025-09-05\nan-tw\single_speaker\wavs\common_voice_nan-tw_32163017.wav|nan_tw_01|yue|goo2 san1
E:\008-datasets\mcv-scripted-nan-tw-v23.0\cv-corpus-23.0-2025-09-05\nan-tw\single_speaker\wavs\common_voice_nan-tw_32163018.wav|nan_tw_01|yue|poo2 taai1
E:\008-datasets\mcv-scripted-nan-tw-v23.0\cv-corpus-23.0-2025-09-05\nan-tw\single_speaker\wavs\common_voice_nan-tw_32163019.wav|nan_tw_01|yue|cut1 su1 biu2
E:\008-datasets\mcv-scripted-nan-tw-v23.0\cv-corpus-23.0-2025-09-05\nan-tw\single_speaker\wavs\common_voice_nan-tw_32163020.wav|nan_tw_01|yue|daa1 ku1 hng4
E:\008-datasets\mcv-scripted-nan-tw-v23.0\cv-corpus-23.0-2025-09-05\nan-tw\single_speaker\wavs\common_voice_nan-tw_32163021.wav|nan_tw_01|yue|gok1 u2 |1 gok1 i2
E:\008-datasets\mcv-scripted-nan-tw-v23.0\cv-corpus-23.0-2025-09-05\nan-tw\single_speaker\wavs\common_voice_nan-tw_32163027.wav|nan_tw_01|yue|sing1 doo4 ho1
E:\008-datasets\mcv-scripted-nan-tw-v23.0\cv-corpus-23.0-2025-09-05\nan-tw\single_speaker\wavs\common_voice_nan-tw_32163028.wav|nan_tw_01|yue|gong1 di̍k1 kaa1 |1 gong1 dak1 kaa1
E:\008-datasets\mcv-scripted-nan-tw-v23.0\cv-corpus-23.0-2025-09-05\nan-tw\single_speaker\wavs\common_voice_nan-tw_32163029.wav|nan_tw_01|yue|kuann3 hin1 diunn4
E:\008-datasets\mcv-scripted-nan-tw-v23.0\cv-corpus-23.0-2025-09-05\nan-tw\single_speaker\wavs\common_voice_nan-tw_32163030.wav|nan_tw_01|yue|se2 sin1 ku1 zing1
E:\008-datasets\mcv-scripted-nan-tw-v23.0\cv-corpus-23.0-2025-09-05\nan-tw\single_speaker\wavs\common_voice_nan-tw_32163031.wav|nan_tw_01|yue|ling4 si4 zing3 hu2
E:\008-datasets\mcv-scripted-nan-tw-v23.0\cv-corpus-23.0-2025-09-05\nan-tw\single_speaker\wavs\common_voice_nan-tw_32163032.wav|nan_tw_01|yue|caa4 goe4
E:\008-datasets\mcv-scripted-nan-tw-v23.0\cv-corpus-23.0-2025-09-05\nan-tw\single_speaker\wavs\common_voice_nan-tw_32163033.wav|nan_tw_01|yue|am3 kenn1 haa1 |1 am3 ken1 haa1
E:\008-datasets\mcv-scripted-nan-tw-v23.0\cv-corpus-23.0-2025-09-05\nan-tw\single_speaker\wavs\common_voice_nan-tw_32163034.wav|nan_tw_01|yue|be̍h1 aa2 gak1
E:\008-datasets\mcv-scripted-nan-tw-v23.0\cv-corpus-23.0-2025-09-05\nan-tw\single_speaker\wavs\common_voice_nan-tw_32163035.wav|nan_tw_01|yue|zaau2 gaat1 li1 koo2 kaa1
E:\008-datasets\mcv-scripted-nan-tw-v23.0\cv-corpus-23.0-2025-09-05\nan-tw\single_speaker\wavs\common_voice_nan-tw_32163036.wav|nan_tw_01|yue|sin1 haai1 gok1 soe2
E:\008-datasets\mcv-scripted-nan-tw-v23.0\cv-corpus-23.0-2025-09-05\nan-tw\single_speaker\wavs\common_voice_nan-tw_32163042.wav|nan_tw_01|yue|bun1 met1 sit1
E:\008-datasets\mcv-scripted-nan-tw-v23.0\cv-corpus-23.0-2025-09-05\nan-tw\single_speaker\wavs\common_voice_nan-tw_32163043.wav|nan_tw_01|yue|gaa1 ni1
E:\008-datasets\mcv-scripted-nan-tw-v23.0\cv-corpus-23.0-2025-09-05\nan-tw\single_speaker\wavs\common_voice_nan-tw_32163044.wav|nan_tw_01|yue|dung4 ing4 hang4 kong1
E:\008-datasets\mcv-scripted-nan-tw-v23.0\cv-corpus-23.0-2025-09-05\nan-tw\single_speaker\wavs\common_voice_nan-tw_32163045.wav|nan_tw_01|yue|sit1 gak1 cat1
E:\008-datasets\mcv-scripted-nan-tw-v23.0\cv-corpus-23.0-2025-09-05\nan-tw\single_speaker\wavs\common_voice_nan-tw_32163046.wav|nan_tw_01|yue|li2 bet1 sin3 bo4 gaa2 laau3 lang4 hoo1 li2 si2
E:\008-datasets\mcv-scripted-nan-tw-v23.0\cv-corpus-23.0-2025-09-05\nan-tw\single_speaker\wavs\common_voice_nan-tw_32163052.wav|nan_tw_01|yue|da̍p1 dit1
E:\008-datasets\mcv-scripted-nan-tw-v23.0\cv-corpus-23.0-2025-09-05\nan-tw\single_speaker\wavs\common_voice_nan-tw_32163053.wav|nan_tw_01|yue|bu̍t1 sim1
E:\008-datasets\mcv-scripted-nan-tw-v23.0\cv-corpus-23.0-2025-09-05\nan-tw\single_speaker\wavs\common_voice_nan-tw_32163054.wav|nan_tw_01|yue|bing1 sut1 gi4 in4
E:\008-datasets\mcv-scripted-nan-tw-v23.0\cv-corpus-23.0-2025-09-05\nan-tw\single_speaker\wavs\common_voice_nan-tw_32163055.wav|nan_tw_01|yue|iu2 se3 but1 kotsin2 lung1
E:\008-datasets\mcv-scripted-nan-tw-v23.0\cv-corpus-23.0-2025-09-05\nan-tw\single_speaker\wavs\common_voice_nan-tw_32163056.wav|nan_tw_01|yue|hok1 daau2 loo1 kaau2
E:\008-datasets\mcv-scripted-nan-tw-v23.0\cv-corpus-23.0-2025-09-05\nan-tw\single_speaker\wavs\common_voice_nan-tw_32163057.wav|nan_tw_01|yue|daai4 un4 gaau4 san1 aa2
E:\008-datasets\mcv-scripted-nan-tw-v23.0\cv-corpus-23.0-2025-09-05\nan-tw\single_speaker\wavs\common_voice_nan-tw_32163058.wav|nan_tw_01|yue|po1 ki2 moo1
E:\008-datasets\mcv-scripted-nan-tw-v23.0\cv-corpus-23.0-2025-09-05\nan-tw\single_speaker\wavs\common_voice_nan-tw_32163059.wav|nan_tw_01|yue|tng3 koo3 paat1 e4
E:\008-datasets\mcv-scripted-nan-tw-v23.0\cv-corpus-23.0-2025-09-05\nan-tw\single_speaker\wavs\common_voice_nan-tw_32163060.wav|nan_tw_01|yue|sim2 be1 li1 |1 sim2 bo1 li1
E:\008-datasets\mcv-scripted-nan-tw-v23.0\cv-corpus-23.0-2025-09-05\nan-tw\single_speaker\wavs\common_voice_nan-tw_32163061.wav|nan_tw_01|yue|ginn3 geoi2 saai1 gong1 be̍h1 ca̍t1 hi3
E:\008-datasets\mcv-scripted-nan-tw-v23.0\cv-corpus-23.0-2025-09-05\nan-tw\single_speaker\wavs\common_voice_nan-tw_32163072.wav|nan_tw_01|yue|dim2 sim1 dann3
E:\008-datasets\mcv-scripted-nan-tw-v23.0\cv-corpus-23.0-2025-09-05\nan-tw\single_speaker\wavs\common_voice_nan-tw_32163073.wav|nan_tw_01|yue|ze1 let1 zia̍h1 do2 let1 bang3
E:\008-datasets\mcv-scripted-nan-tw-v23.0\cv-corpus-23.0-2025-09-05\nan-tw\single_speaker\wavs\common_voice_nan-tw_32163074.wav|nan_tw_01|yue|gim4 si2 si2
E:\008-datasets\mcv-scripted-nan-tw-v23.0\cv-corpus-23.0-2025-09-05\nan-tw\single_speaker\wavs\common_voice_nan-tw_32163075.wav|nan_tw_01|yue|za̍p1 hun1 |1 cha̍p1 hun1
E:\008-datasets\mcv-scripted-nan-tw-v23.0\cv-corpus-23.0-2025-09-05\nan-tw\single_speaker\wavs\common_voice_nan-tw_32163076.wav|nan_tw_01|yue|ziann1 gue̍h1 ce1 su3
E:\008-datasets\mcv-scripted-nan-tw-v23.0\cv-corpus-23.0-2025-09-05\nan-tw\single_speaker\wavs\common_voice_nan-tw_32163092.wav|nan_tw_01|yue|an2 ne1 zo3 zi̍t1 ji̍t1 hioh1 zi̍t1 ji̍t1
E:\008-datasets\mcv-scripted-nan-tw-v23.0\cv-corpus-23.0-2025-09-05\nan-tw\single_speaker\wavs\common_voice_nan-tw_32163093.wav|nan_tw_01|yue|u4 tin1
E:\008-datasets\mcv-scripted-nan-tw-v23.0\cv-corpus-23.0-2025-09-05\nan-tw\single_speaker\wavs\common_voice_nan-tw_32163094.wav|nan_tw_01|yue|si̍k1 zi2 ku1
E:\008-datasets\mcv-scripted-nan-tw-v23.0\cv-corpus-23.0-2025-09-05\nan-tw\single_speaker\wavs\common_voice_nan-tw_32163095.wav|nan_tw_01|yue|daai4 lo4 ping1 im1
E:\008-datasets\mcv-scripted-nan-tw-v23.0\cv-corpus-23.0-2025-09-05\nan-tw\single_speaker\wavs\common_voice_nan-tw_32163096.wav|nan_tw_01|yue|ng3 bang1
E:\008-datasets\mcv-scripted-nan-tw-v23.0\cv-corpus-23.0-2025-09-05\nan-tw\single_speaker\wavs\common_voice_nan-tw_32163102.wav|nan_tw_01|yue|soo2 do̍k1 |1 soo3 do̍k1
E:\008-datasets\mcv-scripted-nan-tw-v23.0\cv-corpus-23.0-2025-09-05\nan-tw\single_speaker\wavs\common_voice_nan-tw_32163103.wav|nan_tw_01|yue|it1 zong1 git1 dng4
E:\008-datasets\mcv-scripted-nan-tw-v23.0\cv-corpus-23.0-2025-09-05\nan-tw\single_speaker\wavs\common_voice_nan-tw_32163104.wav|nan_tw_01|yue|hun2 ging1
E:\008-datasets\mcv-scripted-nan-tw-v23.0\cv-corpus-23.0-2025-09-05\nan-tw\single_speaker\wavs\common_voice_nan-tw_32163105.wav|nan_tw_01|yue|paau2 maa2
E:\008-datasets\mcv-scripted-nan-tw-v23.0\cv-corpus-23.0-2025-09-05\nan-tw\single_speaker\wavs\common_voice_nan-tw_32163106.wav|nan_tw_01|yue|tit1 gaat1 o4 aa2
E:\008-datasets\mcv-scripted-nan-tw-v23.0\cv-corpus-23.0-2025-09-05\nan-tw\single_speaker\wavs\common_voice_nan-tw_32163112.wav|nan_tw_01|yue|soeng1 oo4 gok1 soe2 |1 soeng1 o͘4 gok1 soe2
E:\008-datasets\mcv-scripted-nan-tw-v23.0\cv-corpus-23.0-2025-09-05\nan-tw\single_speaker\wavs\common_voice_nan-tw_32163113.wav|nan_tw_01|yue|hoo1 suann3 ciu1
E:\008-datasets\mcv-scripted-nan-tw-v23.0\cv-corpus-23.0-2025-09-05\nan-tw\single_speaker\wavs\common_voice_nan-tw_32163114.wav|nan_tw_01|yue|ce1 bang1
E:\008-datasets\mcv-scripted-nan-tw-v23.0\cv-corpus-23.0-2025-09-05\nan-tw\single_speaker\wavs\common_voice_nan-tw_32163115.wav|nan_tw_01|yue|hing1 hok1
E:\008-datasets\mcv-scripted-nan-tw-v23.0\cv-corpus-23.0-2025-09-05\nan-tw\single_speaker\wavs\common_voice_nan-tw_32163116.wav|nan_tw_01|yue|paat1 poo3 aa2
E:\008-datasets\mcv-scripted-nan-tw-v23.0\cv-corpus-23.0-2025-09-05\nan-tw\single_speaker\wavs\common_voice_nan-tw_32163117.wav|nan_tw_01|yue|biann3 la̍t1
E:\008-datasets\mcv-scripted-nan-tw-v23.0\cv-corpus-23.0-2025-09-05\nan-tw\single_speaker\wavs\common_voice_nan-tw_32163118.wav|nan_tw_01|yue|ze1 zia̍h1
E:\008-datasets\mcv-scripted-nan-tw-v23.0\cv-corpus-23.0-2025-09-05\nan-tw\single_speaker\wavs\common_voice_nan-tw_32163119.wav|nan_tw_01|yue|he1 tan1 he1 o4 gaau3 si4 long2 bo4
E:\008-datasets\mcv-scripted-nan-tw-v23.0\cv-corpus-23.0-2025-09-05\nan-tw\single_speaker\wavs\common_voice_nan-tw_32163120.wav|nan_tw_01|yue|ca̍k1 ge4 gaa1 di1 ge4
E:\008-datasets\mcv-scripted-nan-tw-v23.0\cv-corpus-23.0-2025-09-05\nan-tw\single_speaker\wavs\common_voice_nan-tw_32163121.wav|nan_tw_01|yue|tng1 si4 gaai3
E:\008-datasets\mcv-scripted-nan-tw-v23.0\cv-corpus-23.0-2025-09-05\nan-tw\single_speaker\wavs\common_voice_nan-tw_32163122.wav|nan_tw_01|yue|zio̍h1 bot1
E:\008-datasets\mcv-scripted-nan-tw-v23.0\cv-corpus-23.0-2025-09-05\nan-tw\single_speaker\wavs\common_voice_nan-tw_32163123.wav|nan_tw_01|yue|gin2 aa2 enn1
E:\008-datasets\mcv-scripted-nan-tw-v23.0\cv-corpus-23.0-2025-09-05\nan-tw\single_speaker\wavs\common_voice_nan-tw_32163124.wav|nan_tw_01|yue|go1 tit1 zam1
E:\008-datasets\mcv-scripted-nan-tw-v23.0\cv-corpus-23.0-2025-09-05\nan-tw\single_speaker\wavs\common_voice_nan-tw_32163125.wav|nan_tw_01|yue|bo2 dong4 bi1
E:\008-datasets\mcv-scripted-nan-tw-v23.0\cv-corpus-23.0-2025-09-05\nan-tw\single_speaker\wavs\common_voice_nan-tw_32163126.wav|nan_tw_01|yue|ho2 le4 aa2
E:\008-datasets\mcv-scripted-nan-tw-v23.0\cv-corpus-23.0-2025-09-05\nan-tw\single_speaker\wavs\common_voice_nan-tw_32163127.wav|nan_tw_01|yue|zio̍h1 diann4 bong1 kang1
E:\008-datasets\mcv-scripted-nan-tw-v23.0\cv-corpus-23.0-2025-09-05\nan-tw\single_speaker\wavs\common_voice_nan-tw_32163128.wav|nan_tw_01|yue|hi̍k1 zu2 bu2 ki3
E:\008-datasets\mcv-scripted-nan-tw-v23.0\cv-corpus-23.0-2025-09-05\nan-tw\single_speaker\wavs\common_voice_nan-tw_32163129.wav|nan_tw_01|yue|haa1 lin4
E:\008-datasets\mcv-scripted-nan-tw-v23.0\cv-corpus-23.0-2025-09-05\nan-tw\single_speaker\wavs\common_voice_nan-tw_32163130.wav|nan_tw_01|yue|cing1 tam4 |1 chhang1 tam4
E:\008-datasets\mcv-scripted-nan-tw-v23.0\cv-corpus-23.0-2025-09-05\nan-tw\single_speaker\wavs\common_voice_nan-tw_32163131.wav|nan_tw_01|yue|hing3 haa4 gok1 soe2
E:\008-datasets\mcv-scripted-nan-tw-v23.0\cv-corpus-23.0-2025-09-05\nan-tw\single_speaker\wavs\common_voice_nan-tw_32163132.wav|nan_tw_01|yue|ba̍k1 saa1 gok1 dung1
E:\008-datasets\mcv-scripted-nan-tw-v23.0\cv-corpus-23.0-2025-09-05\nan-tw\single_speaker\wavs\common_voice_nan-tw_32163133.wav|nan_tw_01|yue|hi4 un4 bi2 hun2
E:\008-datasets\mcv-scripted-nan-tw-v23.0\cv-corpus-23.0-2025-09-05\nan-tw\single_speaker\wavs\common_voice_nan-tw_32163134.wav|nan_tw_01|yue|long2 u1
E:\008-datasets\mcv-scripted-nan-tw-v23.0\cv-corpus-23.0-2025-09-05\nan-tw\single_speaker\wavs\common_voice_nan-tw_32163135.wav|nan_tw_01|yue|paat1 taau4 zi2
E:\008-datasets\mcv-scripted-nan-tw-v23.0\cv-corpus-23.0-2025-09-05\nan-tw\single_speaker\wavs\common_voice_nan-tw_32163136.wav|nan_tw_01|yue|lung4 ting4 |1 lung4 tang4
E:\008-datasets\mcv-scripted-nan-tw-v23.0\cv-corpus-23.0-2025-09-05\nan-tw\single_speaker\wavs\common_voice_nan-tw_32163137.wav|nan_tw_01|yue|si̍p1 zun4 si̍p1 bi2
E:\008-datasets\mcv-scripted-nan-tw-v23.0\cv-corpus-23.0-2025-09-05\nan-tw\single_speaker\wavs\common_voice_nan-tw_32163138.wav|nan_tw_01|yue|ge2 e4
E:\008-datasets\mcv-scripted-nan-tw-v23.0\cv-corpus-23.0-2025-09-05\nan-tw\single_speaker\wavs\common_voice_nan-tw_32163139.wav|nan_tw_01|yue|ik1 zing1 ing4 boo1
E:\008-datasets\mcv-scripted-nan-tw-v23.0\cv-corpus-23.0-2025-09-05\nan-tw\single_speaker\wavs\common_voice_nan-tw_32163140.wav|nan_tw_01|yue|gaa2 gaat1 i3 li2
E:\008-datasets\mcv-scripted-nan-tw-v23.0\cv-corpus-23.0-2025-09-05\nan-tw\single_speaker\wavs\common_voice_nan-tw_32163141.wav|nan_tw_01|yue|si3 gi1 ding1 aa2 be1 dan4 m1 zaai1 kaau3
E:\008-datasets\mcv-scripted-nan-tw-v23.0\cv-corpus-23.0-2025-09-05\nan-tw\single_speaker\wavs\common_voice_nan-tw_32163157.wav|nan_tw_01|yue|dung1 zing3 gok1 dung1 soe2
E:\008-datasets\mcv-scripted-nan-tw-v23.0\cv-corpus-23.0-2025-09-05\nan-tw\single_speaker\wavs\common_voice_nan-tw_32163158.wav|nan_tw_01|yue|boo1 gok1 gam1
E:\008-datasets\mcv-scripted-nan-tw-v23.0\cv-corpus-23.0-2025-09-05\nan-tw\single_speaker\wavs\common_voice_nan-tw_32163159.wav|nan_tw_01|yue|cit1 dot1 aa2
E:\008-datasets\mcv-scripted-nan-tw-v23.0\cv-corpus-23.0-2025-09-05\nan-tw\single_speaker\wavs\common_voice_nan-tw_32163160.wav|nan_tw_01|yue|doo1 zim1
E:\008-datasets\mcv-scripted-nan-tw-v23.0\cv-corpus-23.0-2025-09-05\nan-tw\single_speaker\wavs\common_voice_nan-tw_32163161.wav|nan_tw_01|yue|ji̍t1 zi2 bi1 do3 but1 si1 tin1 do1 bo4 bo3
E:\008-datasets\mcv-scripted-nan-tw-v23.0\cv-corpus-23.0-2025-09-05\nan-tw\single_speaker\wavs\common_voice_nan-tw_32163174.wav|nan_tw_01|yue|kenn1 aa2
E:\008-datasets\mcv-scripted-nan-tw-v23.0\cv-corpus-23.0-2025-09-05\nan-tw\single_speaker\wavs\common_voice_nan-tw_32163176.wav|nan_tw_01|yue|zung3 oo1 aa2
E:\008-datasets\mcv-scripted-nan-tw-v23.0\cv-corpus-23.0-2025-09-05\nan-tw\single_speaker\wavs\common_voice_nan-tw_32163177.wav|nan_tw_01|yue|pun3 naa1
E:\008-datasets\mcv-scripted-nan-tw-v23.0\cv-corpus-23.0-2025-09-05\nan-tw\single_speaker\wavs\common_voice_nan-tw_32163178.wav|nan_tw_01|yue|maa2 iunn4 di̍t1 gaai3
E:\008-datasets\mcv-scripted-nan-tw-v23.0\cv-corpus-23.0-2025-09-05\nan-tw\single_speaker\wavs\common_voice_nan-tw_32163179.wav|nan_tw_01|yue|bin4 kun4 loo1
E:\008-datasets\mcv-scripted-nan-tw-v23.0\cv-corpus-23.0-2025-09-05\nan-tw\single_speaker\wavs\common_voice_nan-tw_32163182.wav|nan_tw_01|yue|aau1 za̍h1
E:\008-datasets\mcv-scripted-nan-tw-v23.0\cv-corpus-23.0-2025-09-05\nan-tw\single_speaker\wavs\common_voice_nan-tw_32163183.wav|nan_tw_01|yue|too2 gio̍k1 hun4
E:\008-datasets\mcv-scripted-nan-tw-v23.0\cv-corpus-23.0-2025-09-05\nan-tw\single_speaker\wavs\common_voice_nan-tw_32163184.wav|nan_tw_01|yue|ban1 sok1 e2 giu4
E:\008-datasets\mcv-scripted-nan-tw-v23.0\cv-corpus-23.0-2025-09-05\nan-tw\single_speaker\wavs\common_voice_nan-tw_32163185.wav|nan_tw_01|yue|kaau1 caai3
E:\008-datasets\mcv-scripted-nan-tw-v23.0\cv-corpus-23.0-2025-09-05\nan-tw\single_speaker\wavs\common_voice_nan-tw_32163186.wav|nan_tw_01|yue|dan4 ing4 git1
E:\008-datasets\mcv-scripted-nan-tw-v23.0\cv-corpus-23.0-2025-09-05\nan-tw\single_speaker\wavs\common_voice_nan-tw_32163195.wav|nan_tw_01|yue|zo3 caau3 taau4 ge1 aa2
E:\008-datasets\mcv-scripted-nan-tw-v23.0\cv-corpus-23.0-2025-09-05\nan-tw\single_speaker\wavs\common_voice_nan-tw_32163196.wav|nan_tw_01|yue|dung1 cim1 hang1
E:\008-datasets\mcv-scripted-nan-tw-v23.0\cv-corpus-23.0-2025-09-05\nan-tw\single_speaker\wavs\common_voice_nan-tw_32163197.wav|nan_tw_01|yue|lia̍h1 gaau1 te3
E:\008-datasets\mcv-scripted-nan-tw-v23.0\cv-corpus-23.0-2025-09-05\nan-tw\single_speaker\wavs\common_voice_nan-tw_32163198.wav|nan_tw_01|yue|oo1 pinn3
E:\008-datasets\mcv-scripted-nan-tw-v23.0\cv-corpus-23.0-2025-09-05\nan-tw\single_speaker\wavs\common_voice_nan-tw_32163199.wav|nan_tw_01|yue|bo4 nng1 lang4 soe1 cin1 ciunn1
E:\008-datasets\mcv-scripted-nan-tw-v23.0\cv-corpus-23.0-2025-09-05\nan-tw\single_speaker\wavs\common_voice_nan-tw_32163211.wav|nan_tw_01|yue|m1 zaai1 zin3 te3 |1 mt1 saai1 zin3 te3
E:\008-datasets\mcv-scripted-nan-tw-v23.0\cv-corpus-23.0-2025-09-05\nan-tw\single_speaker\wavs\common_voice_nan-tw_32163212.wav|nan_tw_01|yue|i2 seoi2
E:\008-datasets\mcv-scripted-nan-tw-v23.0\cv-corpus-23.0-2025-09-05\nan-tw\single_speaker\wavs\common_voice_nan-tw_32163213.wav|nan_tw_01|yue|goo1 lang4 bang4
E:\008-datasets\mcv-scripted-nan-tw-v23.0\cv-corpus-23.0-2025-09-05\nan-tw\single_speaker\wavs\common_voice_nan-tw_32163214.wav|nan_tw_01|yue|la̍k1 gaat1 ding2 aa2 |1 la̍k1 gaat1 dang2 aa2
E:\008-datasets\mcv-scripted-nan-tw-v23.0\cv-corpus-23.0-2025-09-05\nan-tw\single_speaker\wavs\common_voice_nan-tw_32163215.wav|nan_tw_01|yue|oo4 dia̍p1 siu4
E:\008-datasets\mcv-scripted-nan-tw-v23.0\cv-corpus-23.0-2025-09-05\nan-tw\single_speaker\wavs\common_voice_nan-tw_32163221.wav|nan_tw_01|yue|giann1 cuah1
E:\008-datasets\mcv-scripted-nan-tw-v23.0\cv-corpus-23.0-2025-09-05\nan-tw\single_speaker\wavs\common_voice_nan-tw_32163222.wav|nan_tw_01|yue|too4 pang1 aa2
E:\008-datasets\mcv-scripted-nan-tw-v23.0\cv-corpus-23.0-2025-09-05\nan-tw\single_speaker\wavs\common_voice_nan-tw_32163223.wav|nan_tw_01|yue|se3 baat1
E:\008-datasets\mcv-scripted-nan-tw-v23.0\cv-corpus-23.0-2025-09-05\nan-tw\single_speaker\wavs\common_voice_nan-tw_32163224.wav|nan_tw_01|yue|tit1 gu4 ce1
E:\008-datasets\mcv-scripted-nan-tw-v23.0\cv-corpus-23.0-2025-09-05\nan-tw\single_speaker\wavs\common_voice_nan-tw_32163225.wav|nan_tw_01|yue|aa2 bet1
E:\008-datasets\mcv-scripted-nan-tw-v23.0\cv-corpus-23.0-2025-09-05\nan-tw\single_speaker\wavs\common_voice_nan-tw_32163228.wav|nan_tw_01|yue|go1 hung4
E:\008-datasets\mcv-scripted-nan-tw-v23.0\cv-corpus-23.0-2025-09-05\nan-tw\single_speaker\wavs\common_voice_nan-tw_32163229.wav|nan_tw_01|yue|u1 iann2 u1 ziah1
E:\008-datasets\mcv-scripted-nan-tw-v23.0\cv-corpus-23.0-2025-09-05\nan-tw\single_speaker\wavs\common_voice_nan-tw_32163230.wav|nan_tw_01|yue|zu1
E:\008-datasets\mcv-scripted-nan-tw-v23.0\cv-corpus-23.0-2025-09-05\nan-tw\single_speaker\wavs\common_voice_nan-tw_32163231.wav|nan_tw_01|yue|zu1 mi̍h1 gi1
E:\008-datasets\mcv-scripted-nan-tw-v23.0\cv-corpus-23.0-2025-09-05\nan-tw\single_speaker\wavs\common_voice_nan-tw_32163232.wav|nan_tw_01|yue|aai3 sin1 gak1 lo4
E:\008-datasets\mcv-scripted-nan-tw-v23.0\cv-corpus-23.0-2025-09-05\nan-tw\single_speaker\wavs\common_voice_nan-tw_32163236.wav|nan_tw_01|yue|dong4 jin4 ge1
E:\008-datasets\mcv-scripted-nan-tw-v23.0\cv-corpus-23.0-2025-09-05\nan-tw\single_speaker\wavs\common_voice_nan-tw_32163237.wav|nan_tw_01|yue|din1 her2
E:\008-datasets\mcv-scripted-nan-tw-v23.0\cv-corpus-23.0-2025-09-05\nan-tw\single_speaker\wavs\common_voice_nan-tw_32163238.wav|nan_tw_01|yue|se2 zinn4
E:\008-datasets\mcv-scripted-nan-tw-v23.0\cv-corpus-23.0-2025-09-05\nan-tw\single_speaker\wavs\common_voice_nan-tw_32163239.wav|nan_tw_01|yue|baa1 daat1 baa1 daat1
E:\008-datasets\mcv-scripted-nan-tw-v23.0\cv-corpus-23.0-2025-09-05\nan-tw\single_speaker\wavs\common_voice_nan-tw_32163240.wav|nan_tw_01|yue|su3 hong1 gim1
E:\008-datasets\mcv-scripted-nan-tw-v23.0\cv-corpus-23.0-2025-09-05\nan-tw\single_speaker\wavs\common_voice_nan-tw_32163245.wav|nan_tw_01|yue|ci1 zeoi2
E:\008-datasets\mcv-scripted-nan-tw-v23.0\cv-corpus-23.0-2025-09-05\nan-tw\single_speaker\wavs\common_voice_nan-tw_32163246.wav|nan_tw_01|yue|si1 m1 si1
E:\008-datasets\mcv-scripted-nan-tw-v23.0\cv-corpus-23.0-2025-09-05\nan-tw\single_speaker\wavs\common_voice_nan-tw_32163247.wav|nan_tw_01|yue|ho2 ge1 baat1 bng1
E:\008-datasets\mcv-scripted-nan-tw-v23.0\cv-corpus-23.0-2025-09-05\nan-tw\single_speaker\wavs\common_voice_nan-tw_32163248.wav|nan_tw_01|yue|cin1 gin4 ban1 gi2
E:\008-datasets\mcv-scripted-nan-tw-v23.0\cv-corpus-23.0-2025-09-05\nan-tw\single_speaker\wavs\common_voice_nan-tw_32163249.wav|nan_tw_01|yue|zin3 long4
E:\008-datasets\mcv-scripted-nan-tw-v23.0\cv-corpus-23.0-2025-09-05\nan-tw\single_speaker\wavs\common_voice_nan-tw_32163251.wav|nan_tw_01|yue|ung1 sim1 ge3 gaau3
E:\008-datasets\mcv-scripted-nan-tw-v23.0\cv-corpus-23.0-2025-09-05\nan-tw\single_speaker\wavs\common_voice_nan-tw_32163252.wav|nan_tw_01|yue|zun4 aa2 caau2
E:\008-datasets\mcv-scripted-nan-tw-v23.0\cv-corpus-23.0-2025-09-05\nan-tw\single_speaker\wavs\common_voice_nan-tw_32163253.wav|nan_tw_01|yue|dang1 zio̍h1
E:\008-datasets\mcv-scripted-nan-tw-v23.0\cv-corpus-23.0-2025-09-05\nan-tw\single_speaker\wavs\common_voice_nan-tw_32163254.wav|nan_tw_01|yue|suah1 ging1
E:\008-datasets\mcv-scripted-nan-tw-v23.0\cv-corpus-23.0-2025-09-05\nan-tw\single_speaker\wavs\common_voice_nan-tw_32163261.wav|nan_tw_01|yue|loo4 daa3
E:\008-datasets\mcv-scripted-nan-tw-v23.0\cv-corpus-23.0-2025-09-05\nan-tw\single_speaker\wavs\common_voice_nan-tw_32163285.wav|nan_tw_01|yue|sut1 too2 de1
E:\008-datasets\mcv-scripted-nan-tw-v23.0\cv-corpus-23.0-2025-09-05\nan-tw\single_speaker\wavs\common_voice_nan-tw_32163286.wav|nan_tw_01|yue|dtua1 hio̍h1 gaau3 la̍t1
E:\008-datasets\mcv-scripted-nan-tw-v23.0\cv-corpus-23.0-2025-09-05\nan-tw\single_speaker\wavs\common_voice_nan-tw_32163287.wav|nan_tw_01|yue|kaau3 be1
E:\008-datasets\mcv-scripted-nan-tw-v23.0\cv-corpus-23.0-2025-09-05\nan-tw\single_speaker\wavs\common_voice_nan-tw_32163288.wav|nan_tw_01|yue|siann3 hu̍t1 bo4 hun1 daa1 se3 sin1
E:\008-datasets\mcv-scripted-nan-tw-v23.0\cv-corpus-23.0-2025-09-05\nan-tw\single_speaker\wavs\common_voice_nan-tw_32163289.wav|nan_tw_01|yue|ji̍p1 bin4
E:\008-datasets\mcv-scripted-nan-tw-v23.0\cv-corpus-23.0-2025-09-05\nan-tw\single_speaker\wavs\common_voice_nan-tw_32163300.wav|nan_tw_01|yue|lu2 dong4 zi3
E:\008-datasets\mcv-scripted-nan-tw-v23.0\cv-corpus-23.0-2025-09-05\nan-tw\single_speaker\wavs\common_voice_nan-tw_32163301.wav|nan_tw_01|yue|ceoi3 gak1
E:\008-datasets\mcv-scripted-nan-tw-v23.0\cv-corpus-23.0-2025-09-05\nan-tw\single_speaker\wavs\common_voice_nan-tw_32163302.wav|nan_tw_01|yue|zu1 iu4 zi1 zin3
E:\008-datasets\mcv-scripted-nan-tw-v23.0\cv-corpus-23.0-2025-09-05\nan-tw\single_speaker\wavs\common_voice_nan-tw_32163303.wav|nan_tw_01|yue|gaau1 ko2
E:\008-datasets\mcv-scripted-nan-tw-v23.0\cv-corpus-23.0-2025-09-05\nan-tw\single_speaker\wavs\common_voice_nan-tw_32163304.wav|nan_tw_01|yue|it1 lia̍p1 it1
E:\008-datasets\mcv-scripted-nan-tw-v23.0\cv-corpus-23.0-2025-09-05\nan-tw\single_speaker\wavs\common_voice_nan-tw_32163305.wav|nan_tw_01|yue|dim4 zeoi2 lam1
E:\008-datasets\mcv-scripted-nan-tw-v23.0\cv-corpus-23.0-2025-09-05\nan-tw\single_speaker\wavs\common_voice_nan-tw_32163306.wav|nan_tw_01|yue|boo3 koo1 aa2
E:\008-datasets\mcv-scripted-nan-tw-v23.0\cv-corpus-23.0-2025-09-05\nan-tw\single_speaker\wavs\common_voice_nan-tw_32163307.wav|nan_tw_01|yue|haa1 haa1 oo1
E:\008-datasets\mcv-scripted-nan-tw-v23.0\cv-corpus-23.0-2025-09-05\nan-tw\single_speaker\wavs\common_voice_nan-tw_32163308.wav|nan_tw_01|yue|iu4 sang3 daau4 poe3
E:\008-datasets\mcv-scripted-nan-tw-v23.0\cv-corpus-23.0-2025-09-05\nan-tw\single_speaker\wavs\common_voice_nan-tw_32163309.wav|nan_tw_01|yue|m1 si1 kun2
E:\008-datasets\mcv-scripted-nan-tw-v23.0\cv-corpus-23.0-2025-09-05\nan-tw\single_speaker\wavs\common_voice_nan-tw_32163312.wav|nan_tw_01|yue|ho2 doo1 bet1
E:\008-datasets\mcv-scripted-nan-tw-v23.0\cv-corpus-23.0-2025-09-05\nan-tw\single_speaker\wavs\common_voice_nan-tw_32163313.wav|nan_tw_01|yue|sit1 bin4
E:\008-datasets\mcv-scripted-nan-tw-v23.0\cv-corpus-23.0-2025-09-05\nan-tw\single_speaker\wavs\common_voice_nan-tw_32163314.wav|nan_tw_01|yue|to4 zi3 gi4
E:\008-datasets\mcv-scripted-nan-tw-v23.0\cv-corpus-23.0-2025-09-05\nan-tw\single_speaker\wavs\common_voice_nan-tw_32163315.wav|nan_tw_01|yue|du̍t1 bin2
E:\008-datasets\mcv-scripted-nan-tw-v23.0\cv-corpus-23.0-2025-09-05\nan-tw\single_speaker\wavs\common_voice_nan-tw_32163317.wav|nan_tw_01|yue|haai1 zaai1 haai1 zaai1
E:\008-datasets\mcv-scripted-nan-tw-v23.0\cv-corpus-23.0-2025-09-05\nan-tw\single_speaker\wavs\common_voice_nan-tw_32163330.wav|nan_tw_01|yue|go1 hot1 iu4 |1 go1 hit1 iu4
E:\008-datasets\mcv-scripted-nan-tw-v23.0\cv-corpus-23.0-2025-09-05\nan-tw\single_speaker\wavs\common_voice_nan-tw_32163331.wav|nan_tw_01|yue|ho2 soe1 cu3
E:\008-datasets\mcv-scripted-nan-tw-v23.0\cv-corpus-23.0-2025-09-05\nan-tw\single_speaker\wavs\common_voice_nan-tw_32163332.wav|nan_tw_01|yue|hong1 sut1 |1 hong1 set1
E:\008-datasets\mcv-scripted-nan-tw-v23.0\cv-corpus-23.0-2025-09-05\nan-tw\single_speaker\wavs\common_voice_nan-tw_32163333.wav|nan_tw_01|yue|sin1 bak1 daa1 doo1 ho1 gong1 hng4
E:\008-datasets\mcv-scripted-nan-tw-v23.0\cv-corpus-23.0-2025-09-05\nan-tw\single_speaker\wavs\common_voice_nan-tw_32163334.wav|nan_tw_01|yue|kaa1 taau4 uann2
E:\008-datasets\mcv-scripted-nan-tw-v23.0\cv-corpus-23.0-2025-09-05\nan-tw\single_speaker\wavs\common_voice_nan-tw_32163344.wav|nan_tw_01|yue|boe1 gong1
E:\008-datasets\mcv-scripted-nan-tw-v23.0\cv-corpus-23.0-2025-09-05\nan-tw\single_speaker\wavs\common_voice_nan-tw_32163345.wav|nan_tw_01|yue|sot1 aa2 soe2 han4 let1 do1 e1 saai2
E:\008-datasets\mcv-scripted-nan-tw-v23.0\cv-corpus-23.0-2025-09-05\nan-tw\single_speaker\wavs\common_voice_nan-tw_32163346.wav|nan_tw_01|yue|bo2 sin1 do̍k1 sin1
E:\008-datasets\mcv-scripted-nan-tw-v23.0\cv-corpus-23.0-2025-09-05\nan-tw\single_speaker\wavs\common_voice_nan-tw_32163347.wav|nan_tw_01|yue|hong1 oan2 hung1
E:\008-datasets\mcv-scripted-nan-tw-v23.0\cv-corpus-23.0-2025-09-05\nan-tw\single_speaker\wavs\common_voice_nan-tw_32163348.wav|nan_tw_01|yue|ki2 too4 lung4 |1 ki2 too4 ling4
E:\008-datasets\mcv-scripted-nan-tw-v23.0\cv-corpus-23.0-2025-09-05\nan-tw\single_speaker\wavs\common_voice_nan-tw_32163368.wav|nan_tw_01|yue|cut1 taau4
E:\008-datasets\mcv-scripted-nan-tw-v23.0\cv-corpus-23.0-2025-09-05\nan-tw\single_speaker\wavs\common_voice_nan-tw_32163369.wav|nan_tw_01|yue|zeoi2 deoi3 aa2 |1 cheoi2 deoi3 aa2
E:\008-datasets\mcv-scripted-nan-tw-v23.0\cv-corpus-23.0-2025-09-05\nan-tw\single_speaker\wavs\common_voice_nan-tw_32163370.wav|nan_tw_01|yue|zeoi2 zun2 aa2
E:\008-datasets\mcv-scripted-nan-tw-v23.0\cv-corpus-23.0-2025-09-05\nan-tw\single_speaker\wavs\common_voice_nan-tw_32163371.wav|nan_tw_01|yue|ge1 aa2 gok1 gok1 goe3
E:\008-datasets\mcv-scripted-nan-tw-v23.0\cv-corpus-23.0-2025-09-05\nan-tw\single_speaker\wavs\common_voice_nan-tw_32163372.wav|nan_tw_01|yue|aa1 baat1 ni4
E:\008-datasets\mcv-scripted-nan-tw-v23.0\cv-corpus-23.0-2025-09-05\nan-tw\single_speaker\wavs\common_voice_nan-tw_32163383.wav|nan_tw_01|yue|boo1 li2 zam1 |1 bo͘1 li2 cham1
E:\008-datasets\mcv-scripted-nan-tw-v23.0\cv-corpus-23.0-2025-09-05\nan-tw\single_speaker\wavs\common_voice_nan-tw_32163384.wav|nan_tw_01|yue|sin1 haai1
E:\008-datasets\mcv-scripted-nan-tw-v23.0\cv-corpus-23.0-2025-09-05\nan-tw\single_speaker\wavs\common_voice_nan-tw_32163385.wav|nan_tw_01|yue|jiu2 lin1
E:\008-datasets\mcv-scripted-nan-tw-v23.0\cv-corpus-23.0-2025-09-05\nan-tw\single_speaker\wavs\common_voice_nan-tw_32163387.wav|nan_tw_01|yue|bo4 siann2 mi̍h1
E:\008-datasets\mcv-scripted-nan-tw-v23.0\cv-corpus-23.0-2025-09-05\nan-tw\single_speaker\wavs\common_voice_nan-tw_32163399.wav|nan_tw_01|yue|daau4 iann2 ding1
E:\008-datasets\mcv-scripted-nan-tw-v23.0\cv-corpus-23.0-2025-09-05\nan-tw\single_speaker\wavs\common_voice_nan-tw_32163400.wav|nan_tw_01|yue|gin3 an1 gok1 soe2
E:\008-datasets\mcv-scripted-nan-tw-v23.0\cv-corpus-23.0-2025-09-05\nan-tw\single_speaker\wavs\common_voice_nan-tw_32163401.wav|nan_tw_01|yue|gap1 zaa2 gi1
E:\008-datasets\mcv-scripted-nan-tw-v23.0\cv-corpus-23.0-2025-09-05\nan-tw\single_speaker\wavs\common_voice_nan-tw_32163402.wav|nan_tw_01|yue|bi̍k1 toe4 gaai1 lo2 |1 bi̍k1 toe4 gaai1 noo2
E:\008-datasets\mcv-scripted-nan-tw-v23.0\cv-corpus-23.0-2025-09-05\nan-tw\single_speaker\wavs\common_voice_nan-tw_32163403.wav|nan_tw_01|yue|sann1 gaai2
E:\008-datasets\mcv-scripted-nan-tw-v23.0\cv-corpus-23.0-2025-09-05\nan-tw\single_speaker\wavs\common_voice_nan-tw_32163429.wav|nan_tw_01|yue|jin4 sim1 but1 zuk1 se4 tun1 ciunn1
E:\008-datasets\mcv-scripted-nan-tw-v23.0\cv-corpus-23.0-2025-09-05\nan-tw\single_speaker\wavs\common_voice_nan-tw_32163430.wav|nan_tw_01|yue|soo1 get1 lan4
E:\008-datasets\mcv-scripted-nan-tw-v23.0\cv-corpus-23.0-2025-09-05\nan-tw\single_speaker\wavs\common_voice_nan-tw_32163431.wav|nan_tw_01|yue|sung1 ho4 ge1
E:\008-datasets\mcv-scripted-nan-tw-v23.0\cv-corpus-23.0-2025-09-05\nan-tw\single_speaker\wavs\common_voice_nan-tw_32163432.wav|nan_tw_01|yue|hun2 lia̍p1 zu2
E:\008-datasets\mcv-scripted-nan-tw-v23.0\cv-corpus-23.0-2025-09-05\nan-tw\single_speaker\wavs\common_voice_nan-tw_32163433.wav|nan_tw_01|yue|tong2 boo1 |1 tong2 bo͘1
E:\008-datasets\mcv-scripted-nan-tw-v23.0\cv-corpus-23.0-2025-09-05\nan-tw\single_speaker\wavs\common_voice_nan-tw_32163439.wav|nan_tw_01|yue|sann1 hok1 go1 |1 san1 hok1 goe1
E:\008-datasets\mcv-scripted-nan-tw-v23.0\cv-corpus-23.0-2025-09-05\nan-tw\single_speaker\wavs\common_voice_nan-tw_32163440.wav|nan_tw_01|yue|ut1 lut1
E:\008-datasets\mcv-scripted-nan-tw-v23.0\cv-corpus-23.0-2025-09-05\nan-tw\single_speaker\wavs\common_voice_nan-tw_32163441.wav|nan_tw_01|yue|go1 hung4 e4 giu2 lung4 bin1 gi4 gun2
E:\008-datasets\mcv-scripted-nan-tw-v23.0\cv-corpus-23.0-2025-09-05\nan-tw\single_speaker\wavs\common_voice_nan-tw_32163442.wav|nan_tw_01|yue|zi̍t1 gng2
E:\008-datasets\mcv-scripted-nan-tw-v23.0\cv-corpus-23.0-2025-09-05\nan-tw\single_speaker\wavs\common_voice_nan-tw_32163443.wav|nan_tw_01|yue|huainn4 cit1 bin1
E:\008-datasets\mcv-scripted-nan-tw-v23.0\cv-corpus-23.0-2025-09-05\nan-tw\single_speaker\wavs\common_voice_nan-tw_32163459.wav|nan_tw_01|yue|gung1 hi2 hut1 zaai4
E:\008-datasets\mcv-scripted-nan-tw-v23.0\cv-corpus-23.0-2025-09-05\nan-tw\single_speaker\wavs\common_voice_nan-tw_32163460.wav|nan_tw_01|yue|daa1 oo4 gong1 hng4
E:\008-datasets\mcv-scripted-nan-tw-v23.0\cv-corpus-23.0-2025-09-05\nan-tw\single_speaker\wavs\common_voice_nan-tw_32163461.wav|nan_tw_01|yue|am1 kang1 beoi4 gu1
E:\008-datasets\mcv-scripted-nan-tw-v23.0\cv-corpus-23.0-2025-09-05\nan-tw\single_speaker\wavs\common_voice_nan-tw_32163462.wav|nan_tw_01|yue|maa4 ni4
E:\008-datasets\mcv-scripted-nan-tw-v23.0\cv-corpus-23.0-2025-09-05\nan-tw\single_speaker\wavs\common_voice_nan-tw_32163463.wav|nan_tw_01|yue|ding2 lun1 be2 |1 dang2 lun1 be2
E:\008-datasets\mcv-scripted-nan-tw-v23.0\cv-corpus-23.0-2025-09-05\nan-tw\single_speaker\wavs\common_voice_nan-tw_32163466.wav|nan_tw_01|yue|jin4 dik1 ku1
E:\008-datasets\mcv-scripted-nan-tw-v23.0\cv-corpus-23.0-2025-09-05\nan-tw\single_speaker\wavs\common_voice_nan-tw_32163467.wav|nan_tw_01|yue|sioh1 me1
E:\008-datasets\mcv-scripted-nan-tw-v23.0\cv-corpus-23.0-2025-09-05\nan-tw\single_speaker\wavs\common_voice_nan-tw_32163468.wav|nan_tw_01|yue|ziah1 be1 hoo1 lang4 kuann3 bo4 ba̍k1 de1
E:\008-datasets\mcv-scripted-nan-tw-v23.0\cv-corpus-23.0-2025-09-05\nan-tw\single_speaker\wavs\common_voice_nan-tw_32163469.wav|nan_tw_01|yue|binn3 siann3 bang2
E:\008-datasets\mcv-scripted-nan-tw-v23.0\cv-corpus-23.0-2025-09-05\nan-tw\single_speaker\wavs\common_voice_nan-tw_32163470.wav|nan_tw_01|yue|si̍t1 zot1
E:\008-datasets\mcv-scripted-nan-tw-v23.0\cv-corpus-23.0-2025-09-05\nan-tw\single_speaker\wavs\common_voice_nan-tw_32163473.wav|nan_tw_01|yue|lam4 biu4 paai3 cut1 soo2 |1 lam4 biu4 paai3 chhut1 so͘2
E:\008-datasets\mcv-scripted-nan-tw-v23.0\cv-corpus-23.0-2025-09-05\nan-tw\single_speaker\wavs\common_voice_nan-tw_32163488.wav|nan_tw_01|yue|ziu1 bak1 ngaa2
E:\008-datasets\mcv-scripted-nan-tw-v23.0\cv-corpus-23.0-2025-09-05\nan-tw\single_speaker\wavs\common_voice_nan-tw_32163489.wav|nan_tw_01|yue|daa1 taau4 ge1
E:\008-datasets\mcv-scripted-nan-tw-v23.0\cv-corpus-23.0-2025-09-05\nan-tw\single_speaker\wavs\common_voice_nan-tw_32163490.wav|nan_tw_01|yue|sin1 dim3 ko1
E:\008-datasets\mcv-scripted-nan-tw-v23.0\cv-corpus-23.0-2025-09-05\nan-tw\single_speaker\wavs\common_voice_nan-tw_32163491.wav|nan_tw_01|yue|can4 pong3 ho1
E:\008-datasets\mcv-scripted-nan-tw-v23.0\cv-corpus-23.0-2025-09-05\nan-tw\single_speaker\wavs\common_voice_nan-tw_32163492.wav|nan_tw_01|yue|ban1 siu1 bu4 gung1
E:\008-datasets\mcv-scripted-nan-tw-v23.0\cv-corpus-23.0-2025-09-05\nan-tw\single_speaker\wavs\common_voice_nan-tw_32163500.wav|nan_tw_01|yue|zi̍t1 boo1 caa1 boo1 boo1 caa1
E:\008-datasets\mcv-scripted-nan-tw-v23.0\cv-corpus-23.0-2025-09-05\nan-tw\single_speaker\wavs\common_voice_nan-tw_32163501.wav|nan_tw_01|yue|pin2 bing4
E:\008-datasets\mcv-scripted-nan-tw-v23.0\cv-corpus-23.0-2025-09-05\nan-tw\single_speaker\wavs\common_voice_nan-tw_32163502.wav|nan_tw_01|yue|si̍p1 lin4 siu1 dik1 dong4 zun4 doo1
E:\008-datasets\mcv-scripted-nan-tw-v23.0\cv-corpus-23.0-2025-09-05\nan-tw\single_speaker\wavs\common_voice_nan-tw_32163503.wav|nan_tw_01|yue|jin4 dung1 ki2
E:\008-datasets\mcv-scripted-nan-tw-v23.0\cv-corpus-23.0-2025-09-05\nan-tw\single_speaker\wavs\common_voice_nan-tw_32163504.wav|nan_tw_01|yue|hun1 bo2 |1 be2
E:\008-datasets\mcv-scripted-nan-tw-v23.0\cv-corpus-23.0-2025-09-05\nan-tw\single_speaker\wavs\common_voice_nan-tw_32163510.wav|nan_tw_01|yue|tit1 bang1 soe1
E:\008-datasets\mcv-scripted-nan-tw-v23.0\cv-corpus-23.0-2025-09-05\nan-tw\single_speaker\wavs\common_voice_nan-tw_32163511.wav|nan_tw_01|yue|be̍h1 he4
E:\008-datasets\mcv-scripted-nan-tw-v23.0\cv-corpus-23.0-2025-09-05\nan-tw\single_speaker\wavs\common_voice_nan-tw_32163512.wav|nan_tw_01|yue|gaa2 ze1
E:\008-datasets\mcv-scripted-nan-tw-v23.0\cv-corpus-23.0-2025-09-05\nan-tw\single_speaker\wavs\common_voice_nan-tw_32163513.wav|nan_tw_01|yue|sin1 gim4 gong1 hng4
E:\008-datasets\mcv-scripted-nan-tw-v23.0\cv-corpus-23.0-2025-09-05\nan-tw\single_speaker\wavs\common_voice_nan-tw_32163514.wav|nan_tw_01|yue|aau1 de2 aa1 laa1
E:\008-datasets\mcv-scripted-nan-tw-v23.0\cv-corpus-23.0-2025-09-05\nan-tw\single_speaker\wavs\common_voice_nan-tw_32169532.wav|nan_tw_01|yue|he4 aa2 bing1 caau2 me̍h1 zung3
E:\008-datasets\mcv-scripted-nan-tw-v23.0\cv-corpus-23.0-2025-09-05\nan-tw\single_speaker\wavs\common_voice_nan-tw_32169533.wav|nan_tw_01|yue|sin4 ni1
E:\008-datasets\mcv-scripted-nan-tw-v23.0\cv-corpus-23.0-2025-09-05\nan-tw\single_speaker\wavs\common_voice_nan-tw_32169534.wav|nan_tw_01|yue|i1 senn1 zo3 kaat1 iu3 gut1
E:\008-datasets\mcv-scripted-nan-tw-v23.0\cv-corpus-23.0-2025-09-05\nan-tw\single_speaker\wavs\common_voice_nan-tw_32169535.wav|nan_tw_01|yue|huih1 ham1
E:\008-datasets\mcv-scripted-nan-tw-v23.0\cv-corpus-23.0-2025-09-05\nan-tw\single_speaker\wavs\common_voice_nan-tw_32169536.wav|nan_tw_01|yue|gok1 li̍p1 daai4 un4 daai1 ha̍k1
E:\008-datasets\mcv-scripted-nan-tw-v23.0\cv-corpus-23.0-2025-09-05\nan-tw\single_speaker\wavs\common_voice_nan-tw_32169567.wav|nan_tw_01|yue|ho4 siunn1 ziu1 |1 he4 siunn1 ziu1
E:\008-datasets\mcv-scripted-nan-tw-v23.0\cv-corpus-23.0-2025-09-05\nan-tw\single_speaker\wavs\common_voice_nan-tw_32169568.wav|nan_tw_01|yue|ce4 leoi1
E:\008-datasets\mcv-scripted-nan-tw-v23.0\cv-corpus-23.0-2025-09-05\nan-tw\single_speaker\wavs\common_voice_nan-tw_32169569.wav|nan_tw_01|yue|dong4 si1 sam1 bik1 siu2
E:\008-datasets\mcv-scripted-nan-tw-v23.0\cv-corpus-23.0-2025-09-05\nan-tw\single_speaker\wavs\common_voice_nan-tw_32169570.wav|nan_tw_01|yue|hm̍h1 hm̍h1
E:\008-datasets\mcv-scripted-nan-tw-v23.0\cv-corpus-23.0-2025-09-05\nan-tw\single_speaker\wavs\common_voice_nan-tw_32169571.wav|nan_tw_01|yue|caau2 da̍h1
E:\008-datasets\mcv-scripted-nan-tw-v23.0\cv-corpus-23.0-2025-09-05\nan-tw\single_speaker\wavs\common_voice_nan-tw_32169587.wav|nan_tw_01|yue|boe1 zing4 |1 boe1 chang4
E:\008-datasets\mcv-scripted-nan-tw-v23.0\cv-corpus-23.0-2025-09-05\nan-tw\single_speaker\wavs\common_voice_nan-tw_32169588.wav|nan_tw_01|yue|sann1 hing1 gok1 soe2
E:\008-datasets\mcv-scripted-nan-tw-v23.0\cv-corpus-23.0-2025-09-05\nan-tw\single_speaker\wavs\common_voice_nan-tw_32169589.wav|nan_tw_01|yue|gang1 bo1 gong1 buann3
E:\008-datasets\mcv-scripted-nan-tw-v23.0\cv-corpus-23.0-2025-09-05\nan-tw\single_speaker\wavs\common_voice_nan-tw_32169590.wav|nan_tw_01|yue|sun1 bin4 |1 sun1 bin4
E:\008-datasets\mcv-scripted-nan-tw-v23.0\cv-corpus-23.0-2025-09-05\nan-tw\single_speaker\wavs\common_voice_nan-tw_32169591.wav|nan_tw_01|yue|siunn1 kang1 siunn1 pang1
E:\008-datasets\mcv-scripted-nan-tw-v23.0\cv-corpus-23.0-2025-09-05\nan-tw\single_speaker\wavs\common_voice_nan-tw_32169597.wav|nan_tw_01|yue|bu4 iann2 bu4 ziah1
E:\008-datasets\mcv-scripted-nan-tw-v23.0\cv-corpus-23.0-2025-09-05\nan-tw\single_speaker\wavs\common_voice_nan-tw_32169598.wav|nan_tw_01|yue|heoi4 aa2 dim3
E:\008-datasets\mcv-scripted-nan-tw-v23.0\cv-corpus-23.0-2025-09-05\nan-tw\single_speaker\wavs\common_voice_nan-tw_32169599.wav|nan_tw_01|yue|heoi1
E:\008-datasets\mcv-scripted-nan-tw-v23.0\cv-corpus-23.0-2025-09-05\nan-tw\single_speaker\wavs\common_voice_nan-tw_32169600.wav|nan_tw_01|yue|kaa1 taau4 u1 uann2
E:\008-datasets\mcv-scripted-nan-tw-v23.0\cv-corpus-23.0-2025-09-05\nan-tw\single_speaker\wavs\common_voice_nan-tw_32169601.wav|nan_tw_01|yue|di1 aa2 go3 zo4 pang1
E:\008-datasets\mcv-scripted-nan-tw-v23.0\cv-corpus-23.0-2025-09-05\nan-tw\single_speaker\wavs\common_voice_nan-tw_32169607.wav|nan_tw_01|yue|u1 gin2 aa2
E:\008-datasets\mcv-scripted-nan-tw-v23.0\cv-corpus-23.0-2025-09-05\nan-tw\single_speaker\wavs\common_voice_nan-tw_32169610.wav|nan_tw_01|yue|bi2 bi2 ziu2
E:\008-datasets\mcv-scripted-nan-tw-v23.0\cv-corpus-23.0-2025-09-05\nan-tw\single_speaker\wavs\common_voice_nan-tw_32169612.wav|nan_tw_01|yue|ging2 suann1 ke1 |1 gang2 soa1 ke1
E:\008-datasets\mcv-scripted-nan-tw-v23.0\cv-corpus-23.0-2025-09-05\nan-tw\single_speaker\wavs\common_voice_nan-tw_32169613.wav|nan_tw_01|yue|se3 un1
E:\008-datasets\mcv-scripted-nan-tw-v23.0\cv-corpus-23.0-2025-09-05\nan-tw\single_speaker\wavs\common_voice_nan-tw_32169615.wav|nan_tw_01|yue|bi1 bi1 aa2
E:\008-datasets\mcv-scripted-nan-tw-v23.0\cv-corpus-23.0-2025-09-05\nan-tw\single_speaker\wavs\common_voice_nan-tw_32169621.wav|nan_tw_01|yue|zuk1 suann1 |1 chuk1 soa1
E:\008-datasets\mcv-scripted-nan-tw-v23.0\cv-corpus-23.0-2025-09-05\nan-tw\single_speaker\wavs\common_voice_nan-tw_32169622.wav|nan_tw_01|yue|goo1 kaa1 so4 cut1 laai4
E:\008-datasets\mcv-scripted-nan-tw-v23.0\cv-corpus-23.0-2025-09-05\nan-tw\single_speaker\wavs\common_voice_nan-tw_32169623.wav|nan_tw_01|yue|bi2 le1 do2
E:\008-datasets\mcv-scripted-nan-tw-v23.0\cv-corpus-23.0-2025-09-05\nan-tw\single_speaker\wavs\common_voice_nan-tw_32169624.wav|nan_tw_01|yue|kim4 hing1 baat1
E:\008-datasets\mcv-scripted-nan-tw-v23.0\cv-corpus-23.0-2025-09-05\nan-tw\single_speaker\wavs\common_voice_nan-tw_32169625.wav|nan_tw_01|yue|be1 o1 lo2 dit1
E:\008-datasets\mcv-scripted-nan-tw-v23.0\cv-corpus-23.0-2025-09-05\nan-tw\single_speaker\wavs\common_voice_nan-tw_32169646.wav|nan_tw_01|yue|zoeng1 gun1 o3 |1 zung1 gun1 o3
E:\008-datasets\mcv-scripted-nan-tw-v23.0\cv-corpus-23.0-2025-09-05\nan-tw\single_speaker\wavs\common_voice_nan-tw_32169647.wav|nan_tw_01|yue|haai2 te1
E:\008-datasets\mcv-scripted-nan-tw-v23.0\cv-corpus-23.0-2025-09-05\nan-tw\single_speaker\wavs\common_voice_nan-tw_32169648.wav|nan_tw_01|yue|u1 laai4 u1 ong2
E:\008-datasets\mcv-scripted-nan-tw-v23.0\cv-corpus-23.0-2025-09-05\nan-tw\single_speaker\wavs\common_voice_nan-tw_32169649.wav|nan_tw_01|yue|gaa1 dang1
E:\008-datasets\mcv-scripted-nan-tw-v23.0\cv-corpus-23.0-2025-09-05\nan-tw\single_speaker\wavs\common_voice_nan-tw_32169650.wav|nan_tw_01|yue|cu2 hung4 gan2
E:\008-datasets\mcv-scripted-nan-tw-v23.0\cv-corpus-23.0-2025-09-05\nan-tw\single_speaker\wavs\common_voice_nan-tw_32169661.wav|nan_tw_01|yue|haai2 ci3 lung4
E:\008-datasets\mcv-scripted-nan-tw-v23.0\cv-corpus-23.0-2025-09-05\nan-tw\single_speaker\wavs\common_voice_nan-tw_32169662.wav|nan_tw_01|yue|ki3 kun3
E:\008-datasets\mcv-scripted-nan-tw-v23.0\cv-corpus-23.0-2025-09-05\nan-tw\single_speaker\wavs\common_voice_nan-tw_32169663.wav|nan_tw_01|yue|ban1 ang4 hung1
E:\008-datasets\mcv-scripted-nan-tw-v23.0\cv-corpus-23.0-2025-09-05\nan-tw\single_speaker\wavs\common_voice_nan-tw_32169664.wav|nan_tw_01|yue|hi1 haa1
E:\008-datasets\mcv-scripted-nan-tw-v23.0\cv-corpus-23.0-2025-09-05\nan-tw\single_speaker\wavs\common_voice_nan-tw_32169665.wav|nan_tw_01|yue|ho4
E:\008-datasets\mcv-scripted-nan-tw-v23.0\cv-corpus-23.0-2025-09-05\nan-tw\single_speaker\wavs\common_voice_nan-tw_32169671.wav|nan_tw_01|yue|bun2 de1 gim1 zinn4
E:\008-datasets\mcv-scripted-nan-tw-v23.0\cv-corpus-23.0-2025-09-05\nan-tw\single_speaker\wavs\common_voice_nan-tw_32169672.wav|nan_tw_01|yue|u1 cun1 zinn4 dng2 laai4 bo4
E:\008-datasets\mcv-scripted-nan-tw-v23.0\cv-corpus-23.0-2025-09-05\nan-tw\single_speaker\wavs\common_voice_nan-tw_32169673.wav|nan_tw_01|yue|ciu1 tuah1
E:\008-datasets\mcv-scripted-nan-tw-v23.0\cv-corpus-23.0-2025-09-05\nan-tw\single_speaker\wavs\common_voice_nan-tw_32169674.wav|nan_tw_01|yue|su1 giann1 si1 gaai3 diu3 giann3
E:\008-datasets\mcv-scripted-nan-tw-v23.0\cv-corpus-23.0-2025-09-05\nan-tw\single_speaker\wavs\common_voice_nan-tw_32169675.wav|nan_tw_01|yue|an2 ho1
E:\008-datasets\mcv-scripted-nan-tw-v23.0\cv-corpus-23.0-2025-09-05\nan-tw\single_speaker\wavs\common_voice_nan-tw_32169681.wav|nan_tw_01|yue|du1 zeoi2
E:\008-datasets\mcv-scripted-nan-tw-v23.0\cv-corpus-23.0-2025-09-05\nan-tw\single_speaker\wavs\common_voice_nan-tw_32169682.wav|nan_tw_01|yue|le2 gi3
E:\008-datasets\mcv-scripted-nan-tw-v23.0\cv-corpus-23.0-2025-09-05\nan-tw\single_speaker\wavs\common_voice_nan-tw_32169683.wav|nan_tw_01|yue|too4 gat1 kut1 gang2
E:\008-datasets\mcv-scripted-nan-tw-v23.0\cv-corpus-23.0-2025-09-05\nan-tw\single_speaker\wavs\common_voice_nan-tw_32169684.wav|nan_tw_01|yue|gaau4 to4 aa2
E:\008-datasets\mcv-scripted-nan-tw-v23.0\cv-corpus-23.0-2025-09-05\nan-tw\single_speaker\wavs\common_voice_nan-tw_32169685.wav|nan_tw_01|yue|sin3 gi1 gok1 soe2
E:\008-datasets\mcv-scripted-nan-tw-v23.0\cv-corpus-23.0-2025-09-05\nan-tw\single_speaker\wavs\common_voice_nan-tw_32169691.wav|nan_tw_01|yue|bo4 siann1 bo4 set1
E:\008-datasets\mcv-scripted-nan-tw-v23.0\cv-corpus-23.0-2025-09-05\nan-tw\single_speaker\wavs\common_voice_nan-tw_32169692.wav|nan_tw_01|yue|ke̍h1 po1 e4
E:\008-datasets\mcv-scripted-nan-tw-v23.0\cv-corpus-23.0-2025-09-05\nan-tw\single_speaker\wavs\common_voice_nan-tw_32169693.wav|nan_tw_01|yue|u1 laai4 u1 ki3
E:\008-datasets\mcv-scripted-nan-tw-v23.0\cv-corpus-23.0-2025-09-05\nan-tw\single_speaker\wavs\common_voice_nan-tw_32169694.wav|nan_tw_01|yue|gia̍h1 goo2 aa2 sinn3 ki3
E:\008-datasets\mcv-scripted-nan-tw-v23.0\cv-corpus-23.0-2025-09-05\nan-tw\single_speaker\wavs\common_voice_nan-tw_32169695.wav|nan_tw_01|yue|ban1 loo2 zinn3 ze4 hut1
E:\008-datasets\mcv-scripted-nan-tw-v23.0\cv-corpus-23.0-2025-09-05\nan-tw\single_speaker\wavs\common_voice_nan-tw_32169701.wav|nan_tw_01|yue|ceoi3 coe1
E:\008-datasets\mcv-scripted-nan-tw-v23.0\cv-corpus-23.0-2025-09-05\nan-tw\single_speaker\wavs\common_voice_nan-tw_32169702.wav|nan_tw_01|yue|dann3 aa2 ce1
E:\008-datasets\mcv-scripted-nan-tw-v23.0\cv-corpus-23.0-2025-09-05\nan-tw\single_speaker\wavs\common_voice_nan-tw_32169703.wav|nan_tw_01|yue|taau4 ji2
E:\008-datasets\mcv-scripted-nan-tw-v23.0\cv-corpus-23.0-2025-09-05\nan-tw\single_speaker\wavs\common_voice_nan-tw_32169704.wav|nan_tw_01|yue|zeoi1 sok1 e4
E:\008-datasets\mcv-scripted-nan-tw-v23.0\cv-corpus-23.0-2025-09-05\nan-tw\single_speaker\wavs\common_voice_nan-tw_32169705.wav|nan_tw_01|yue|bo4 daai1 bo4 zi3
E:\008-datasets\mcv-scripted-nan-tw-v23.0\cv-corpus-23.0-2025-09-05\nan-tw\single_speaker\wavs\common_voice_nan-tw_32169730.wav|nan_tw_01|yue|set1 ho1
E:\008-datasets\mcv-scripted-nan-tw-v23.0\cv-corpus-23.0-2025-09-05\nan-tw\single_speaker\wavs\common_voice_nan-tw_32169731.wav|nan_tw_01|yue|dam4 gin1 aa2 |1 dam4 gun1 aa2
E:\008-datasets\mcv-scripted-nan-tw-v23.0\cv-corpus-23.0-2025-09-05\nan-tw\single_speaker\wavs\common_voice_nan-tw_32169732.wav|nan_tw_01|yue|dan1 caau2 zi̍t1 goo4
E:\008-datasets\mcv-scripted-nan-tw-v23.0\cv-corpus-23.0-2025-09-05\nan-tw\single_speaker\wavs\common_voice_nan-tw_32169733.wav|nan_tw_01|yue|sann1 ni4 e4 gaau2 saai2 guann1 te̍h1 laai4 zo3 gue̍h1 buann3
E:\008-datasets\mcv-scripted-nan-tw-v23.0\cv-corpus-23.0-2025-09-05\nan-tw\single_speaker\wavs\common_voice_nan-tw_32169734.wav|nan_tw_01|yue|giunn1 zeoi2
E:\008-datasets\mcv-scripted-nan-tw-v23.0\cv-corpus-23.0-2025-09-05\nan-tw\single_speaker\wavs\common_voice_nan-tw_32169740.wav|nan_tw_01|yue|caau2 e4 tang4
E:\008-datasets\mcv-scripted-nan-tw-v23.0\cv-corpus-23.0-2025-09-05\nan-tw\single_speaker\wavs\common_voice_nan-tw_32169741.wav|nan_tw_01|yue|paa3 bo4 tinn1 gng1
E:\008-datasets\mcv-scripted-nan-tw-v23.0\cv-corpus-23.0-2025-09-05\nan-tw\single_speaker\wavs\common_voice_nan-tw_32169742.wav|nan_tw_01|yue|git1 an1
E:\008-datasets\mcv-scripted-nan-tw-v23.0\cv-corpus-23.0-2025-09-05\nan-tw\single_speaker\wavs\common_voice_nan-tw_32169743.wav|nan_tw_01|yue|seoi4 lang4 e4 mi̍h1 giann1 seoi4 lang4 zo3 gi3 ho1
E:\008-datasets\mcv-scripted-nan-tw-v23.0\cv-corpus-23.0-2025-09-05\nan-tw\single_speaker\wavs\common_voice_nan-tw_32169744.wav|nan_tw_01|yue|siann2 mit1 si4 zun1
E:\008-datasets\mcv-scripted-nan-tw-v23.0\cv-corpus-23.0-2025-09-05\nan-tw\single_speaker\wavs\common_voice_nan-tw_32169745.wav|nan_tw_01|yue|ang4 goo1 zim4
E:\008-datasets\mcv-scripted-nan-tw-v23.0\cv-corpus-23.0-2025-09-05\nan-tw\single_speaker\wavs\common_voice_nan-tw_32169746.wav|nan_tw_01|yue|ong4 lu4 hin4 |1 ong4 ju4 hin4
E:\008-datasets\mcv-scripted-nan-tw-v23.0\cv-corpus-23.0-2025-09-05\nan-tw\single_speaker\wavs\common_voice_nan-tw_32169747.wav|nan_tw_01|yue|hoo1 li2 he1
E:\008-datasets\mcv-scripted-nan-tw-v23.0\cv-corpus-23.0-2025-09-05\nan-tw\single_speaker\wavs\common_voice_nan-tw_32169748.wav|nan_tw_01|yue|it1 bu4 soo2 dung4
E:\008-datasets\mcv-scripted-nan-tw-v23.0\cv-corpus-23.0-2025-09-05\nan-tw\single_speaker\wavs\common_voice_nan-tw_32169749.wav|nan_tw_01|yue|ze1 zeoi2 ze1 daau1 hu1 ze1 giann2 ze1 sin1 bu1
E:\008-datasets\mcv-scripted-nan-tw-v23.0\cv-corpus-23.0-2025-09-05\nan-tw\single_speaker\wavs\common_voice_nan-tw_32169750.wav|nan_tw_01|yue|baai3 goo1
E:\008-datasets\mcv-scripted-nan-tw-v23.0\cv-corpus-23.0-2025-09-05\nan-tw\single_speaker\wavs\common_voice_nan-tw_32169751.wav|nan_tw_01|yue|cit1 za̍p1 ji1 kam2
E:\008-datasets\mcv-scripted-nan-tw-v23.0\cv-corpus-23.0-2025-09-05\nan-tw\single_speaker\wavs\common_voice_nan-tw_32169752.wav|nan_tw_01|yue|lim4 zang3 zik1
E:\008-datasets\mcv-scripted-nan-tw-v23.0\cv-corpus-23.0-2025-09-05\nan-tw\single_speaker\wavs\common_voice_nan-tw_32169753.wav|nan_tw_01|yue|io̍k1 gi4 goe4
E:\008-datasets\mcv-scripted-nan-tw-v23.0\cv-corpus-23.0-2025-09-05\nan-tw\single_speaker\wavs\common_voice_nan-tw_32169754.wav|nan_tw_01|yue|daa1 hio̍h1 gaau2 ding4 co1
E:\008-datasets\mcv-scripted-nan-tw-v23.0\cv-corpus-23.0-2025-09-05\nan-tw\single_speaker\wavs\common_voice_nan-tw_32169755.wav|nan_tw_01|yue|giu2 ju4 |1 giu2 lu4
E:\008-datasets\mcv-scripted-nan-tw-v23.0\cv-corpus-23.0-2025-09-05\nan-tw\single_speaker\wavs\common_voice_nan-tw_32169756.wav|nan_tw_01|yue|daai4 bak1 ci1 li̍p1 de1 it1 lu2 zu2 go1 gip1 dung1 ha̍k1
E:\008-datasets\mcv-scripted-nan-tw-v23.0\cv-corpus-23.0-2025-09-05\nan-tw\single_speaker\wavs\common_voice_nan-tw_32169757.wav|nan_tw_01|yue|lun1 su2 gong2
E:\008-datasets\mcv-scripted-nan-tw-v23.0\cv-corpus-23.0-2025-09-05\nan-tw\single_speaker\wavs\common_voice_nan-tw_32169758.wav|nan_tw_01|yue|zaau2 zing1
E:\008-datasets\mcv-scripted-nan-tw-v23.0\cv-corpus-23.0-2025-09-05\nan-tw\single_speaker\wavs\common_voice_nan-tw_32169759.wav|nan_tw_01|yue|zong2 u1 zi̍t1 gang1 gaa2 it1 ding1 e1 sing4 gong1
E:\008-datasets\mcv-scripted-nan-tw-v23.0\cv-corpus-23.0-2025-09-05\nan-tw\single_speaker\wavs\common_voice_nan-tw_32169760.wav|nan_tw_01|yue|maa2 zoo2 hi4
E:\008-datasets\mcv-scripted-nan-tw-v23.0\cv-corpus-23.0-2025-09-05\nan-tw\single_speaker\wavs\common_voice_nan-tw_32169761.wav|nan_tw_01|yue|paat1 lang4 bo4 hong1 sin4
E:\008-datasets\mcv-scripted-nan-tw-v23.0\cv-corpus-23.0-2025-09-05\nan-tw\single_speaker\wavs\common_voice_nan-tw_32169762.wav|nan_tw_01|yue|pong3 doo1 de2 me1
E:\008-datasets\mcv-scripted-nan-tw-v23.0\cv-corpus-23.0-2025-09-05\nan-tw\single_speaker\wavs\common_voice_nan-tw_32169763.wav|nan_tw_01|yue|bat1 sin1 chun3
E:\008-datasets\mcv-scripted-nan-tw-v23.0\cv-corpus-23.0-2025-09-05\nan-tw\single_speaker\wavs\common_voice_nan-tw_32169764.wav|nan_tw_01|yue|lo1 lut1
E:\008-datasets\mcv-scripted-nan-tw-v23.0\cv-corpus-23.0-2025-09-05\nan-tw\single_speaker\wavs\common_voice_nan-tw_32169765.wav|nan_tw_01|yue|be2 bu̍t1
E:\008-datasets\mcv-scripted-nan-tw-v23.0\cv-corpus-23.0-2025-09-05\nan-tw\single_speaker\wavs\common_voice_nan-tw_32169766.wav|nan_tw_01|yue|ho1 ling4 gi1 diann4
E:\008-datasets\mcv-scripted-nan-tw-v23.0\cv-corpus-23.0-2025-09-05\nan-tw\single_speaker\wavs\common_voice_nan-tw_32169767.wav|nan_tw_01|yue|hing3 an1 gok1 soe2
E:\008-datasets\mcv-scripted-nan-tw-v23.0\cv-corpus-23.0-2025-09-05\nan-tw\single_speaker\wavs\common_voice_nan-tw_32169768.wav|nan_tw_01|yue|u1 nng1 boo1 cit1 aa2
E:\008-datasets\mcv-scripted-nan-tw-v23.0\cv-corpus-23.0-2025-09-05\nan-tw\single_speaker\wavs\common_voice_nan-tw_32169769.wav|nan_tw_01|yue|aat1 bo2 ong4 laai4 gaau3 zeoi2 bo2 liu4
E:\008-datasets\mcv-scripted-nan-tw-v23.0\cv-corpus-23.0-2025-09-05\nan-tw\single_speaker\wavs\common_voice_nan-tw_32169770.wav|nan_tw_01|yue|lo4 su1 hok1 loo1 daa1 ket1 ce1 zun1 ing1 do1
E:\008-datasets\mcv-scripted-nan-tw-v23.0\cv-corpus-23.0-2025-09-05\nan-tw\single_speaker\wavs\common_voice_nan-tw_32169771.wav|nan_tw_01|yue|hiu1 hing1 ooh1
E:\008-datasets\mcv-scripted-nan-tw-v23.0\cv-corpus-23.0-2025-09-05\nan-tw\single_speaker\wavs\common_voice_nan-tw_32169772.wav|nan_tw_01|yue|caa1 sin1 niu4
E:\008-datasets\mcv-scripted-nan-tw-v23.0\cv-corpus-23.0-2025-09-05\nan-tw\single_speaker\wavs\common_voice_nan-tw_32169773.wav|nan_tw_01|yue|e1 gue̍h1
E:\008-datasets\mcv-scripted-nan-tw-v23.0\cv-corpus-23.0-2025-09-05\nan-tw\single_speaker\wavs\common_voice_nan-tw_32169774.wav|nan_tw_01|yue|u4 cing1 hong1
E:\008-datasets\mcv-scripted-nan-tw-v23.0\cv-corpus-23.0-2025-09-05\nan-tw\single_speaker\wavs\common_voice_nan-tw_32169775.wav|nan_tw_01|yue|kaa1 uann2
E:\008-datasets\mcv-scripted-nan-tw-v23.0\cv-corpus-23.0-2025-09-05\nan-tw\single_speaker\wavs\common_voice_nan-tw_32169776.wav|nan_tw_01|yue|am3 an1 daai4 un4
E:\008-datasets\mcv-scripted-nan-tw-v23.0\cv-corpus-23.0-2025-09-05\nan-tw\single_speaker\wavs\common_voice_nan-tw_32169777.wav|nan_tw_01|yue|de1 bi1
E:\008-datasets\mcv-scripted-nan-tw-v23.0\cv-corpus-23.0-2025-09-05\nan-tw\single_speaker\wavs\common_voice_nan-tw_32169778.wav|nan_tw_01|yue|ci3 kiu4
E:\008-datasets\mcv-scripted-nan-tw-v23.0\cv-corpus-23.0-2025-09-05\nan-tw\single_speaker\wavs\common_voice_nan-tw_32169779.wav|nan_tw_01|yue|ciu1 zong3
E:\008-datasets\mcv-scripted-nan-tw-v23.0\cv-corpus-23.0-2025-09-05\nan-tw\single_speaker\wavs\common_voice_nan-tw_32169790.wav|nan_tw_01|yue|daa1 zu2 daa1 i3
E:\008-datasets\mcv-scripted-nan-tw-v23.0\cv-corpus-23.0-2025-09-05\nan-tw\single_speaker\wavs\common_voice_nan-tw_32169791.wav|nan_tw_01|yue|haa1 lun1 bo2
E:\008-datasets\mcv-scripted-nan-tw-v23.0\cv-corpus-23.0-2025-09-05\nan-tw\single_speaker\wavs\common_voice_nan-tw_32169792.wav|nan_tw_01|yue|ke1 me4
E:\008-datasets\mcv-scripted-nan-tw-v23.0\cv-corpus-23.0-2025-09-05\nan-tw\single_speaker\wavs\common_voice_nan-tw_32169793.wav|nan_tw_01|yue|za̍p1 ding1 ling4 bet1 hun1 hu3 |1 za̍p1 ding1 ling4 bot1 hun1 hu3
E:\008-datasets\mcv-scripted-nan-tw-v23.0\cv-corpus-23.0-2025-09-05\nan-tw\single_speaker\wavs\common_voice_nan-tw_32169794.wav|nan_tw_01|yue|soo3 maa2 hip1 sung3 gi1
E:\008-datasets\mcv-scripted-nan-tw-v23.0\cv-corpus-23.0-2025-09-05\nan-tw\single_speaker\wavs\common_voice_nan-tw_32169800.wav|nan_tw_01|yue|o3 goe4
E:\008-datasets\mcv-scripted-nan-tw-v23.0\cv-corpus-23.0-2025-09-05\nan-tw\single_speaker\wavs\common_voice_nan-tw_32169801.wav|nan_tw_01|yue|ge1 loo1
E:\008-datasets\mcv-scripted-nan-tw-v23.0\cv-corpus-23.0-2025-09-05\nan-tw\single_speaker\wavs\common_voice_nan-tw_32169807.wav|nan_tw_01|yue|hun1 aa2 kenn1
E:\008-datasets\mcv-scripted-nan-tw-v23.0\cv-corpus-23.0-2025-09-05\nan-tw\single_speaker\wavs\common_voice_nan-tw_32169808.wav|nan_tw_01|yue|gi̍k1 gng1
E:\008-datasets\mcv-scripted-nan-tw-v23.0\cv-corpus-23.0-2025-09-05\nan-tw\single_speaker\wavs\common_voice_nan-tw_32169814.wav|nan_tw_01|yue|za̍p1 goo2 |1 cha̍p1 go͘2
E:\008-datasets\mcv-scripted-nan-tw-v23.0\cv-corpus-23.0-2025-09-05\nan-tw\single_speaker\wavs\common_voice_nan-tw_32169820.wav|nan_tw_01|yue|soo3 be2 |1 soo3 maa2
E:\008-datasets\mcv-scripted-nan-tw-v23.0\cv-corpus-23.0-2025-09-05\nan-tw\single_speaker\wavs\common_voice_nan-tw_32169821.wav|nan_tw_01|yue|soo2 ban1
E:\008-datasets\mcv-scripted-nan-tw-v23.0\cv-corpus-23.0-2025-09-05\nan-tw\single_speaker\wavs\common_voice_nan-tw_32169822.wav|nan_tw_01|yue|dang1 bo1
E:\008-datasets\mcv-scripted-nan-tw-v23.0\cv-corpus-23.0-2025-09-05\nan-tw\single_speaker\wavs\common_voice_nan-tw_32169823.wav|nan_tw_01|yue|pinn1 laau4 da̍p1 dit1
E:\008-datasets\mcv-scripted-nan-tw-v23.0\cv-corpus-23.0-2025-09-05\nan-tw\single_speaker\wavs\common_voice_nan-tw_32169824.wav|nan_tw_01|yue|bu1 hong1 ku1
E:\008-datasets\mcv-scripted-nan-tw-v23.0\cv-corpus-23.0-2025-09-05\nan-tw\single_speaker\wavs\common_voice_nan-tw_32169830.wav|nan_tw_01|yue|kaai1 gun4 lang4
E:\008-datasets\mcv-scripted-nan-tw-v23.0\cv-corpus-23.0-2025-09-05\nan-tw\single_speaker\wavs\common_voice_nan-tw_32169831.wav|nan_tw_01|yue|ung4 gong1 baa1 li2
E:\008-datasets\mcv-scripted-nan-tw-v23.0\cv-corpus-23.0-2025-09-05\nan-tw\single_speaker\wavs\common_voice_nan-tw_32169832.wav|nan_tw_01|yue|too2 de1 gong1 zinn4
E:\008-datasets\mcv-scripted-nan-tw-v23.0\cv-corpus-23.0-2025-09-05\nan-tw\single_speaker\wavs\common_voice_nan-tw_32169833.wav|nan_tw_01|yue|siu1 kan1 taau4
E:\008-datasets\mcv-scripted-nan-tw-v23.0\cv-corpus-23.0-2025-09-05\nan-tw\single_speaker\wavs\common_voice_nan-tw_32169834.wav|nan_tw_01|yue|ngoo4 un4 ge1 bun4 dung1 sim1
E:\008-datasets\mcv-scripted-nan-tw-v23.0\cv-corpus-23.0-2025-09-05\nan-tw\single_speaker\wavs\common_voice_nan-tw_32169845.wav|nan_tw_01|yue|dak1 sung1 ne2 goe4
E:\008-datasets\mcv-scripted-nan-tw-v23.0\cv-corpus-23.0-2025-09-05\nan-tw\single_speaker\wavs\common_voice_nan-tw_32169846.wav|nan_tw_01|yue|gan2 naa2 bat1 kuann3 go3 |1 gan2 naa2 bat1 kuann3 go3
E:\008-datasets\mcv-scripted-nan-tw-v23.0\cv-corpus-23.0-2025-09-05\nan-tw\single_speaker\wavs\common_voice_nan-tw_32169847.wav|nan_tw_01|yue|maa2 gang2
E:\008-datasets\mcv-scripted-nan-tw-v23.0\cv-corpus-23.0-2025-09-05\nan-tw\single_speaker\wavs\common_voice_nan-tw_32169848.wav|nan_tw_01|yue|daa1 bo1
E:\008-datasets\mcv-scripted-nan-tw-v23.0\cv-corpus-23.0-2025-09-05\nan-tw\single_speaker\wavs\common_voice_nan-tw_32169849.wav|nan_tw_01|yue|sann1 dng1 juk1 bo4 zit1 dng3 baa2
E:\008-datasets\mcv-scripted-nan-tw-v23.0\cv-corpus-23.0-2025-09-05\nan-tw\single_speaker\wavs\common_voice_nan-tw_32183921.wav|nan_tw_01|yue|bun4 san1 ji1 hun1 gio̍k1
E:\008-datasets\mcv-scripted-nan-tw-v23.0\cv-corpus-23.0-2025-09-05\nan-tw\single_speaker\wavs\common_voice_nan-tw_32183922.wav|nan_tw_01|yue|laai1 kinn1
E:\008-datasets\mcv-scripted-nan-tw-v23.0\cv-corpus-23.0-2025-09-05\nan-tw\single_speaker\wavs\common_voice_nan-tw_32183923.wav|nan_tw_01|yue|doo1 lan4
E:\008-datasets\mcv-scripted-nan-tw-v23.0\cv-corpus-23.0-2025-09-05\nan-tw\single_speaker\wavs\common_voice_nan-tw_32183924.wav|nan_tw_01|yue|sing3 dan3 laau1 aa1 bet1
E:\008-datasets\mcv-scripted-nan-tw-v23.0\cv-corpus-23.0-2025-09-05\nan-tw\single_speaker\wavs\common_voice_nan-tw_32183925.wav|nan_tw_01|yue|zit1 e4 taau4 ge1 iu2 zin1 siu3 lin4
E:\008-datasets\mcv-scripted-nan-tw-v23.0\cv-corpus-23.0-2025-09-05\nan-tw\single_speaker\wavs\common_voice_nan-tw_32183929.wav|nan_tw_01|yue|e4 soo1 e4 aai3
E:\008-datasets\mcv-scripted-nan-tw-v23.0\cv-corpus-23.0-2025-09-05\nan-tw\single_speaker\wavs\common_voice_nan-tw_32183930.wav|nan_tw_01|yue|sak1 zik1 jim1 |1 sak1 zik1 lim1
E:\008-datasets\mcv-scripted-nan-tw-v23.0\cv-corpus-23.0-2025-09-05\nan-tw\single_speaker\wavs\common_voice_nan-tw_32183931.wav|nan_tw_01|yue|li2 zik1
E:\008-datasets\mcv-scripted-nan-tw-v23.0\cv-corpus-23.0-2025-09-05\nan-tw\single_speaker\wavs\common_voice_nan-tw_32183932.wav|nan_tw_01|yue|zo3 za̍p1 la̍k1 ho3 |1 zo3 za̍p1 la̍k1 he3
E:\008-datasets\mcv-scripted-nan-tw-v23.0\cv-corpus-23.0-2025-09-05\nan-tw\single_speaker\wavs\common_voice_nan-tw_32183933.wav|nan_tw_01|yue|kaa1 ang3
E:\008-datasets\mcv-scripted-nan-tw-v23.0\cv-corpus-23.0-2025-09-05\nan-tw\single_speaker\wavs\common_voice_nan-tw_32183938.wav|nan_tw_01|yue|zinn3 kin1 aa2
E:\008-datasets\mcv-scripted-nan-tw-v23.0\cv-corpus-23.0-2025-09-05\nan-tw\single_speaker\wavs\common_voice_nan-tw_32183939.wav|nan_tw_01|yue|zo3 saai1 gong1
E:\008-datasets\mcv-scripted-nan-tw-v23.0\cv-corpus-23.0-2025-09-05\nan-tw\single_speaker\wavs\common_voice_nan-tw_32183940.wav|nan_tw_01|yue|hit1 ne2 iunn4 zong1 kuann3 dio̍h1 zin1 daa1 ban1
E:\008-datasets\mcv-scripted-nan-tw-v23.0\cv-corpus-23.0-2025-09-05\nan-tw\single_speaker\wavs\common_voice_nan-tw_32183941.wav|nan_tw_01|yue|ngoo2 gok1 hong1 siu1 hoo1 zeoi2 zip1 ing3
E:\008-datasets\mcv-scripted-nan-tw-v23.0\cv-corpus-23.0-2025-09-05\nan-tw\single_speaker\wavs\common_voice_nan-tw_32183942.wav|nan_tw_01|yue|bo2 aa2 i1 di1 dong1 de1 si4 gan1
E:\008-datasets\mcv-scripted-nan-tw-v23.0\cv-corpus-23.0-2025-09-05\nan-tw\single_speaker\wavs\common_voice_nan-tw_32183949.wav|nan_tw_01|yue|loo1 binn1 siu1 sik1
E:\008-datasets\mcv-scripted-nan-tw-v23.0\cv-corpus-23.0-2025-09-05\nan-tw\single_speaker\wavs\common_voice_nan-tw_32183950.wav|nan_tw_01|yue|giu1 ban4
E:\008-datasets\mcv-scripted-nan-tw-v23.0\cv-corpus-23.0-2025-09-05\nan-tw\single_speaker\wavs\common_voice_nan-tw_32183951.wav|nan_tw_01|yue|suann3 loo1 doo4
E:\008-datasets\mcv-scripted-nan-tw-v23.0\cv-corpus-23.0-2025-09-05\nan-tw\single_speaker\wavs\common_voice_nan-tw_32183952.wav|nan_tw_01|yue|lo̍h1 zeoi2 gim1 gong1
E:\008-datasets\mcv-scripted-nan-tw-v23.0\cv-corpus-23.0-2025-09-05\nan-tw\single_speaker\wavs\common_voice_nan-tw_32183953.wav|nan_tw_01|yue|gu1 zng1
E:\008-datasets\mcv-scripted-nan-tw-v23.0\cv-corpus-23.0-2025-09-05\nan-tw\single_speaker\wavs\common_voice_nan-tw_32183954.wav|nan_tw_01|yue|zo3 sing4
E:\008-datasets\mcv-scripted-nan-tw-v23.0\cv-corpus-23.0-2025-09-05\nan-tw\single_speaker\wavs\common_voice_nan-tw_32183955.wav|nan_tw_01|yue|sin1 sing1 go1 gaa3 do1 loo1 |1 sin1 sang1 go1 gaa3 do1 lo͘1
E:\008-datasets\mcv-scripted-nan-tw-v23.0\cv-corpus-23.0-2025-09-05\nan-tw\single_speaker\wavs\common_voice_nan-tw_32183956.wav|nan_tw_01|yue|be1 siu1 suah1 |1 bo1 siu1 suah1
E:\008-datasets\mcv-scripted-nan-tw-v23.0\cv-corpus-23.0-2025-09-05\nan-tw\single_speaker\wavs\common_voice_nan-tw_32183957.wav|nan_tw_01|yue|te̍h1 bit1 laai4 se2 ji1
E:\008-datasets\mcv-scripted-nan-tw-v23.0\cv-corpus-23.0-2025-09-05\nan-tw\single_speaker\wavs\common_voice_nan-tw_32183958.wav|nan_tw_01|yue|lia̍h1 gim4 hi4 bang3 senn1
E:\008-datasets\mcv-scripted-nan-tw-v23.0\cv-corpus-23.0-2025-09-05\nan-tw\single_speaker\wavs\common_voice_nan-tw_32183959.wav|nan_tw_01|yue|aa1 saa1 but1 lut1
E:\008-datasets\mcv-scripted-nan-tw-v23.0\cv-corpus-23.0-2025-09-05\nan-tw\single_speaker\wavs\common_voice_nan-tw_32183960.wav|nan_tw_01|yue|un2 |1 un3 |1 un1 |1 un4
E:\008-datasets\mcv-scripted-nan-tw-v23.0\cv-corpus-23.0-2025-09-05\nan-tw\single_speaker\wavs\common_voice_nan-tw_32183961.wav|nan_tw_01|yue|benn4 diann2 aa2 |1 binn4 diann2 aa2
E:\008-datasets\mcv-scripted-nan-tw-v23.0\cv-corpus-23.0-2025-09-05\nan-tw\single_speaker\wavs\common_voice_nan-tw_32183962.wav|nan_tw_01|yue|iu4 zun4
E:\008-datasets\mcv-scripted-nan-tw-v23.0\cv-corpus-23.0-2025-09-05\nan-tw\single_speaker\wavs\common_voice_nan-tw_32183963.wav|nan_tw_01|yue|inn4 kun4 |1 in4 koan4
E:\008-datasets\mcv-scripted-nan-tw-v23.0\cv-corpus-23.0-2025-09-05\nan-tw\single_speaker\wavs\common_voice_nan-tw_32183964.wav|nan_tw_01|yue|zio̍h1 taau4 lip1 aa2
E:\008-datasets\mcv-scripted-nan-tw-v23.0\cv-corpus-23.0-2025-09-05\nan-tw\single_speaker\wavs\common_voice_nan-tw_32183965.wav|nan_tw_01|yue|tin1 din1 go1
E:\008-datasets\mcv-scripted-nan-tw-v23.0\cv-corpus-23.0-2025-09-05\nan-tw\single_speaker\wavs\common_voice_nan-tw_32183966.wav|nan_tw_01|yue|taau4 zing4
E:\008-datasets\mcv-scripted-nan-tw-v23.0\cv-corpus-23.0-2025-09-05\nan-tw\single_speaker\wavs\common_voice_nan-tw_32183967.wav|nan_tw_01|yue|go3 zun3 |1 goe3 chun3
E:\008-datasets\mcv-scripted-nan-tw-v23.0\cv-corpus-23.0-2025-09-05\nan-tw\single_speaker\wavs\common_voice_nan-tw_32183968.wav|nan_tw_01|yue|kim3 be2
E:\008-datasets\mcv-scripted-nan-tw-v23.0\cv-corpus-23.0-2025-09-05\nan-tw\single_speaker\wavs\common_voice_nan-tw_32183969.wav|nan_tw_01|yue|hong3 dong1 but1 gi1
E:\008-datasets\mcv-scripted-nan-tw-v23.0\cv-corpus-23.0-2025-09-05\nan-tw\single_speaker\wavs\common_voice_nan-tw_32183970.wav|nan_tw_01|yue|an2 zuann2
E:\008-datasets\mcv-scripted-nan-tw-v23.0\cv-corpus-23.0-2025-09-05\nan-tw\single_speaker\wavs\common_voice_nan-tw_32183971.wav|nan_tw_01|yue|gang2 kaau2
E:\008-datasets\mcv-scripted-nan-tw-v23.0\cv-corpus-23.0-2025-09-05\nan-tw\single_speaker\wavs\common_voice_nan-tw_32183972.wav|nan_tw_01|yue|tin1 zaai1 jin4 ho1
E:\008-datasets\mcv-scripted-nan-tw-v23.0\cv-corpus-23.0-2025-09-05\nan-tw\single_speaker\wavs\common_voice_nan-tw_32183973.wav|nan_tw_01|yue|e1 zi̍t1 zam1
E:\008-datasets\mcv-scripted-nan-tw-v23.0\cv-corpus-23.0-2025-09-05\nan-tw\single_speaker\wavs\common_voice_nan-tw_32183974.wav|nan_tw_01|yue|ung4 aa2 ba̍k1
E:\008-datasets\mcv-scripted-nan-tw-v23.0\cv-corpus-23.0-2025-09-05\nan-tw\single_speaker\wavs\common_voice_nan-tw_32183975.wav|nan_tw_01|yue|sing1 li2 git1 goo3
E:\008-datasets\mcv-scripted-nan-tw-v23.0\cv-corpus-23.0-2025-09-05\nan-tw\single_speaker\wavs\common_voice_nan-tw_32183976.wav|nan_tw_01|yue|zut1 pue̍h1
E:\008-datasets\mcv-scripted-nan-tw-v23.0\cv-corpus-23.0-2025-09-05\nan-tw\single_speaker\wavs\common_voice_nan-tw_32183977.wav|nan_tw_01|yue|sng1 gu4 ling1 go1
E:\008-datasets\mcv-scripted-nan-tw-v23.0\cv-corpus-23.0-2025-09-05\nan-tw\single_speaker\wavs\common_voice_nan-tw_32183978.wav|nan_tw_01|yue|gaau3 di1
E:\008-datasets\mcv-scripted-nan-tw-v23.0\cv-corpus-23.0-2025-09-05\nan-tw\single_speaker\wavs\common_voice_nan-tw_32183984.wav|nan_tw_01|yue|i1 gong2 bet1 dung1 li̍p1 nng1 bing4 long2 bo4 aai3 cam1 gaa1
E:\008-datasets\mcv-scripted-nan-tw-v23.0\cv-corpus-23.0-2025-09-05\nan-tw\single_speaker\wavs\common_voice_nan-tw_32183985.wav|nan_tw_01|yue|caau3 iu4 aai1
E:\008-datasets\mcv-scripted-nan-tw-v23.0\cv-corpus-23.0-2025-09-05\nan-tw\single_speaker\wavs\common_voice_nan-tw_32183986.wav|nan_tw_01|yue|haai4 gik1
E:\008-datasets\mcv-scripted-nan-tw-v23.0\cv-corpus-23.0-2025-09-05\nan-tw\single_speaker\wavs\common_voice_nan-tw_32183987.wav|nan_tw_01|yue|aai3 ho4
E:\008-datasets\mcv-scripted-nan-tw-v23.0\cv-corpus-23.0-2025-09-05\nan-tw\single_speaker\wavs\common_voice_nan-tw_32183988.wav|nan_tw_01|yue|giu2 sing1 li2
E:\008-datasets\mcv-scripted-nan-tw-v23.0\cv-corpus-23.0-2025-09-05\nan-tw\single_speaker\wavs\common_voice_nan-tw_32183989.wav|nan_tw_01|yue|kaa1 ziah1 aau1
E:\008-datasets\mcv-scripted-nan-tw-v23.0\cv-corpus-23.0-2025-09-05\nan-tw\single_speaker\wavs\common_voice_nan-tw_32183990.wav|nan_tw_01|yue|zia̍h1 laau1 do3 siu3 lin4
E:\008-datasets\mcv-scripted-nan-tw-v23.0\cv-corpus-23.0-2025-09-05\nan-tw\single_speaker\wavs\common_voice_nan-tw_32183991.wav|nan_tw_01|yue|你提轉去了後就一項一項共伊讀出來1
E:\008-datasets\mcv-scripted-nan-tw-v23.0\cv-corpus-23.0-2025-09-05\nan-tw\single_speaker\wavs\common_voice_nan-tw_32183992.wav|nan_tw_01|yue|laai1 daa1 ko1 |1 laai1 doa1 koe1
E:\008-datasets\mcv-scripted-nan-tw-v23.0\cv-corpus-23.0-2025-09-05\nan-tw\single_speaker\wavs\common_voice_nan-tw_32183993.wav|nan_tw_01|yue|za̍p1 ce1 gim1 gun2 ge1
E:\008-datasets\mcv-scripted-nan-tw-v23.0\cv-corpus-23.0-2025-09-05\nan-tw\single_speaker\wavs\common_voice_nan-tw_32183994.wav|nan_tw_01|yue|sun1 cung1
E:\008-datasets\mcv-scripted-nan-tw-v23.0\cv-corpus-23.0-2025-09-05\nan-tw\single_speaker\wavs\common_voice_nan-tw_32183995.wav|nan_tw_01|yue|cut1 laai4 gong2
E:\008-datasets\mcv-scripted-nan-tw-v23.0\cv-corpus-23.0-2025-09-05\nan-tw\single_speaker\wavs\common_voice_nan-tw_32183996.wav|nan_tw_01|yue|dong3 laau3 saai2 io̍h1
E:\008-datasets\mcv-scripted-nan-tw-v23.0\cv-corpus-23.0-2025-09-05\nan-tw\single_speaker\wavs\common_voice_nan-tw_32183997.wav|nan_tw_01|yue|aai1 go1 zinn4
E:\008-datasets\mcv-scripted-nan-tw-v23.0\cv-corpus-23.0-2025-09-05\nan-tw\single_speaker\wavs\common_voice_nan-tw_32183998.wav|nan_tw_01|yue|im1 le1
E:\008-datasets\mcv-scripted-nan-tw-v23.0\cv-corpus-23.0-2025-09-05\nan-tw\single_speaker\wavs\common_voice_nan-tw_32183999.wav|nan_tw_01|yue|caau2 boo1 aau1 se1 |1 chhaau2 bo͘1 aau1 se1
E:\008-datasets\mcv-scripted-nan-tw-v23.0\cv-corpus-23.0-2025-09-05\nan-tw\single_speaker\wavs\common_voice_nan-tw_32184000.wav|nan_tw_01|yue|laai1 maa2 zoo2 can4
E:\008-datasets\mcv-scripted-nan-tw-v23.0\cv-corpus-23.0-2025-09-05\nan-tw\single_speaker\wavs\common_voice_nan-tw_32184001.wav|nan_tw_01|yue|si̍p1 goo2 jin4 tng4 bun4 cong3 un4 ku1
E:\008-datasets\mcv-scripted-nan-tw-v23.0\cv-corpus-23.0-2025-09-05\nan-tw\single_speaker\wavs\common_voice_nan-tw_32184002.wav|nan_tw_01|yue|u2 moo4 giu4
E:\008-datasets\mcv-scripted-nan-tw-v23.0\cv-corpus-23.0-2025-09-05\nan-tw\single_speaker\wavs\common_voice_nan-tw_32184003.wav|nan_tw_01|yue|naau2 im1
E:\008-datasets\mcv-scripted-nan-tw-v23.0\cv-corpus-23.0-2025-09-05\nan-tw\single_speaker\wavs\common_voice_nan-tw_32184009.wav|nan_tw_01|yue|biu2 aa2
E:\008-datasets\mcv-scripted-nan-tw-v23.0\cv-corpus-23.0-2025-09-05\nan-tw\single_speaker\wavs\common_voice_nan-tw_32184010.wav|nan_tw_01|yue|siu1 ban1 dung4
E:\008-datasets\mcv-scripted-nan-tw-v23.0\cv-corpus-23.0-2025-09-05\nan-tw\single_speaker\wavs\common_voice_nan-tw_32184011.wav|nan_tw_01|yue|gin2 aa2 geoi2
E:\008-datasets\mcv-scripted-nan-tw-v23.0\cv-corpus-23.0-2025-09-05\nan-tw\single_speaker\wavs\common_voice_nan-tw_32184012.wav|nan_tw_01|yue|zia̍h1 caai3 zia̍h1 gaat1 doo1 zaai4 eoi4 gaai3
E:\008-datasets\mcv-scripted-nan-tw-v23.0\cv-corpus-23.0-2025-09-05\nan-tw\single_speaker\wavs\common_voice_nan-tw_32184013.wav|nan_tw_01|yue|bin1 nng4 kinn1
E:\008-datasets\mcv-scripted-nan-tw-v23.0\cv-corpus-23.0-2025-09-05\nan-tw\single_speaker\wavs\common_voice_nan-tw_32184014.wav|nan_tw_01|yue|kim3 zi̍t1 kaa1
E:\008-datasets\mcv-scripted-nan-tw-v23.0\cv-corpus-23.0-2025-09-05\nan-tw\single_speaker\wavs\common_voice_nan-tw_32184015.wav|nan_tw_01|yue|cinn1 tuann3
E:\008-datasets\mcv-scripted-nan-tw-v23.0\cv-corpus-23.0-2025-09-05\nan-tw\single_speaker\wavs\common_voice_nan-tw_32184016.wav|nan_tw_01|yue|lam4 ciu1 naa4 |1 lam4 chhiu1 naa4
E:\008-datasets\mcv-scripted-nan-tw-v23.0\cv-corpus-23.0-2025-09-05\nan-tw\single_speaker\wavs\common_voice_nan-tw_32184017.wav|nan_tw_01|yue|baa4 him1 go1
E:\008-datasets\mcv-scripted-nan-tw-v23.0\cv-corpus-23.0-2025-09-05\nan-tw\single_speaker\wavs\common_voice_nan-tw_32184018.wav|nan_tw_01|yue|m1 bat1 pang1 caau3
E:\008-datasets\mcv-scripted-nan-tw-v23.0\cv-corpus-23.0-2025-09-05\nan-tw\single_speaker\wavs\common_voice_nan-tw_32184019.wav|nan_tw_01|yue|cang1 taau4 zeoi2 ge1
E:\008-datasets\mcv-scripted-nan-tw-v23.0\cv-corpus-23.0-2025-09-05\nan-tw\single_speaker\wavs\common_voice_nan-tw_32184021.wav|nan_tw_01|yue|dik1 gi2 |1 dik1 gu2
E:\008-datasets\mcv-scripted-nan-tw-v23.0\cv-corpus-23.0-2025-09-05\nan-tw\single_speaker\wavs\common_voice_nan-tw_32184022.wav|nan_tw_01|yue|caa2 baat1
E:\008-datasets\mcv-scripted-nan-tw-v23.0\cv-corpus-23.0-2025-09-05\nan-tw\single_speaker\wavs\common_voice_nan-tw_32184024.wav|nan_tw_01|yue|be2 uann1 zu1
E:\008-datasets\mcv-scripted-nan-tw-v23.0\cv-corpus-23.0-2025-09-05\nan-tw\single_speaker\wavs\common_voice_nan-tw_32184025.wav|nan_tw_01|yue|sann1 gak1 baat1
E:\008-datasets\mcv-scripted-nan-tw-v23.0\cv-corpus-23.0-2025-09-05\nan-tw\single_speaker\wavs\common_voice_nan-tw_32184085.wav|nan_tw_01|yue|sam1 siu1
E:\008-datasets\mcv-scripted-nan-tw-v23.0\cv-corpus-23.0-2025-09-05\nan-tw\single_speaker\wavs\common_voice_nan-tw_32184086.wav|nan_tw_01|yue|bo1 ziunn1 sann1 cun3 zeoi2 dio̍h1 bet1 be4 lung4 zun4
E:\008-datasets\mcv-scripted-nan-tw-v23.0\cv-corpus-23.0-2025-09-05\nan-tw\single_speaker\wavs\common_voice_nan-tw_32184087.wav|nan_tw_01|yue|gok1 li̍p1 daai4 bak1 ge1 su̍t1 daai1 ha̍k1
E:\008-datasets\mcv-scripted-nan-tw-v23.0\cv-corpus-23.0-2025-09-05\nan-tw\single_speaker\wavs\common_voice_nan-tw_32184088.wav|nan_tw_01|yue|hong4 gaat1
E:\008-datasets\mcv-scripted-nan-tw-v23.0\cv-corpus-23.0-2025-09-05\nan-tw\single_speaker\wavs\common_voice_nan-tw_32184089.wav|nan_tw_01|yue|ci1 hu2 loo1
E:\008-datasets\mcv-scripted-nan-tw-v23.0\cv-corpus-23.0-2025-09-05\nan-tw\single_speaker\wavs\common_voice_nan-tw_32184090.wav|nan_tw_01|yue|dim3 daau2
E:\008-datasets\mcv-scripted-nan-tw-v23.0\cv-corpus-23.0-2025-09-05\nan-tw\single_speaker\wavs\common_voice_nan-tw_32184150.wav|nan_tw_01|yue|sng1 suinn4
E:\008-datasets\mcv-scripted-nan-tw-v23.0\cv-corpus-23.0-2025-09-05\nan-tw\single_speaker\wavs\common_voice_nan-tw_32184151.wav|nan_tw_01|yue|giu3 sing1 kun4
E:\008-datasets\mcv-scripted-nan-tw-v23.0\cv-corpus-23.0-2025-09-05\nan-tw\single_speaker\wavs\common_voice_nan-tw_32184152.wav|nan_tw_01|yue|zit1 de3 joe1 zu1 aa2 ziann4 caau3 joe1 him1
E:\008-datasets\mcv-scripted-nan-tw-v23.0\cv-corpus-23.0-2025-09-05\nan-tw\single_speaker\wavs\common_voice_nan-tw_32184153.wav|nan_tw_01|yue|daa1 bi2 ziu2
E:\008-datasets\mcv-scripted-nan-tw-v23.0\cv-corpus-23.0-2025-09-05\nan-tw\single_speaker\wavs\common_voice_nan-tw_32184154.wav|nan_tw_01|yue|dng2 zinn4 kang1
E:\008-datasets\mcv-scripted-nan-tw-v23.0\cv-corpus-23.0-2025-09-05\nan-tw\single_speaker\wavs\common_voice_nan-tw_32184155.wav|nan_tw_01|yue|laai1 siann4
E:\008-datasets\mcv-scripted-nan-tw-v23.0\cv-corpus-23.0-2025-09-05\nan-tw\single_speaker\wavs\common_voice_nan-tw_32184156.wav|nan_tw_01|yue|pang2 gia̍p1
E:\008-datasets\mcv-scripted-nan-tw-v23.0\cv-corpus-23.0-2025-09-05\nan-tw\single_speaker\wavs\common_voice_nan-tw_32184157.wav|nan_tw_01|yue|naa2 bun4 ge1 geoi1 gang1 kun2
E:\008-datasets\mcv-scripted-nan-tw-v23.0\cv-corpus-23.0-2025-09-05\nan-tw\single_speaker\wavs\common_voice_nan-tw_32184158.wav|nan_tw_01|yue|aau2 un1
E:\008-datasets\mcv-scripted-nan-tw-v23.0\cv-corpus-23.0-2025-09-05\nan-tw\single_speaker\wavs\common_voice_nan-tw_32184159.wav|nan_tw_01|yue|gu4 aa2 giann2
E:\008-datasets\mcv-scripted-nan-tw-v23.0\cv-corpus-23.0-2025-09-05\nan-tw\single_speaker\wavs\common_voice_nan-tw_32184160.wav|nan_tw_01|yue|go3 ni4 ce1 su3
E:\008-datasets\mcv-scripted-nan-tw-v23.0\cv-corpus-23.0-2025-09-05\nan-tw\single_speaker\wavs\common_voice_nan-tw_32184161.wav|nan_tw_01|yue|geoi1 ong1 geoi1 dong2
E:\008-datasets\mcv-scripted-nan-tw-v23.0\cv-corpus-23.0-2025-09-05\nan-tw\single_speaker\wavs\common_voice_nan-tw_32184162.wav|nan_tw_01|yue|se1 ling4 lam4 loo1
E:\008-datasets\mcv-scripted-nan-tw-v23.0\cv-corpus-23.0-2025-09-05\nan-tw\single_speaker\wavs\common_voice_nan-tw_32184163.wav|nan_tw_01|yue|soe2 dan2 zi̍t1 e1
E:\008-datasets\mcv-scripted-nan-tw-v23.0\cv-corpus-23.0-2025-09-05\nan-tw\single_speaker\wavs\common_voice_nan-tw_32184164.wav|nan_tw_01|yue|sot1 aa2 hun4
E:\008-datasets\mcv-scripted-nan-tw-v23.0\cv-corpus-23.0-2025-09-05\nan-tw\single_speaker\wavs\common_voice_nan-tw_32184170.wav|nan_tw_01|yue|bo4 saa1 bo4 sap1
E:\008-datasets\mcv-scripted-nan-tw-v23.0\cv-corpus-23.0-2025-09-05\nan-tw\single_speaker\wavs\common_voice_nan-tw_32184171.wav|nan_tw_01|yue|laai1 boo1 hung1
E:\008-datasets\mcv-scripted-nan-tw-v23.0\cv-corpus-23.0-2025-09-05\nan-tw\single_speaker\wavs\common_voice_nan-tw_32184172.wav|nan_tw_01|yue|dit1 cu2
E:\008-datasets\mcv-scripted-nan-tw-v23.0\cv-corpus-23.0-2025-09-05\nan-tw\single_speaker\wavs\common_voice_nan-tw_32184173.wav|nan_tw_01|yue|bo4 sing4 te2 tong2
E:\008-datasets\mcv-scripted-nan-tw-v23.0\cv-corpus-23.0-2025-09-05\nan-tw\single_speaker\wavs\common_voice_nan-tw_32184174.wav|nan_tw_01|yue|kuann3 lang4 pu2 pu2
E:\008-datasets\mcv-scripted-nan-tw-v23.0\cv-corpus-23.0-2025-09-05\nan-tw\single_speaker\wavs\common_voice_nan-tw_32184175.wav|nan_tw_01|yue|hing1 hok1 |1 hang1 hok1
E:\008-datasets\mcv-scripted-nan-tw-v23.0\cv-corpus-23.0-2025-09-05\nan-tw\single_speaker\wavs\common_voice_nan-tw_32184176.wav|nan_tw_01|yue|dun1 ci1
E:\008-datasets\mcv-scripted-nan-tw-v23.0\cv-corpus-23.0-2025-09-05\nan-tw\single_speaker\wavs\common_voice_nan-tw_32184177.wav|nan_tw_01|yue|kam3 aa2 kaa1
E:\008-datasets\mcv-scripted-nan-tw-v23.0\cv-corpus-23.0-2025-09-05\nan-tw\single_speaker\wavs\common_voice_nan-tw_32184178.wav|nan_tw_01|yue|bi3 git1
E:\008-datasets\mcv-scripted-nan-tw-v23.0\cv-corpus-23.0-2025-09-05\nan-tw\single_speaker\wavs\common_voice_nan-tw_32184179.wav|nan_tw_01|yue|daai4 un4 zaa1 boo1 lang4
E:\008-datasets\mcv-scripted-nan-tw-v23.0\cv-corpus-23.0-2025-09-05\nan-tw\single_speaker\wavs\common_voice_nan-tw_32184185.wav|nan_tw_01|yue|go3 lang1 kaa1
E:\008-datasets\mcv-scripted-nan-tw-v23.0\cv-corpus-23.0-2025-09-05\nan-tw\single_speaker\wavs\common_voice_nan-tw_32184186.wav|nan_tw_01|yue|si1 li2 gok1 soe2
E:\008-datasets\mcv-scripted-nan-tw-v23.0\cv-corpus-23.0-2025-09-05\nan-tw\single_speaker\wavs\common_voice_nan-tw_32184187.wav|nan_tw_01|yue|un1 ziu1 go1 |1 un1 chiu1 goe1
E:\008-datasets\mcv-scripted-nan-tw-v23.0\cv-corpus-23.0-2025-09-05\nan-tw\single_speaker\wavs\common_voice_nan-tw_32184188.wav|nan_tw_01|yue|li2 gong2 gaat1 li1 li1 lo1 lo1 gaa2 tiann1 long2 bo4
E:\008-datasets\mcv-scripted-nan-tw-v23.0\cv-corpus-23.0-2025-09-05\nan-tw\single_speaker\wavs\common_voice_nan-tw_32184189.wav|nan_tw_01|yue|aa1 li2 aa1 zaa1
E:\008-datasets\mcv-scripted-nan-tw-v23.0\cv-corpus-23.0-2025-09-05\nan-tw\single_speaker\wavs\common_voice_nan-tw_32184195.wav|nan_tw_01|yue|tinn1 bo4 ziu3 gaat1 zi2 lang4 bo4 ziu3 zing4 li2
E:\008-datasets\mcv-scripted-nan-tw-v23.0\cv-corpus-23.0-2025-09-05\nan-tw\single_speaker\wavs\common_voice_nan-tw_32184196.wav|nan_tw_01|yue|lam4 gi1 diunn4
E:\008-datasets\mcv-scripted-nan-tw-v23.0\cv-corpus-23.0-2025-09-05\nan-tw\single_speaker\wavs\common_voice_nan-tw_32184197.wav|nan_tw_01|yue|am3 gong1 ziu2
E:\008-datasets\mcv-scripted-nan-tw-v23.0\cv-corpus-23.0-2025-09-05\nan-tw\single_speaker\wavs\common_voice_nan-tw_32184198.wav|nan_tw_01|yue|dinn3 zeoi2
E:\008-datasets\mcv-scripted-nan-tw-v23.0\cv-corpus-23.0-2025-09-05\nan-tw\single_speaker\wavs\common_voice_nan-tw_32184199.wav|nan_tw_01|yue|se3 bun2 ding1 ke1 u1
E:\008-datasets\mcv-scripted-nan-tw-v23.0\cv-corpus-23.0-2025-09-05\nan-tw\single_speaker\wavs\common_voice_nan-tw_32184205.wav|nan_tw_01|yue|siu2 gaau2 long1
E:\008-datasets\mcv-scripted-nan-tw-v23.0\cv-corpus-23.0-2025-09-05\nan-tw\single_speaker\wavs\common_voice_nan-tw_32184206.wav|nan_tw_01|yue|i1 caa1 zi̍t1 dim2 aa2 do1 dio̍h1 zung2 aat1 u1 gaau3 bo4 caai2
E:\008-datasets\mcv-scripted-nan-tw-v23.0\cv-corpus-23.0-2025-09-05\nan-tw\single_speaker\wavs\common_voice_nan-tw_32184207.wav|nan_tw_01|yue|moo1 zi1 moo1 lip1
E:\008-datasets\mcv-scripted-nan-tw-v23.0\cv-corpus-23.0-2025-09-05\nan-tw\single_speaker\wavs\common_voice_nan-tw_32184208.wav|nan_tw_01|yue|gu4 aa2 m1 bat1 hoo2
E:\008-datasets\mcv-scripted-nan-tw-v23.0\cv-corpus-23.0-2025-09-05\nan-tw\single_speaker\wavs\common_voice_nan-tw_32184209.wav|nan_tw_01|yue|daa1 kenn1 ji1 ho1 goe4
E:\008-datasets\mcv-scripted-nan-tw-v23.0\cv-corpus-23.0-2025-09-05\nan-tw\single_speaker\wavs\common_voice_nan-tw_32184210.wav|nan_tw_01|yue|za̍p1 taau4
E:\008-datasets\mcv-scripted-nan-tw-v23.0\cv-corpus-23.0-2025-09-05\nan-tw\single_speaker\wavs\common_voice_nan-tw_32184211.wav|nan_tw_01|yue|hun1 hng4 hung1
E:\008-datasets\mcv-scripted-nan-tw-v23.0\cv-corpus-23.0-2025-09-05\nan-tw\single_speaker\wavs\common_voice_nan-tw_32184212.wav|nan_tw_01|yue|kong1 hi1
E:\008-datasets\mcv-scripted-nan-tw-v23.0\cv-corpus-23.0-2025-09-05\nan-tw\single_speaker\wavs\common_voice_nan-tw_32184213.wav|nan_tw_01|yue|un1 sik1 haau1 ing3
E:\008-datasets\mcv-scripted-nan-tw-v23.0\cv-corpus-23.0-2025-09-05\nan-tw\single_speaker\wavs\common_voice_nan-tw_32184214.wav|nan_tw_01|yue|ge1 nng2 pang2
E:\008-datasets\mcv-scripted-nan-tw-v23.0\cv-corpus-23.0-2025-09-05\nan-tw\single_speaker\wavs\common_voice_nan-tw_32184220.wav|nan_tw_01|yue|kaa1 cng1 ziunn1
E:\008-datasets\mcv-scripted-nan-tw-v23.0\cv-corpus-23.0-2025-09-05\nan-tw\single_speaker\wavs\common_voice_nan-tw_32184221.wav|nan_tw_01|yue|lo̍h1 bi2 set1
E:\008-datasets\mcv-scripted-nan-tw-v23.0\cv-corpus-23.0-2025-09-05\nan-tw\single_speaker\wavs\common_voice_nan-tw_32184222.wav|nan_tw_01|yue|i1 e4 haau3 sim1 hoo1 lang4 zin1 gam2 dong1
E:\008-datasets\mcv-scripted-nan-tw-v23.0\cv-corpus-23.0-2025-09-05\nan-tw\single_speaker\wavs\common_voice_nan-tw_32184223.wav|nan_tw_01|yue|bo2 le4
E:\008-datasets\mcv-scripted-nan-tw-v23.0\cv-corpus-23.0-2025-09-05\nan-tw\single_speaker\wavs\common_voice_nan-tw_32184224.wav|nan_tw_01|yue|oo1 niu1 aa2 bu2
E:\008-datasets\mcv-scripted-nan-tw-v23.0\cv-corpus-23.0-2025-09-05\nan-tw\single_speaker\wavs\common_voice_nan-tw_32184225.wav|nan_tw_01|yue|aau1 zit1 e4 |1 aau1 zi̍t1 e4
E:\008-datasets\mcv-scripted-nan-tw-v23.0\cv-corpus-23.0-2025-09-05\nan-tw\single_speaker\wavs\common_voice_nan-tw_32184226.wav|nan_tw_01|yue|ba̍k1 ziu1 kuann3 gun4 bo4 kuann3 ge1
E:\008-datasets\mcv-scripted-nan-tw-v23.0\cv-corpus-23.0-2025-09-05\nan-tw\single_speaker\wavs\common_voice_nan-tw_32184227.wav|nan_tw_01|yue|ho̍k1 gaa1
E:\008-datasets\mcv-scripted-nan-tw-v23.0\cv-corpus-23.0-2025-09-05\nan-tw\single_speaker\wavs\common_voice_nan-tw_32184228.wav|nan_tw_01|yue|diunn3 boo1
E:\008-datasets\mcv-scripted-nan-tw-v23.0\cv-corpus-23.0-2025-09-05\nan-tw\single_speaker\wavs\common_voice_nan-tw_32184229.wav|nan_tw_01|yue|ciah1 hong1 go1
E:\008-datasets\mcv-scripted-nan-tw-v23.0\cv-corpus-23.0-2025-09-05\nan-tw\single_speaker\wavs\common_voice_nan-tw_32184230.wav|nan_tw_01|yue|tuinn1 cin3 buinn1
E:\008-datasets\mcv-scripted-nan-tw-v23.0\cv-corpus-23.0-2025-09-05\nan-tw\single_speaker\wavs\common_voice_nan-tw_32184231.wav|nan_tw_01|yue|sung1 bi1 taau4
E:\008-datasets\mcv-scripted-nan-tw-v23.0\cv-corpus-23.0-2025-09-05\nan-tw\single_speaker\wavs\common_voice_nan-tw_32184232.wav|nan_tw_01|yue|kuann3 hong2
E:\008-datasets\mcv-scripted-nan-tw-v23.0\cv-corpus-23.0-2025-09-05\nan-tw\single_speaker\wavs\common_voice_nan-tw_32184233.wav|nan_tw_01|yue|kim4 bi̍t1
E:\008-datasets\mcv-scripted-nan-tw-v23.0\cv-corpus-23.0-2025-09-05\nan-tw\single_speaker\wavs\common_voice_nan-tw_32184234.wav|nan_tw_01|yue|ciu2 ge1
E:\008-datasets\mcv-scripted-nan-tw-v23.0\cv-corpus-23.0-2025-09-05\nan-tw\single_speaker\wavs\common_voice_nan-tw_32184235.wav|nan_tw_01|yue|gok1 li̍p1 daai4 un4 daai1 ha̍k1 |1 gok1 li̍p1 daai4 oan4 daai1 ha̍k1
E:\008-datasets\mcv-scripted-nan-tw-v23.0\cv-corpus-23.0-2025-09-05\nan-tw\single_speaker\wavs\common_voice_nan-tw_32184236.wav|nan_tw_01|yue|hang1 hoo1 si̍k1
E:\008-datasets\mcv-scripted-nan-tw-v23.0\cv-corpus-23.0-2025-09-05\nan-tw\single_speaker\wavs\common_voice_nan-tw_32184237.wav|nan_tw_01|yue|painn2 ceoi3 pinn1
E:\008-datasets\mcv-scripted-nan-tw-v23.0\cv-corpus-23.0-2025-09-05\nan-tw\single_speaker\wavs\common_voice_nan-tw_32184238.wav|nan_tw_01|yue|gaau2 hun1 aa2
E:\008-datasets\mcv-scripted-nan-tw-v23.0\cv-corpus-23.0-2025-09-05\nan-tw\single_speaker\wavs\common_voice_nan-tw_32184239.wav|nan_tw_01|yue|daa1 doo1 ku1
E:\008-datasets\mcv-scripted-nan-tw-v23.0\cv-corpus-23.0-2025-09-05\nan-tw\single_speaker\wavs\common_voice_nan-tw_32184240.wav|nan_tw_01|yue|naa2 let1 giann4 zaau3 kaa1
E:\008-datasets\mcv-scripted-nan-tw-v23.0\cv-corpus-23.0-2025-09-05\nan-tw\single_speaker\wavs\common_voice_nan-tw_32184241.wav|nan_tw_01|yue|in1 tun4
E:\008-datasets\mcv-scripted-nan-tw-v23.0\cv-corpus-23.0-2025-09-05\nan-tw\single_speaker\wavs\common_voice_nan-tw_32184242.wav|nan_tw_01|yue|se3 inn4 gaai3
E:\008-datasets\mcv-scripted-nan-tw-v23.0\cv-corpus-23.0-2025-09-05\nan-tw\single_speaker\wavs\common_voice_nan-tw_32184243.wav|nan_tw_01|yue|soe2 zu1
E:\008-datasets\mcv-scripted-nan-tw-v23.0\cv-corpus-23.0-2025-09-05\nan-tw\single_speaker\wavs\common_voice_nan-tw_32184244.wav|nan_tw_01|yue|nng1 si1
E:\008-datasets\mcv-scripted-nan-tw-v23.0\cv-corpus-23.0-2025-09-05\nan-tw\single_speaker\wavs\common_voice_nan-tw_32184245.wav|nan_tw_01|yue|za̍h1 aa2
E:\008-datasets\mcv-scripted-nan-tw-v23.0\cv-corpus-23.0-2025-09-05\nan-tw\single_speaker\wavs\common_voice_nan-tw_32184246.wav|nan_tw_01|yue|am1 ceoi3 e4
E:\008-datasets\mcv-scripted-nan-tw-v23.0\cv-corpus-23.0-2025-09-05\nan-tw\single_speaker\wavs\common_voice_nan-tw_32184247.wav|nan_tw_01|yue|kaa1 aa2
E:\008-datasets\mcv-scripted-nan-tw-v23.0\cv-corpus-23.0-2025-09-05\nan-tw\single_speaker\wavs\common_voice_nan-tw_32184248.wav|nan_tw_01|yue|eoi4 loo4
E:\008-datasets\mcv-scripted-nan-tw-v23.0\cv-corpus-23.0-2025-09-05\nan-tw\single_speaker\wavs\common_voice_nan-tw_32184249.wav|nan_tw_01|yue|ceoi3 zia̍h1 mi̍h1 aa2
E:\008-datasets\mcv-scripted-nan-tw-v23.0\cv-corpus-23.0-2025-09-05\nan-tw\single_speaker\wavs\common_voice_nan-tw_32184250.wav|nan_tw_01|yue|ho4 dong4
E:\008-datasets\mcv-scripted-nan-tw-v23.0\cv-corpus-23.0-2025-09-05\nan-tw\single_speaker\wavs\common_voice_nan-tw_32184251.wav|nan_tw_01|yue|lung4 tam4 ku1
E:\008-datasets\mcv-scripted-nan-tw-v23.0\cv-corpus-23.0-2025-09-05\nan-tw\single_speaker\wavs\common_voice_nan-tw_32184252.wav|nan_tw_01|yue|hit1 hun1
E:\008-datasets\mcv-scripted-nan-tw-v23.0\cv-corpus-23.0-2025-09-05\nan-tw\single_speaker\wavs\common_voice_nan-tw_32184253.wav|nan_tw_01|yue|lo̍h1 ting4 buann4 so2 ki2 laai4
E:\008-datasets\mcv-scripted-nan-tw-v23.0\cv-corpus-23.0-2025-09-05\nan-tw\single_speaker\wavs\common_voice_nan-tw_32184254.wav|nan_tw_01|yue|bo4 iann2 ciunn1 du̍h1 si2
E:\008-datasets\mcv-scripted-nan-tw-v23.0\cv-corpus-23.0-2025-09-05\nan-tw\single_speaker\wavs\common_voice_nan-tw_32184255.wav|nan_tw_01|yue|chung1 gun1 ku1
E:\008-datasets\mcv-scripted-nan-tw-v23.0\cv-corpus-23.0-2025-09-05\nan-tw\single_speaker\wavs\common_voice_nan-tw_32184256.wav|nan_tw_01|yue|lin4 suann3
E:\008-datasets\mcv-scripted-nan-tw-v23.0\cv-corpus-23.0-2025-09-05\nan-tw\single_speaker\wavs\common_voice_nan-tw_32184257.wav|nan_tw_01|yue|zo1 sim1
E:\008-datasets\mcv-scripted-nan-tw-v23.0\cv-corpus-23.0-2025-09-05\nan-tw\single_speaker\wavs\common_voice_nan-tw_32184258.wav|nan_tw_01|yue|daa1 zeoi2 caa4
E:\008-datasets\mcv-scripted-nan-tw-v23.0\cv-corpus-23.0-2025-09-05\nan-tw\single_speaker\wavs\common_voice_nan-tw_32184259.wav|nan_tw_01|yue|be̍h1 lo4 su1
E:\008-datasets\mcv-scripted-nan-tw-v23.0\cv-corpus-23.0-2025-09-05\nan-tw\single_speaker\wavs\common_voice_nan-tw_32184260.wav|nan_tw_01|yue|bo4 siu2 bun2 hun1
E:\008-datasets\mcv-scripted-nan-tw-v23.0\cv-corpus-23.0-2025-09-05\nan-tw\single_speaker\wavs\common_voice_nan-tw_32184261.wav|nan_tw_01|yue|ho2 haa1 ki3 aat1
E:\008-datasets\mcv-scripted-nan-tw-v23.0\cv-corpus-23.0-2025-09-05\nan-tw\single_speaker\wavs\common_voice_nan-tw_32184262.wav|nan_tw_01|yue|gan2
E:\008-datasets\mcv-scripted-nan-tw-v23.0\cv-corpus-23.0-2025-09-05\nan-tw\single_speaker\wavs\common_voice_nan-tw_32184263.wav|nan_tw_01|yue|u1 ji1 boo1 cit1 aa2 |1 u1 li1 boo1 cit1 aa2
E:\008-datasets\mcv-scripted-nan-tw-v23.0\cv-corpus-23.0-2025-09-05\nan-tw\single_speaker\wavs\common_voice_nan-tw_32184264.wav|nan_tw_01|yue|lo̍h1 ting4 ge3
E:\008-datasets\mcv-scripted-nan-tw-v23.0\cv-corpus-23.0-2025-09-05\nan-tw\single_speaker\wavs\common_voice_nan-tw_32184265.wav|nan_tw_01|yue|gong2 bo3
E:\008-datasets\mcv-scripted-nan-tw-v23.0\cv-corpus-23.0-2025-09-05\nan-tw\single_speaker\wavs\common_voice_nan-tw_32184266.wav|nan_tw_01|yue|saau1 lin2
E:\008-datasets\mcv-scripted-nan-tw-v23.0\cv-corpus-23.0-2025-09-05\nan-tw\single_speaker\wavs\common_voice_nan-tw_32184267.wav|nan_tw_01|yue|bin1 ging2 bo̍k1 iunn4 kin2
E:\008-datasets\mcv-scripted-nan-tw-v23.0\cv-corpus-23.0-2025-09-05\nan-tw\single_speaker\wavs\common_voice_nan-tw_32184268.wav|nan_tw_01|yue|sok1 se2
E:\008-datasets\mcv-scripted-nan-tw-v23.0\cv-corpus-23.0-2025-09-05\nan-tw\single_speaker\wavs\common_voice_nan-tw_32184269.wav|nan_tw_01|yue|too4 din4
E:\008-datasets\mcv-scripted-nan-tw-v23.0\cv-corpus-23.0-2025-09-05\nan-tw\single_speaker\wavs\common_voice_nan-tw_32184270.wav|nan_tw_01|yue|pak1 caai3
E:\008-datasets\mcv-scripted-nan-tw-v23.0\cv-corpus-23.0-2025-09-05\nan-tw\single_speaker\wavs\common_voice_nan-tw_32184271.wav|nan_tw_01|yue|lam4 chng1 hung1
E:\008-datasets\mcv-scripted-nan-tw-v23.0\cv-corpus-23.0-2025-09-05\nan-tw\single_speaker\wavs\common_voice_nan-tw_32184272.wav|nan_tw_01|yue|ang4 jin4 too4
E:\008-datasets\mcv-scripted-nan-tw-v23.0\cv-corpus-23.0-2025-09-05\nan-tw\single_speaker\wavs\common_voice_nan-tw_32184273.wav|nan_tw_01|yue|hoeng1 aa2 zim1
E:\008-datasets\mcv-scripted-nan-tw-v23.0\cv-corpus-23.0-2025-09-05\nan-tw\single_speaker\wavs\common_voice_nan-tw_32184274.wav|nan_tw_01|yue|taai3 bo2 chhi1
E:\008-datasets\mcv-scripted-nan-tw-v23.0\cv-corpus-23.0-2025-09-05\nan-tw\single_speaker\wavs\common_voice_nan-tw_32184275.wav|nan_tw_01|yue|gu4 loo1 hang1
E:\008-datasets\mcv-scripted-nan-tw-v23.0\cv-corpus-23.0-2025-09-05\nan-tw\single_speaker\wavs\common_voice_nan-tw_32184276.wav|nan_tw_01|yue|daa1 koo1 lang4
E:\008-datasets\mcv-scripted-nan-tw-v23.0\cv-corpus-23.0-2025-09-05\nan-tw\single_speaker\wavs\common_voice_nan-tw_32184277.wav|nan_tw_01|yue|hun1 siann1
E:\008-datasets\mcv-scripted-nan-tw-v23.0\cv-corpus-23.0-2025-09-05\nan-tw\single_speaker\wavs\common_voice_nan-tw_32184278.wav|nan_tw_01|yue|cim1 kenn1 ku1
E:\008-datasets\mcv-scripted-nan-tw-v23.0\cv-corpus-23.0-2025-09-05\nan-tw\single_speaker\wavs\common_voice_nan-tw_32184279.wav|nan_tw_01|yue|ziu3 zaa1
E:\008-datasets\mcv-scripted-nan-tw-v23.0\cv-corpus-23.0-2025-09-05\nan-tw\single_speaker\wavs\common_voice_nan-tw_32184280.wav|nan_tw_01|yue|lere4 |1 lo4
E:\008-datasets\mcv-scripted-nan-tw-v23.0\cv-corpus-23.0-2025-09-05\nan-tw\single_speaker\wavs\common_voice_nan-tw_32184281.wav|nan_tw_01|yue|dung1 i1 ha̍k1
E:\008-datasets\mcv-scripted-nan-tw-v23.0\cv-corpus-23.0-2025-09-05\nan-tw\single_speaker\wavs\common_voice_nan-tw_32184282.wav|nan_tw_01|yue|baai2 ciu2
E:\008-datasets\mcv-scripted-nan-tw-v23.0\cv-corpus-23.0-2025-09-05\nan-tw\single_speaker\wavs\common_voice_nan-tw_32184283.wav|nan_tw_01|yue|gue̍h1 sin3
E:\008-datasets\mcv-scripted-nan-tw-v23.0\cv-corpus-23.0-2025-09-05\nan-tw\single_speaker\wavs\common_voice_nan-tw_32184284.wav|nan_tw_01|yue|but1 lang4
E:\008-datasets\mcv-scripted-nan-tw-v23.0\cv-corpus-23.0-2025-09-05\nan-tw\single_speaker\wavs\common_voice_nan-tw_32184285.wav|nan_tw_01|yue|sin1 gim4 loo1 |1 sin1 gim4 lo͘1
E:\008-datasets\mcv-scripted-nan-tw-v23.0\cv-corpus-23.0-2025-09-05\nan-tw\single_speaker\wavs\common_voice_nan-tw_32184286.wav|nan_tw_01|yue|ciu1 de2
E:\008-datasets\mcv-scripted-nan-tw-v23.0\cv-corpus-23.0-2025-09-05\nan-tw\single_speaker\wavs\common_voice_nan-tw_32184287.wav|nan_tw_01|yue|bang3 bo1 gi3 dit1 |1 bang3 be1 gi3 dit1
E:\008-datasets\mcv-scripted-nan-tw-v23.0\cv-corpus-23.0-2025-09-05\nan-tw\single_speaker\wavs\common_voice_nan-tw_32184288.wav|nan_tw_01|yue|gaau4 gaai3
E:\008-datasets\mcv-scripted-nan-tw-v23.0\cv-corpus-23.0-2025-09-05\nan-tw\single_speaker\wavs\common_voice_nan-tw_32184289.wav|nan_tw_01|yue|ko2 ci3 diunn4
E:\008-datasets\mcv-scripted-nan-tw-v23.0\cv-corpus-23.0-2025-09-05\nan-tw\single_speaker\wavs\common_voice_nan-tw_32184290.wav|nan_tw_01|yue|ba̍k1 gang1
E:\008-datasets\mcv-scripted-nan-tw-v23.0\cv-corpus-23.0-2025-09-05\nan-tw\single_speaker\wavs\common_voice_nan-tw_32184291.wav|nan_tw_01|yue|liu4 hing4
E:\008-datasets\mcv-scripted-nan-tw-v23.0\cv-corpus-23.0-2025-09-05\nan-tw\single_speaker\wavs\common_voice_nan-tw_32184292.wav|nan_tw_01|yue|pik1 tam4 loo1 |1 pak1 tam4 lo͘1
E:\008-datasets\mcv-scripted-nan-tw-v23.0\cv-corpus-23.0-2025-09-05\nan-tw\single_speaker\wavs\common_voice_nan-tw_32184293.wav|nan_tw_01|yue|bua̍h1 bo1 ho1
E:\008-datasets\mcv-scripted-nan-tw-v23.0\cv-corpus-23.0-2025-09-05\nan-tw\single_speaker\wavs\common_voice_nan-tw_32184294.wav|nan_tw_01|yue|daai4 un4 liu1 li2
E:\008-datasets\mcv-scripted-nan-tw-v23.0\cv-corpus-23.0-2025-09-05\nan-tw\single_speaker\wavs\common_voice_nan-tw_32184295.wav|nan_tw_01|yue|hang1 daau1 aa2
E:\008-datasets\mcv-scripted-nan-tw-v23.0\cv-corpus-23.0-2025-09-05\nan-tw\single_speaker\wavs\common_voice_nan-tw_32184296.wav|nan_tw_01|yue|daa3 bong4
E:\008-datasets\mcv-scripted-nan-tw-v23.0\cv-corpus-23.0-2025-09-05\nan-tw\single_speaker\wavs\common_voice_nan-tw_32184297.wav|nan_tw_01|yue|ho͘2 haau2 kaau2
E:\008-datasets\mcv-scripted-nan-tw-v23.0\cv-corpus-23.0-2025-09-05\nan-tw\single_speaker\wavs\common_voice_nan-tw_32184298.wav|nan_tw_01|yue|di3 gak1 dio̍h1
E:\008-datasets\mcv-scripted-nan-tw-v23.0\cv-corpus-23.0-2025-09-05\nan-tw\single_speaker\wavs\common_voice_nan-tw_32184299.wav|nan_tw_01|yue|guann1 laau4 sap1 dit1
E:\008-datasets\mcv-scripted-nan-tw-v23.0\cv-corpus-23.0-2025-09-05\nan-tw\single_speaker\wavs\common_voice_nan-tw_32184300.wav|nan_tw_01|yue|siu2 zaa1 boo2
E:\008-datasets\mcv-scripted-nan-tw-v23.0\cv-corpus-23.0-2025-09-05\nan-tw\single_speaker\wavs\common_voice_nan-tw_32184301.wav|nan_tw_01|yue|an2 ne1 m1 si1 ban1 hut1
E:\008-datasets\mcv-scripted-nan-tw-v23.0\cv-corpus-23.0-2025-09-05\nan-tw\single_speaker\wavs\common_voice_nan-tw_32184302.wav|nan_tw_01|yue|go1 kam2
E:\008-datasets\mcv-scripted-nan-tw-v23.0\cv-corpus-23.0-2025-09-05\nan-tw\single_speaker\wavs\common_voice_nan-tw_32184303.wav|nan_tw_01|yue|sam1 can1 but1 doo1
E:\008-datasets\mcv-scripted-nan-tw-v23.0\cv-corpus-23.0-2025-09-05\nan-tw\single_speaker\wavs\common_voice_nan-tw_32184304.wav|nan_tw_01|yue|ceoi3 ba̍k1 pinn1
E:\008-datasets\mcv-scripted-nan-tw-v23.0\cv-corpus-23.0-2025-09-05\nan-tw\single_speaker\wavs\common_voice_nan-tw_32184305.wav|nan_tw_01|yue|gip1 sim1 zing3
E:\008-datasets\mcv-scripted-nan-tw-v23.0\cv-corpus-23.0-2025-09-05\nan-tw\single_speaker\wavs\common_voice_nan-tw_32184306.wav|nan_tw_01|yue|biah1 hoo2
E:\008-datasets\mcv-scripted-nan-tw-v23.0\cv-corpus-23.0-2025-09-05\nan-tw\single_speaker\wavs\common_voice_nan-tw_32184307.wav|nan_tw_01|yue|bo4 gaa1 ling1 bo4 caau2 met1
E:\008-datasets\mcv-scripted-nan-tw-v23.0\cv-corpus-23.0-2025-09-05\nan-tw\single_speaker\wavs\common_voice_nan-tw_32184308.wav|nan_tw_01|yue|da̍h1 dio̍h1 ho2 de1 boo1
E:\008-datasets\mcv-scripted-nan-tw-v23.0\cv-corpus-23.0-2025-09-05\nan-tw\single_speaker\wavs\common_voice_nan-tw_32184309.wav|nan_tw_01|yue|zia̍h1 zaai2 ki2 buinn1
E:\008-datasets\mcv-scripted-nan-tw-v23.0\cv-corpus-23.0-2025-09-05\nan-tw\single_speaker\wavs\common_voice_nan-tw_32184310.wav|nan_tw_01|yue|li2 maa1 kaat1 ho2
E:\008-datasets\mcv-scripted-nan-tw-v23.0\cv-corpus-23.0-2025-09-05\nan-tw\single_speaker\wavs\common_voice_nan-tw_32184311.wav|nan_tw_01|yue|gann2 si1
E:\008-datasets\mcv-scripted-nan-tw-v23.0\cv-corpus-23.0-2025-09-05\nan-tw\single_speaker\wavs\common_voice_nan-tw_32184312.wav|nan_tw_01|yue|gaau3 zam1
E:\008-datasets\mcv-scripted-nan-tw-v23.0\cv-corpus-23.0-2025-09-05\nan-tw\single_speaker\wavs\common_voice_nan-tw_32184313.wav|nan_tw_01|yue|cin1 li2 ku1
E:\008-datasets\mcv-scripted-nan-tw-v23.0\cv-corpus-23.0-2025-09-05\nan-tw\single_speaker\wavs\common_voice_nan-tw_32184314.wav|nan_tw_01|yue|sann1 za̍p1 diunn1 lo4 gong1 hng4 |1 san1 cha̍p1 diun1 loe4 gong1 hng4
E:\008-datasets\mcv-scripted-nan-tw-v23.0\cv-corpus-23.0-2025-09-05\nan-tw\single_speaker\wavs\common_voice_nan-tw_32184315.wav|nan_tw_01|yue|su3 bin4
E:\008-datasets\mcv-scripted-nan-tw-v23.0\cv-corpus-23.0-2025-09-05\nan-tw\single_speaker\wavs\common_voice_nan-tw_32184316.wav|nan_tw_01|yue|leoi4 ziu2
E:\008-datasets\mcv-scripted-nan-tw-v23.0\cv-corpus-23.0-2025-09-05\nan-tw\single_speaker\wavs\common_voice_nan-tw_32184317.wav|nan_tw_01|yue|ce3 paa3 po4 |1 co3 paa3 pe4
E:\008-datasets\mcv-scripted-nan-tw-v23.0\cv-corpus-23.0-2025-09-05\nan-tw\single_speaker\wavs\common_voice_nan-tw_32184318.wav|nan_tw_01|yue|m1 zaai1 ho2 baai2
E:\008-datasets\mcv-scripted-nan-tw-v23.0\cv-corpus-23.0-2025-09-05\nan-tw\single_speaker\wavs\common_voice_nan-tw_32184319.wav|nan_tw_01|yue|dong3 sot1 aa2
E:\008-datasets\mcv-scripted-nan-tw-v23.0\cv-corpus-23.0-2025-09-05\nan-tw\single_speaker\wavs\common_voice_nan-tw_32184320.wav|nan_tw_01|yue|ke1 huann1
E:\008-datasets\mcv-scripted-nan-tw-v23.0\cv-corpus-23.0-2025-09-05\nan-tw\single_speaker\wavs\common_voice_nan-tw_32184321.wav|nan_tw_01|yue|hun1 tinn1 un3 de1
E:\008-datasets\mcv-scripted-nan-tw-v23.0\cv-corpus-23.0-2025-09-05\nan-tw\single_speaker\wavs\common_voice_nan-tw_32184322.wav|nan_tw_01|yue|daa1 hng4 ku1
E:\008-datasets\mcv-scripted-nan-tw-v23.0\cv-corpus-23.0-2025-09-05\nan-tw\single_speaker\wavs\common_voice_nan-tw_32184323.wav|nan_tw_01|yue|gng2 ciu1
E:\008-datasets\mcv-scripted-nan-tw-v23.0\cv-corpus-23.0-2025-09-05\nan-tw\single_speaker\wavs\common_voice_nan-tw_32184324.wav|nan_tw_01|yue|dong3 gong1
E:\008-datasets\mcv-scripted-nan-tw-v23.0\cv-corpus-23.0-2025-09-05\nan-tw\single_speaker\wavs\common_voice_nan-tw_32184390.wav|nan_tw_01|yue|lun2 joe1
E:\008-datasets\mcv-scripted-nan-tw-v23.0\cv-corpus-23.0-2025-09-05\nan-tw\single_speaker\wavs\common_voice_nan-tw_32184391.wav|nan_tw_01|yue|cim1 kiu1
E:\008-datasets\mcv-scripted-nan-tw-v23.0\cv-corpus-23.0-2025-09-05\nan-tw\single_speaker\wavs\common_voice_nan-tw_32184392.wav|nan_tw_01|yue|sim1 guann1 taau4 po̍k1 po̍k1 cing3
E:\008-datasets\mcv-scripted-nan-tw-v23.0\cv-corpus-23.0-2025-09-05\nan-tw\single_speaker\wavs\common_voice_nan-tw_32184393.wav|nan_tw_01|yue|co1 bo4
E:\008-datasets\mcv-scripted-nan-tw-v23.0\cv-corpus-23.0-2025-09-05\nan-tw\single_speaker\wavs\common_voice_nan-tw_32184394.wav|nan_tw_01|yue|biu1 zun2 pin1 caa1
E:\008-datasets\mcv-scripted-nan-tw-v23.0\cv-corpus-23.0-2025-09-05\nan-tw\single_speaker\wavs\common_voice_nan-tw_32184395.wav|nan_tw_01|yue|iu1 ut1 zing3
E:\008-datasets\mcv-scripted-nan-tw-v23.0\cv-corpus-23.0-2025-09-05\nan-tw\single_speaker\wavs\common_voice_nan-tw_32184396.wav|nan_tw_01|yue|daa1 ba̍k1 gang3
E:\008-datasets\mcv-scripted-nan-tw-v23.0\cv-corpus-23.0-2025-09-05\nan-tw\single_speaker\wavs\common_voice_nan-tw_32184397.wav|nan_tw_01|yue|ceoi3 po2 ang4
E:\008-datasets\mcv-scripted-nan-tw-v23.0\cv-corpus-23.0-2025-09-05\nan-tw\single_speaker\wavs\common_voice_nan-tw_32184398.wav|nan_tw_01|yue|ho4 e̍h1 zeoi2 gin2 lang4 gip1 di3 senn1
E:\008-datasets\mcv-scripted-nan-tw-v23.0\cv-corpus-23.0-2025-09-05\nan-tw\single_speaker\wavs\common_voice_nan-tw_32184399.wav|nan_tw_01|yue|gaa2 bet1 ki3 daai4 un4 git1 hun1 ban1 dot1
E:\008-datasets\mcv-scripted-nan-tw-v23.0\cv-corpus-23.0-2025-09-05\nan-tw\single_speaker\wavs\common_voice_nan-tw_32184400.wav|nan_tw_01|yue|bak1 doo2 dung3 ki2 laai4
E:\008-datasets\mcv-scripted-nan-tw-v23.0\cv-corpus-23.0-2025-09-05\nan-tw\single_speaker\wavs\common_voice_nan-tw_32184401.wav|nan_tw_01|yue|hi4 zun4
E:\008-datasets\mcv-scripted-nan-tw-v23.0\cv-corpus-23.0-2025-09-05\nan-tw\single_speaker\wavs\common_voice_nan-tw_32184402.wav|nan_tw_01|yue|cheoi2 naa4 hung1
E:\008-datasets\mcv-scripted-nan-tw-v23.0\cv-corpus-23.0-2025-09-05\nan-tw\single_speaker\wavs\common_voice_nan-tw_32184403.wav|nan_tw_01|yue|bo4 dong4 zing1 sin3
E:\008-datasets\mcv-scripted-nan-tw-v23.0\cv-corpus-23.0-2025-09-05\nan-tw\single_speaker\wavs\common_voice_nan-tw_32184404.wav|nan_tw_01|yue|saa1 lun1 loo1 |1 soa1 lun1 lo͘1
E:\008-datasets\mcv-scripted-nan-tw-v23.0\cv-corpus-23.0-2025-09-05\nan-tw\single_speaker\wavs\common_voice_nan-tw_32184405.wav|nan_tw_01|yue|tit1 aa2 too4
E:\008-datasets\mcv-scripted-nan-tw-v23.0\cv-corpus-23.0-2025-09-05\nan-tw\single_speaker\wavs\common_voice_nan-tw_32184406.wav|nan_tw_01|yue|din1 gaai3
E:\008-datasets\mcv-scripted-nan-tw-v23.0\cv-corpus-23.0-2025-09-05\nan-tw\single_speaker\wavs\common_voice_nan-tw_32184407.wav|nan_tw_01|yue|be1 hiu2 dng2 se̍h1 zi̍t1 e1
E:\008-datasets\mcv-scripted-nan-tw-v23.0\cv-corpus-23.0-2025-09-05\nan-tw\single_speaker\wavs\common_voice_nan-tw_32184408.wav|nan_tw_01|yue|hua̍t1 lo̍k1
E:\008-datasets\mcv-scripted-nan-tw-v23.0\cv-corpus-23.0-2025-09-05\nan-tw\single_speaker\wavs\common_voice_nan-tw_32184409.wav|nan_tw_01|yue|zung1 gun4 go2 |1 zung1 gun4 ge2
E:\008-datasets\mcv-scripted-nan-tw-v23.0\cv-corpus-23.0-2025-09-05\nan-tw\single_speaker\wavs\common_voice_nan-tw_32184420.wav|nan_tw_01|yue|peoi3 giann2
E:\008-datasets\mcv-scripted-nan-tw-v23.0\cv-corpus-23.0-2025-09-05\nan-tw\single_speaker\wavs\common_voice_nan-tw_32184421.wav|nan_tw_01|yue|an3 bo2 aa2 sng3
E:\008-datasets\mcv-scripted-nan-tw-v23.0\cv-corpus-23.0-2025-09-05\nan-tw\single_speaker\wavs\common_voice_nan-tw_32184422.wav|nan_tw_01|yue|bun2 bang1
E:\008-datasets\mcv-scripted-nan-tw-v23.0\cv-corpus-23.0-2025-09-05\nan-tw\single_speaker\wavs\common_voice_nan-tw_32184423.wav|nan_tw_01|yue|tng3 koo3
E:\008-datasets\mcv-scripted-nan-tw-v23.0\cv-corpus-23.0-2025-09-05\nan-tw\single_speaker\wavs\common_voice_nan-tw_32184424.wav|nan_tw_01|yue|lo̍k1 suann1
E:\008-datasets\mcv-scripted-nan-tw-v23.0\cv-corpus-23.0-2025-09-05\nan-tw\single_speaker\wavs\common_voice_nan-tw_32184425.wav|nan_tw_01|yue|cin1 zan4 ge1 nng1 go1 |1 cin1 zan4 go1 nng1 go1
E:\008-datasets\mcv-scripted-nan-tw-v23.0\cv-corpus-23.0-2025-09-05\nan-tw\single_speaker\wavs\common_voice_nan-tw_32184426.wav|nan_tw_01|yue|diu4 gaai2 eoi2 un4 ho1
E:\008-datasets\mcv-scripted-nan-tw-v23.0\cv-corpus-23.0-2025-09-05\nan-tw\single_speaker\wavs\common_voice_nan-tw_32184427.wav|nan_tw_01|yue|se3 sin1 daai1 ha̍k1
E:\008-datasets\mcv-scripted-nan-tw-v23.0\cv-corpus-23.0-2025-09-05\nan-tw\single_speaker\wavs\common_voice_nan-tw_32184428.wav|nan_tw_01|yue|cong3 kang1 giu4
E:\008-datasets\mcv-scripted-nan-tw-v23.0\cv-corpus-23.0-2025-09-05\nan-tw\single_speaker\wavs\common_voice_nan-tw_32184429.wav|nan_tw_01|yue|soe1 paat1 gu1 aa2
E:\008-datasets\mcv-scripted-nan-tw-v23.0\cv-corpus-23.0-2025-09-05\nan-tw\single_speaker\wavs\common_voice_nan-tw_32184430.wav|nan_tw_01|yue|bo4 bing4 bo4 long2
E:\008-datasets\mcv-scripted-nan-tw-v23.0\cv-corpus-23.0-2025-09-05\nan-tw\single_speaker\wavs\common_voice_nan-tw_32184431.wav|nan_tw_01|yue|kaa1 saau1 aa2
E:\008-datasets\mcv-scripted-nan-tw-v23.0\cv-corpus-23.0-2025-09-05\nan-tw\single_speaker\wavs\common_voice_nan-tw_32184432.wav|nan_tw_01|yue|hia̍p1 zok1
E:\008-datasets\mcv-scripted-nan-tw-v23.0\cv-corpus-23.0-2025-09-05\nan-tw\single_speaker\wavs\common_voice_nan-tw_32184433.wav|nan_tw_01|yue|dann1 taau4 zaai1
E:\008-datasets\mcv-scripted-nan-tw-v23.0\cv-corpus-23.0-2025-09-05\nan-tw\single_speaker\wavs\common_voice_nan-tw_32184434.wav|nan_tw_01|yue|ji̍t1 bun2 liu1 li2
E:\008-datasets\mcv-scripted-nan-tw-v23.0\cv-corpus-23.0-2025-09-05\nan-tw\single_speaker\wavs\common_voice_nan-tw_32184435.wav|nan_tw_01|yue|ziah1 ni1
E:\008-datasets\mcv-scripted-nan-tw-v23.0\cv-corpus-23.0-2025-09-05\nan-tw\single_speaker\wavs\common_voice_nan-tw_32184436.wav|nan_tw_01|yue|deoi1 hun1
E:\008-datasets\mcv-scripted-nan-tw-v23.0\cv-corpus-23.0-2025-09-05\nan-tw\single_speaker\wavs\common_voice_nan-tw_32184437.wav|nan_tw_01|yue|gi1 dung1 ding1
E:\008-datasets\mcv-scripted-nan-tw-v23.0\cv-corpus-23.0-2025-09-05\nan-tw\single_speaker\wavs\common_voice_nan-tw_32184438.wav|nan_tw_01|yue|tiu3 taat1 |1 tiu3 tat1
E:\008-datasets\mcv-scripted-nan-tw-v23.0\cv-corpus-23.0-2025-09-05\nan-tw\single_speaker\wavs\common_voice_nan-tw_32184439.wav|nan_tw_01|yue|caau2 gaau4
E:\008-datasets\mcv-scripted-nan-tw-v23.0\cv-corpus-23.0-2025-09-05\nan-tw\single_speaker\wavs\common_voice_nan-tw_32184440.wav|nan_tw_01|yue|baai4 gaat1 lo3 lo3 dng4
E:\008-datasets\mcv-scripted-nan-tw-v23.0\cv-corpus-23.0-2025-09-05\nan-tw\single_speaker\wavs\common_voice_nan-tw_32184441.wav|nan_tw_01|yue|bak1 gang2 ke1 un1 zuann4
E:\008-datasets\mcv-scripted-nan-tw-v23.0\cv-corpus-23.0-2025-09-05\nan-tw\single_speaker\wavs\common_voice_nan-tw_32184442.wav|nan_tw_01|yue|laa1 zi̍h1
E:\008-datasets\mcv-scripted-nan-tw-v23.0\cv-corpus-23.0-2025-09-05\nan-tw\single_speaker\wavs\common_voice_nan-tw_32184443.wav|nan_tw_01|yue|gin2 gip1 cut1 kaau2
E:\008-datasets\mcv-scripted-nan-tw-v23.0\cv-corpus-23.0-2025-09-05\nan-tw\single_speaker\wavs\common_voice_nan-tw_32184444.wav|nan_tw_01|yue|zi̍t1 baai2
E:\008-datasets\mcv-scripted-nan-tw-v23.0\cv-corpus-23.0-2025-09-05\nan-tw\single_speaker\wavs\common_voice_nan-tw_32184445.wav|nan_tw_01|yue|be̍h1 da̍t1 loo1
E:\008-datasets\mcv-scripted-nan-tw-v23.0\cv-corpus-23.0-2025-09-05\nan-tw\single_speaker\wavs\common_voice_nan-tw_32184446.wav|nan_tw_01|yue|kut1 aa2 ginn4
E:\008-datasets\mcv-scripted-nan-tw-v23.0\cv-corpus-23.0-2025-09-05\nan-tw\single_speaker\wavs\common_voice_nan-tw_32184447.wav|nan_tw_01|yue|ban4 lam4 lang4
E:\008-datasets\mcv-scripted-nan-tw-v23.0\cv-corpus-23.0-2025-09-05\nan-tw\single_speaker\wavs\common_voice_nan-tw_32184448.wav|nan_tw_01|yue|zit1 giann1 daai1 zi3 e1 zo3 dit1
E:\008-datasets\mcv-scripted-nan-tw-v23.0\cv-corpus-23.0-2025-09-05\nan-tw\single_speaker\wavs\common_voice_nan-tw_32184449.wav|nan_tw_01|yue|saai2 gu1 tang4
E:\008-datasets\mcv-scripted-nan-tw-v23.0\cv-corpus-23.0-2025-09-05\nan-tw\single_speaker\wavs\common_voice_nan-tw_32184450.wav|nan_tw_01|yue|gim2
E:\008-datasets\mcv-scripted-nan-tw-v23.0\cv-corpus-23.0-2025-09-05\nan-tw\single_speaker\wavs\common_voice_nan-tw_32184451.wav|nan_tw_01|yue|iu1 giu1 bi2 le1
E:\008-datasets\mcv-scripted-nan-tw-v23.0\cv-corpus-23.0-2025-09-05\nan-tw\single_speaker\wavs\common_voice_nan-tw_32184452.wav|nan_tw_01|yue|jit1 gun1
E:\008-datasets\mcv-scripted-nan-tw-v23.0\cv-corpus-23.0-2025-09-05\nan-tw\single_speaker\wavs\common_voice_nan-tw_32184453.wav|nan_tw_01|yue|senn3 sannh1
E:\008-datasets\mcv-scripted-nan-tw-v23.0\cv-corpus-23.0-2025-09-05\nan-tw\single_speaker\wavs\common_voice_nan-tw_32184454.wav|nan_tw_01|yue|gaat1 sin1 boo1
E:\008-datasets\mcv-scripted-nan-tw-v23.0\cv-corpus-23.0-2025-09-05\nan-tw\single_speaker\wavs\common_voice_nan-tw_32184455.wav|nan_tw_01|yue|hu3 goan4 ke1
E:\008-datasets\mcv-scripted-nan-tw-v23.0\cv-corpus-23.0-2025-09-05\nan-tw\single_speaker\wavs\common_voice_nan-tw_32184456.wav|nan_tw_01|yue|zuk1 suann1
E:\008-datasets\mcv-scripted-nan-tw-v23.0\cv-corpus-23.0-2025-09-05\nan-tw\single_speaker\wavs\common_voice_nan-tw_32184457.wav|nan_tw_01|yue|de4 tng1 ho1
E:\008-datasets\mcv-scripted-nan-tw-v23.0\cv-corpus-23.0-2025-09-05\nan-tw\single_speaker\wavs\common_voice_nan-tw_32184458.wav|nan_tw_01|yue|got1
E:\008-datasets\mcv-scripted-nan-tw-v23.0\cv-corpus-23.0-2025-09-05\nan-tw\single_speaker\wavs\common_voice_nan-tw_32184459.wav|nan_tw_01|yue|di3 sik1 lang4 |1 di3 sik1 jin4
E:\008-datasets\mcv-scripted-nan-tw-v23.0\cv-corpus-23.0-2025-09-05\nan-tw\single_speaker\wavs\common_voice_nan-tw_32184460.wav|nan_tw_01|yue|saai2 ha̍k1 aa2
E:\008-datasets\mcv-scripted-nan-tw-v23.0\cv-corpus-23.0-2025-09-05\nan-tw\single_speaker\wavs\common_voice_nan-tw_32184461.wav|nan_tw_01|yue|taau4 ginn3 saai1 aa2
E:\008-datasets\mcv-scripted-nan-tw-v23.0\cv-corpus-23.0-2025-09-05\nan-tw\single_speaker\wavs\common_voice_nan-tw_32184462.wav|nan_tw_01|yue|bat1 dik1 ku1 |1 bat1 dak1 ku1
E:\008-datasets\mcv-scripted-nan-tw-v23.0\cv-corpus-23.0-2025-09-05\nan-tw\single_speaker\wavs\common_voice_nan-tw_32184463.wav|nan_tw_01|yue|aai3 seoi2
E:\008-datasets\mcv-scripted-nan-tw-v23.0\cv-corpus-23.0-2025-09-05\nan-tw\single_speaker\wavs\common_voice_nan-tw_32184464.wav|nan_tw_01|yue|saai1 bi2 loo1
E:\008-datasets\mcv-scripted-nan-tw-v23.0\cv-corpus-23.0-2025-09-05\nan-tw\single_speaker\wavs\common_voice_nan-tw_32192670.wav|nan_tw_01|yue|chung1 hoa3 chhi1
E:\008-datasets\mcv-scripted-nan-tw-v23.0\cv-corpus-23.0-2025-09-05\nan-tw\single_speaker\wavs\common_voice_nan-tw_32192671.wav|nan_tw_01|yue|ze1 e4 ho1 aai3 ak1 zeoi2
E:\008-datasets\mcv-scripted-nan-tw-v23.0\cv-corpus-23.0-2025-09-05\nan-tw\single_speaker\wavs\common_voice_nan-tw_32192672.wav|nan_tw_01|yue|lun4 ban1
E:\008-datasets\mcv-scripted-nan-tw-v23.0\cv-corpus-23.0-2025-09-05\nan-tw\single_speaker\wavs\common_voice_nan-tw_32192673.wav|nan_tw_01|yue|bo̍k1 ho4 bing1
E:\008-datasets\mcv-scripted-nan-tw-v23.0\cv-corpus-23.0-2025-09-05\nan-tw\single_speaker\wavs\common_voice_nan-tw_32192674.wav|nan_tw_01|yue|naai1 siann4
E:\008-datasets\mcv-scripted-nan-tw-v23.0\cv-corpus-23.0-2025-09-05\nan-tw\single_speaker\wavs\common_voice_nan-tw_32192675.wav|nan_tw_01|yue|lo̍h1 pinn3
E:\008-datasets\mcv-scripted-nan-tw-v23.0\cv-corpus-23.0-2025-09-05\nan-tw\single_speaker\wavs\common_voice_nan-tw_32192676.wav|nan_tw_01|yue|so2 si4 kin1 aa2
E:\008-datasets\mcv-scripted-nan-tw-v23.0\cv-corpus-23.0-2025-09-05\nan-tw\single_speaker\wavs\common_voice_nan-tw_32192677.wav|nan_tw_01|yue|zu3 hot1 se1 |1 zu3 huih1 se1
E:\008-datasets\mcv-scripted-nan-tw-v23.0\cv-corpus-23.0-2025-09-05\nan-tw\single_speaker\wavs\common_voice_nan-tw_32192678.wav|nan_tw_01|yue|u1 lung1 gut1 e4 dong1 bu̍t1
E:\008-datasets\mcv-scripted-nan-tw-v23.0\cv-corpus-23.0-2025-09-05\nan-tw\single_speaker\wavs\common_voice_nan-tw_32192679.wav|nan_tw_01|yue|dng4 bo2 suann1 niu4
E:\008-datasets\mcv-scripted-nan-tw-v23.0\cv-corpus-23.0-2025-09-05\nan-tw\single_speaker\wavs\common_voice_nan-tw_32192680.wav|nan_tw_01|yue|haa1 ko1 ginn4
E:\008-datasets\mcv-scripted-nan-tw-v23.0\cv-corpus-23.0-2025-09-05\nan-tw\single_speaker\wavs\common_voice_nan-tw_32192681.wav|nan_tw_01|yue|tiu1 lang1
E:\008-datasets\mcv-scripted-nan-tw-v23.0\cv-corpus-23.0-2025-09-05\nan-tw\single_speaker\wavs\common_voice_nan-tw_32192682.wav|nan_tw_01|yue|bin4 zong3 eoi4
E:\008-datasets\mcv-scripted-nan-tw-v23.0\cv-corpus-23.0-2025-09-05\nan-tw\single_speaker\wavs\common_voice_nan-tw_32192683.wav|nan_tw_01|yue|seoi4 hoo1 be̍h1
E:\008-datasets\mcv-scripted-nan-tw-v23.0\cv-corpus-23.0-2025-09-05\nan-tw\single_speaker\wavs\common_voice_nan-tw_32192684.wav|nan_tw_01|yue|siunn1 dinn1
E:\008-datasets\mcv-scripted-nan-tw-v23.0\cv-corpus-23.0-2025-09-05\nan-tw\single_speaker\wavs\common_voice_nan-tw_32192685.wav|nan_tw_01|yue|giu2 geoi1 sun3 hut1
E:\008-datasets\mcv-scripted-nan-tw-v23.0\cv-corpus-23.0-2025-09-05\nan-tw\single_speaker\wavs\common_voice_nan-tw_32192686.wav|nan_tw_01|yue|get1 duinn2 gang1
E:\008-datasets\mcv-scripted-nan-tw-v23.0\cv-corpus-23.0-2025-09-05\nan-tw\single_speaker\wavs\common_voice_nan-tw_32192687.wav|nan_tw_01|yue|si3 ge3 lua̍h1 lua̍h1 so4
E:\008-datasets\mcv-scripted-nan-tw-v23.0\cv-corpus-23.0-2025-09-05\nan-tw\single_speaker\wavs\common_voice_nan-tw_32192688.wav|nan_tw_01|yue|dang4 gin1 tit1 gut1 |1 dang4 gun1 tit1 gut1
E:\008-datasets\mcv-scripted-nan-tw-v23.0\cv-corpus-23.0-2025-09-05\nan-tw\single_speaker\wavs\common_voice_nan-tw_32192690.wav|nan_tw_01|yue|m1 zaai1 him4 ia̍h1 hoo2
E:\008-datasets\mcv-scripted-nan-tw-v23.0\cv-corpus-23.0-2025-09-05\nan-tw\single_speaker\wavs\common_voice_nan-tw_32192691.wav|nan_tw_01|yue|ban1 sing3 zet1
E:\008-datasets\mcv-scripted-nan-tw-v23.0\cv-corpus-23.0-2025-09-05\nan-tw\single_speaker\wavs\common_voice_nan-tw_32192692.wav|nan_tw_01|yue|det1 kun3 |1 let1 kun3
E:\008-datasets\mcv-scripted-nan-tw-v23.0\cv-corpus-23.0-2025-09-05\nan-tw\single_speaker\wavs\common_voice_nan-tw_32192693.wav|nan_tw_01|yue|daa1 dang4 aa2 pang1
E:\008-datasets\mcv-scripted-nan-tw-v23.0\cv-corpus-23.0-2025-09-05\nan-tw\single_speaker\wavs\common_voice_nan-tw_32192694.wav|nan_tw_01|yue|li1 za̍p1 diunn1 |1 li1 cha̍p1 diun1
E:\008-datasets\mcv-scripted-nan-tw-v23.0\cv-corpus-23.0-2025-09-05\nan-tw\single_speaker\wavs\common_voice_nan-tw_32192695.wav|nan_tw_01|yue|cuah1 cuah1
E:\008-datasets\mcv-scripted-nan-tw-v23.0\cv-corpus-23.0-2025-09-05\nan-tw\single_speaker\wavs\common_voice_nan-tw_32192696.wav|nan_tw_01|yue|kaa2 su1 goo3
E:\008-datasets\mcv-scripted-nan-tw-v23.0\cv-corpus-23.0-2025-09-05\nan-tw\single_speaker\wavs\common_voice_nan-tw_32192697.wav|nan_tw_01|yue|ho2 soe1 do2
E:\008-datasets\mcv-scripted-nan-tw-v23.0\cv-corpus-23.0-2025-09-05\nan-tw\single_speaker\wavs\common_voice_nan-tw_32192698.wav|nan_tw_01|yue|i1 kuann3 ki2 laai4 zin1 lo̍k1 pik1
E:\008-datasets\mcv-scripted-nan-tw-v23.0\cv-corpus-23.0-2025-09-05\nan-tw\single_speaker\wavs\common_voice_nan-tw_32192699.wav|nan_tw_01|yue|i1 u1 sann1 ging1 cu3
E:\008-datasets\mcv-scripted-nan-tw-v23.0\cv-corpus-23.0-2025-09-05\nan-tw\single_speaker\wavs\common_voice_nan-tw_32192700.wav|nan_tw_01|yue|gaa1 bak1
E:\008-datasets\mcv-scripted-nan-tw-v23.0\cv-corpus-23.0-2025-09-05\nan-tw\single_speaker\wavs\common_voice_nan-tw_32192701.wav|nan_tw_01|yue|pong3 giann3
E:\008-datasets\mcv-scripted-nan-tw-v23.0\cv-corpus-23.0-2025-09-05\nan-tw\single_speaker\wavs\common_voice_nan-tw_32192702.wav|nan_tw_01|yue|aau1 biah1
E:\008-datasets\mcv-scripted-nan-tw-v23.0\cv-corpus-23.0-2025-09-05\nan-tw\single_speaker\wavs\common_voice_nan-tw_32192703.wav|nan_tw_01|yue|kim1 ceoi3
E:\008-datasets\mcv-scripted-nan-tw-v23.0\cv-corpus-23.0-2025-09-05\nan-tw\single_speaker\wavs\common_voice_nan-tw_32192704.wav|nan_tw_01|yue|sin1 gang2 tng4 aa2
E:\008-datasets\mcv-scripted-nan-tw-v23.0\cv-corpus-23.0-2025-09-05\nan-tw\single_speaker\wavs\common_voice_nan-tw_32192705.wav|nan_tw_01|yue|sin1 dik1 gun1
E:\008-datasets\mcv-scripted-nan-tw-v23.0\cv-corpus-23.0-2025-09-05\nan-tw\single_speaker\wavs\common_voice_nan-tw_32192706.wav|nan_tw_01|yue|de4 haai2 cenn1
E:\008-datasets\mcv-scripted-nan-tw-v23.0\cv-corpus-23.0-2025-09-05\nan-tw\single_speaker\wavs\common_voice_nan-tw_32192707.wav|nan_tw_01|yue|kun3 daa1 di1
E:\008-datasets\mcv-scripted-nan-tw-v23.0\cv-corpus-23.0-2025-09-05\nan-tw\single_speaker\wavs\common_voice_nan-tw_32192708.wav|nan_tw_01|yue|be1 dim1
E:\008-datasets\mcv-scripted-nan-tw-v23.0\cv-corpus-23.0-2025-09-05\nan-tw\single_speaker\wavs\common_voice_nan-tw_32192709.wav|nan_tw_01|yue|boo4 aa2
E:\008-datasets\mcv-scripted-nan-tw-v23.0\cv-corpus-23.0-2025-09-05\nan-tw\single_speaker\wavs\common_voice_nan-tw_32192710.wav|nan_tw_01|yue|cit1 aai1 bet1 cua̍h1
E:\008-datasets\mcv-scripted-nan-tw-v23.0\cv-corpus-23.0-2025-09-05\nan-tw\single_speaker\wavs\common_voice_nan-tw_32192711.wav|nan_tw_01|yue|sin1 bun4 zaa2
E:\008-datasets\mcv-scripted-nan-tw-v23.0\cv-corpus-23.0-2025-09-05\nan-tw\single_speaker\wavs\common_voice_nan-tw_32192712.wav|nan_tw_01|yue|tong1 honn3 pong3 dung3 |1 tong1 ho3 pong3 diunng3
E:\008-datasets\mcv-scripted-nan-tw-v23.0\cv-corpus-23.0-2025-09-05\nan-tw\single_speaker\wavs\common_voice_nan-tw_32192713.wav|nan_tw_01|yue|han3 ji1 bun4 haa3 koo1 aa2
E:\008-datasets\mcv-scripted-nan-tw-v23.0\cv-corpus-23.0-2025-09-05\nan-tw\single_speaker\wavs\common_voice_nan-tw_32192714.wav|nan_tw_01|yue|lam4 zing1
E:\008-datasets\mcv-scripted-nan-tw-v23.0\cv-corpus-23.0-2025-09-05\nan-tw\single_speaker\wavs\common_voice_nan-tw_32192715.wav|nan_tw_01|yue|ing4 goe4 gok1 soe2
E:\008-datasets\mcv-scripted-nan-tw-v23.0\cv-corpus-23.0-2025-09-05\nan-tw\single_speaker\wavs\common_voice_nan-tw_32192716.wav|nan_tw_01|yue|siu2 io̍h1 aa2
E:\008-datasets\mcv-scripted-nan-tw-v23.0\cv-corpus-23.0-2025-09-05\nan-tw\single_speaker\wavs\common_voice_nan-tw_32192717.wav|nan_tw_01|yue|dinn1 dinn1
E:\008-datasets\mcv-scripted-nan-tw-v23.0\cv-corpus-23.0-2025-09-05\nan-tw\single_speaker\wavs\common_voice_nan-tw_32192718.wav|nan_tw_01|yue|lu3 aa2
E:\008-datasets\mcv-scripted-nan-tw-v23.0\cv-corpus-23.0-2025-09-05\nan-tw\single_speaker\wavs\common_voice_nan-tw_32192719.wav|nan_tw_01|yue|hing1 dik1
E:\008-datasets\mcv-scripted-nan-tw-v23.0\cv-corpus-23.0-2025-09-05\nan-tw\single_speaker\wavs\common_voice_nan-tw_32192720.wav|nan_tw_01|yue|do3 loo1
E:\008-datasets\mcv-scripted-nan-tw-v23.0\cv-corpus-23.0-2025-09-05\nan-tw\single_speaker\wavs\common_voice_nan-tw_32192721.wav|nan_tw_01|yue|dung1 hun1 aa2 hoo4
E:\008-datasets\mcv-scripted-nan-tw-v23.0\cv-corpus-23.0-2025-09-05\nan-tw\single_speaker\wavs\common_voice_nan-tw_32192722.wav|nan_tw_01|yue|chaai1 hang4 lo͘1
E:\008-datasets\mcv-scripted-nan-tw-v23.0\cv-corpus-23.0-2025-09-05\nan-tw\single_speaker\wavs\common_voice_nan-tw_32192723.wav|nan_tw_01|yue|taai3 ngaa2 doo1 gaa2 cun1
E:\008-datasets\mcv-scripted-nan-tw-v23.0\cv-corpus-23.0-2025-09-05\nan-tw\single_speaker\wavs\common_voice_nan-tw_32192724.wav|nan_tw_01|yue|biah1 gak1 aa2 giann2
E:\008-datasets\mcv-scripted-nan-tw-v23.0\cv-corpus-23.0-2025-09-05\nan-tw\single_speaker\wavs\common_voice_nan-tw_32192730.wav|nan_tw_01|yue|bak1 dng4
E:\008-datasets\mcv-scripted-nan-tw-v23.0\cv-corpus-23.0-2025-09-05\nan-tw\single_speaker\wavs\common_voice_nan-tw_32192731.wav|nan_tw_01|yue|han4 gok1 gim4 caai3
E:\008-datasets\mcv-scripted-nan-tw-v23.0\cv-corpus-23.0-2025-09-05\nan-tw\single_speaker\wavs\common_voice_nan-tw_32192732.wav|nan_tw_01|yue|dang1 gong1 gok1 soe2
E:\008-datasets\mcv-scripted-nan-tw-v23.0\cv-corpus-23.0-2025-09-05\nan-tw\single_speaker\wavs\common_voice_nan-tw_32192733.wav|nan_tw_01|yue|ho2 cenn1 bun4 |1 he2 cinn1 bun4
E:\008-datasets\mcv-scripted-nan-tw-v23.0\cv-corpus-23.0-2025-09-05\nan-tw\single_speaker\wavs\common_voice_nan-tw_32192734.wav|nan_tw_01|yue|loo2 nňg1 |1 loo2 neoi1
E:\008-datasets\mcv-scripted-nan-tw-v23.0\cv-corpus-23.0-2025-09-05\nan-tw\single_speaker\wavs\common_voice_nan-tw_32192735.wav|nan_tw_01|yue|kaa1 ciu2 me2
E:\008-datasets\mcv-scripted-nan-tw-v23.0\cv-corpus-23.0-2025-09-05\nan-tw\single_speaker\wavs\common_voice_nan-tw_32192736.wav|nan_tw_01|yue|zing2 taau4 aa2 cun1 cut1 laai4 bo4 benn4 dng4
E:\008-datasets\mcv-scripted-nan-tw-v23.0\cv-corpus-23.0-2025-09-05\nan-tw\single_speaker\wavs\common_voice_nan-tw_32192737.wav|nan_tw_01|yue|niu1 laau2 daa1
E:\008-datasets\mcv-scripted-nan-tw-v23.0\cv-corpus-23.0-2025-09-05\nan-tw\single_speaker\wavs\common_voice_nan-tw_32192738.wav|nan_tw_01|yue|li1 li1 kok1 kok1
E:\008-datasets\mcv-scripted-nan-tw-v23.0\cv-corpus-23.0-2025-09-05\nan-tw\single_speaker\wavs\common_voice_nan-tw_32192739.wav|nan_tw_01|yue|cng4 taau4 paat1 cng4 bo2 ho4
E:\008-datasets\mcv-scripted-nan-tw-v23.0\cv-corpus-23.0-2025-09-05\nan-tw\single_speaker\wavs\common_voice_nan-tw_32192745.wav|nan_tw_01|yue|be2 de4 zinn3 |1 be2 do4 zinn3
E:\008-datasets\mcv-scripted-nan-tw-v23.0\cv-corpus-23.0-2025-09-05\nan-tw\single_speaker\wavs\common_voice_nan-tw_32192746.wav|nan_tw_01|yue|bet1 an2 zuann2 ung1 aat1
E:\008-datasets\mcv-scripted-nan-tw-v23.0\cv-corpus-23.0-2025-09-05\nan-tw\single_speaker\wavs\common_voice_nan-tw_32192747.wav|nan_tw_01|yue|ha̍p1 gun4
E:\008-datasets\mcv-scripted-nan-tw-v23.0\cv-corpus-23.0-2025-09-05\nan-tw\single_speaker\wavs\common_voice_nan-tw_32192748.wav|nan_tw_01|yue|gaau2 got1 sin1
E:\008-datasets\mcv-scripted-nan-tw-v23.0\cv-corpus-23.0-2025-09-05\nan-tw\single_speaker\wavs\common_voice_nan-tw_32192749.wav|nan_tw_01|yue|ger2 hng4 |1 ge2 hng4 |1 go2 huinn4 |1 go2 hng4
E:\008-datasets\mcv-scripted-nan-tw-v23.0\cv-corpus-23.0-2025-09-05\nan-tw\single_speaker\wavs\common_voice_nan-tw_32192755.wav|nan_tw_01|yue|daa1 gong2 hun1
E:\008-datasets\mcv-scripted-nan-tw-v23.0\cv-corpus-23.0-2025-09-05\nan-tw\single_speaker\wavs\common_voice_nan-tw_32192756.wav|nan_tw_01|yue|daai4 un4 do1 si1 daai4 un4
E:\008-datasets\mcv-scripted-nan-tw-v23.0\cv-corpus-23.0-2025-09-05\nan-tw\single_speaker\wavs\common_voice_nan-tw_32192757.wav|nan_tw_01|yue|daai1 jun1 hut1
E:\008-datasets\mcv-scripted-nan-tw-v23.0\cv-corpus-23.0-2025-09-05\nan-tw\single_speaker\wavs\common_voice_nan-tw_32192758.wav|nan_tw_01|yue|giu4 co4
E:\008-datasets\mcv-scripted-nan-tw-v23.0\cv-corpus-23.0-2025-09-05\nan-tw\single_speaker\wavs\common_voice_nan-tw_32192759.wav|nan_tw_01|yue|du2 du2 ho2
E:\008-datasets\mcv-scripted-nan-tw-v23.0\cv-corpus-23.0-2025-09-05\nan-tw\single_speaker\wavs\common_voice_nan-tw_32192765.wav|nan_tw_01|yue|da̍k1 ge1 long2 zin1 huann1 hi2
E:\008-datasets\mcv-scripted-nan-tw-v23.0\cv-corpus-23.0-2025-09-05\nan-tw\single_speaker\wavs\common_voice_nan-tw_32192767.wav|nan_tw_01|yue|goo1 geoi1 sann1 kaau2 taau4
E:\008-datasets\mcv-scripted-nan-tw-v23.0\cv-corpus-23.0-2025-09-05\nan-tw\single_speaker\wavs\common_voice_nan-tw_32192768.wav|nan_tw_01|yue|paat1 cin3
E:\008-datasets\mcv-scripted-nan-tw-v23.0\cv-corpus-23.0-2025-09-05\nan-tw\single_speaker\wavs\common_voice_nan-tw_32192769.wav|nan_tw_01|yue|gu1 zong1
E:\008-datasets\mcv-scripted-nan-tw-v23.0\cv-corpus-23.0-2025-09-05\nan-tw\single_speaker\wavs\common_voice_nan-tw_32192770.wav|nan_tw_01|yue|ge1 siu1 ji̍p1 hoo1
E:\008-datasets\mcv-scripted-nan-tw-v23.0\cv-corpus-23.0-2025-09-05\nan-tw\single_speaker\wavs\common_voice_nan-tw_32192771.wav|nan_tw_01|yue|ban1 lung4 go1 |1 ban1 lung4 goe1
E:\008-datasets\mcv-scripted-nan-tw-v23.0\cv-corpus-23.0-2025-09-05\nan-tw\single_speaker\wavs\common_voice_nan-tw_32192772.wav|nan_tw_01|yue|ge1 baat1 gak1
E:\008-datasets\mcv-scripted-nan-tw-v23.0\cv-corpus-23.0-2025-09-05\nan-tw\single_speaker\wavs\common_voice_nan-tw_32192773.wav|nan_tw_01|yue|me4 siann1 taau2
E:\008-datasets\mcv-scripted-nan-tw-v23.0\cv-corpus-23.0-2025-09-05\nan-tw\single_speaker\wavs\common_voice_nan-tw_32192774.wav|nan_tw_01|yue|si1 suann3 diu3 dang4 zing1
E:\008-datasets\mcv-scripted-nan-tw-v23.0\cv-corpus-23.0-2025-09-05\nan-tw\single_speaker\wavs\common_voice_nan-tw_32192775.wav|nan_tw_01|yue|zu1 zok1 do1 zing4
E:\008-datasets\mcv-scripted-nan-tw-v23.0\cv-corpus-23.0-2025-09-05\nan-tw\single_speaker\wavs\common_voice_nan-tw_32192776.wav|nan_tw_01|yue|ke1 ziu1 |1 ko1 ziu1
E:\008-datasets\mcv-scripted-nan-tw-v23.0\cv-corpus-23.0-2025-09-05\nan-tw\single_speaker\wavs\common_voice_nan-tw_32192777.wav|nan_tw_01|yue|ge4 bng1 si4 du2 niu1
E:\008-datasets\mcv-scripted-nan-tw-v23.0\cv-corpus-23.0-2025-09-05\nan-tw\single_speaker\wavs\common_voice_nan-tw_32192778.wav|nan_tw_01|yue|ceoi3 daa1 naa4 aau4 kuah1
E:\008-datasets\mcv-scripted-nan-tw-v23.0\cv-corpus-23.0-2025-09-05\nan-tw\single_speaker\wavs\common_voice_nan-tw_32192779.wav|nan_tw_01|yue|ging2 hong1 go1
E:\008-datasets\mcv-scripted-nan-tw-v23.0\cv-corpus-23.0-2025-09-05\nan-tw\single_speaker\wavs\common_voice_nan-tw_32192780.wav|nan_tw_01|yue|ling4 po1 saai1 go1 |1 lang4 po1 saai1 goe1
E:\008-datasets\mcv-scripted-nan-tw-v23.0\cv-corpus-23.0-2025-09-05\nan-tw\single_speaker\wavs\common_voice_nan-tw_32192781.wav|nan_tw_01|yue|iann4 diunn3
E:\008-datasets\mcv-scripted-nan-tw-v23.0\cv-corpus-23.0-2025-09-05\nan-tw\single_speaker\wavs\common_voice_nan-tw_32192782.wav|nan_tw_01|yue|zung1 gi4 bo2
E:\008-datasets\mcv-scripted-nan-tw-v23.0\cv-corpus-23.0-2025-09-05\nan-tw\single_speaker\wavs\common_voice_nan-tw_32192783.wav|nan_tw_01|yue|ip1 ip1 tip1 tip1
E:\008-datasets\mcv-scripted-nan-tw-v23.0\cv-corpus-23.0-2025-09-05\nan-tw\single_speaker\wavs\common_voice_nan-tw_32192784.wav|nan_tw_01|yue|ka̍p1 long3
E:\008-datasets\mcv-scripted-nan-tw-v23.0\cv-corpus-23.0-2025-09-05\nan-tw\single_speaker\wavs\common_voice_nan-tw_32192785.wav|nan_tw_01|yue|un4 aa2 giu4
E:\008-datasets\mcv-scripted-nan-tw-v23.0\cv-corpus-23.0-2025-09-05\nan-tw\single_speaker\wavs\common_voice_nan-tw_32192786.wav|nan_tw_01|yue|be1 cap1 dit1
E:\008-datasets\mcv-scripted-nan-tw-v23.0\cv-corpus-23.0-2025-09-05\nan-tw\single_speaker\wavs\common_voice_nan-tw_32192788.wav|nan_tw_01|yue|sann1 boo1 zo3 zi̍t1 hua̍h1
E:\008-datasets\mcv-scripted-nan-tw-v23.0\cv-corpus-23.0-2025-09-05\nan-tw\single_speaker\wavs\common_voice_nan-tw_32192789.wav|nan_tw_01|yue|gong1 ho̍k1 gok1 soe2
E:\008-datasets\mcv-scripted-nan-tw-v23.0\cv-corpus-23.0-2025-09-05\nan-tw\single_speaker\wavs\common_voice_nan-tw_32192795.wav|nan_tw_01|yue|painn2 ni4 dang1 gaau1 siu2 lang4
E:\008-datasets\mcv-scripted-nan-tw-v23.0\cv-corpus-23.0-2025-09-05\nan-tw\single_speaker\wavs\common_voice_nan-tw_32192796.wav|nan_tw_01|yue|saa3 la̍t1 zaau2 boe1
E:\008-datasets\mcv-scripted-nan-tw-v23.0\cv-corpus-23.0-2025-09-05\nan-tw\single_speaker\wavs\common_voice_nan-tw_32192797.wav|nan_tw_01|yue|cu3 gun4
E:\008-datasets\mcv-scripted-nan-tw-v23.0\cv-corpus-23.0-2025-09-05\nan-tw\single_speaker\wavs\common_voice_nan-tw_32192798.wav|nan_tw_01|yue|zeoi2 bun4 ginn4
E:\008-datasets\mcv-scripted-nan-tw-v23.0\cv-corpus-23.0-2025-09-05\nan-tw\single_speaker\wavs\common_voice_nan-tw_32192799.wav|nan_tw_01|yue|soe2 han4
E:\008-datasets\mcv-scripted-nan-tw-v23.0\cv-corpus-23.0-2025-09-05\nan-tw\single_speaker\wavs\common_voice_nan-tw_32192800.wav|nan_tw_01|yue|can4 enn1 gi1
E:\008-datasets\mcv-scripted-nan-tw-v23.0\cv-corpus-23.0-2025-09-05\nan-tw\single_speaker\wavs\common_voice_nan-tw_32192801.wav|nan_tw_01|yue|si1 bue̍h1 aa2
E:\008-datasets\mcv-scripted-nan-tw-v23.0\cv-corpus-23.0-2025-09-05\nan-tw\single_speaker\wavs\common_voice_nan-tw_32192802.wav|nan_tw_01|yue|ci3 ci2 |1 ci3 cu2
E:\008-datasets\mcv-scripted-nan-tw-v23.0\cv-corpus-23.0-2025-09-05\nan-tw\single_speaker\wavs\common_voice_nan-tw_32192803.wav|nan_tw_01|yue|ciah1 bin1
E:\008-datasets\mcv-scripted-nan-tw-v23.0\cv-corpus-23.0-2025-09-05\nan-tw\single_speaker\wavs\common_voice_nan-tw_32192804.wav|nan_tw_01|yue|sann1 an1 li2
E:\008-datasets\mcv-scripted-nan-tw-v23.0\cv-corpus-23.0-2025-09-05\nan-tw\single_speaker\wavs\common_voice_nan-tw_32192815.wav|nan_tw_01|yue|daai4 se1
E:\008-datasets\mcv-scripted-nan-tw-v23.0\cv-corpus-23.0-2025-09-05\nan-tw\single_speaker\wavs\common_voice_nan-tw_32192816.wav|nan_tw_01|yue|li1 bin1 sung1 dim3
E:\008-datasets\mcv-scripted-nan-tw-v23.0\cv-corpus-23.0-2025-09-05\nan-tw\single_speaker\wavs\common_voice_nan-tw_32192817.wav|nan_tw_01|yue|ging2 be2 gok1 soe2
E:\008-datasets\mcv-scripted-nan-tw-v23.0\cv-corpus-23.0-2025-09-05\nan-tw\single_speaker\wavs\common_voice_nan-tw_32192818.wav|nan_tw_01|yue|pang1 bi̍t1 go1 nng1 go1 |1 pang1 bi̍t1 ge1 nng1 go1
E:\008-datasets\mcv-scripted-nan-tw-v23.0\cv-corpus-23.0-2025-09-05\nan-tw\single_speaker\wavs\common_voice_nan-tw_32192819.wav|nan_tw_01|yue|gung4 li̍k1 goo4
E:\008-datasets\mcv-scripted-nan-tw-v23.0\cv-corpus-23.0-2025-09-05\nan-tw\single_speaker\wavs\common_voice_nan-tw_32192825.wav|nan_tw_01|yue|ger2 zi2 baat1
E:\008-datasets\mcv-scripted-nan-tw-v23.0\cv-corpus-23.0-2025-09-05\nan-tw\single_speaker\wavs\common_voice_nan-tw_32192826.wav|nan_tw_01|yue|hang4 lung4 si̍p1 bat1 zoeng2
E:\008-datasets\mcv-scripted-nan-tw-v23.0\cv-corpus-23.0-2025-09-05\nan-tw\single_speaker\wavs\common_voice_nan-tw_32192827.wav|nan_tw_01|yue|paat1 gi1 aa2
E:\008-datasets\mcv-scripted-nan-tw-v23.0\cv-corpus-23.0-2025-09-05\nan-tw\single_speaker\wavs\common_voice_nan-tw_32192828.wav|nan_tw_01|yue|kaa1 moo1
E:\008-datasets\mcv-scripted-nan-tw-v23.0\cv-corpus-23.0-2025-09-05\nan-tw\single_speaker\wavs\common_voice_nan-tw_32192829.wav|nan_tw_01|yue|hang1 pang2
E:\008-datasets\mcv-scripted-nan-tw-v23.0\cv-corpus-23.0-2025-09-05\nan-tw\single_speaker\wavs\common_voice_nan-tw_32192835.wav|nan_tw_01|yue|hong2
E:\008-datasets\mcv-scripted-nan-tw-v23.0\cv-corpus-23.0-2025-09-05\nan-tw\single_speaker\wavs\common_voice_nan-tw_32192836.wav|nan_tw_01|yue|kut1 cioh1
E:\008-datasets\mcv-scripted-nan-tw-v23.0\cv-corpus-23.0-2025-09-05\nan-tw\single_speaker\wavs\common_voice_nan-tw_32192837.wav|nan_tw_01|yue|ki3 sin1 loo2 me1
E:\008-datasets\mcv-scripted-nan-tw-v23.0\cv-corpus-23.0-2025-09-05\nan-tw\single_speaker\wavs\common_voice_nan-tw_32192838.wav|nan_tw_01|yue|hi3 hu2 zi1 gin4 |1 heoi3 hu2 zi1 gin4
E:\008-datasets\mcv-scripted-nan-tw-v23.0\cv-corpus-23.0-2025-09-05\nan-tw\single_speaker\wavs\common_voice_nan-tw_32192839.wav|nan_tw_01|yue|saai1 hong1
E:\008-datasets\mcv-scripted-nan-tw-v23.0\cv-corpus-23.0-2025-09-05\nan-tw\single_speaker\wavs\common_voice_nan-tw_32192840.wav|nan_tw_01|yue|gio̍k1 kun4
E:\008-datasets\mcv-scripted-nan-tw-v23.0\cv-corpus-23.0-2025-09-05\nan-tw\single_speaker\wavs\common_voice_nan-tw_32192841.wav|nan_tw_01|yue|zia̍h1 bo4 sann1 be2 ing3 caai3 dio̍h1 bet1 ziunn1 se1 tin1
E:\008-datasets\mcv-scripted-nan-tw-v23.0\cv-corpus-23.0-2025-09-05\nan-tw\single_speaker\wavs\common_voice_nan-tw_32192842.wav|nan_tw_01|yue|gan2 naau2 suann3
E:\008-datasets\mcv-scripted-nan-tw-v23.0\cv-corpus-23.0-2025-09-05\nan-tw\single_speaker\wavs\common_voice_nan-tw_32192843.wav|nan_tw_01|yue|go2 zi2 sng1 |1 ge2 zi2 sng1
E:\008-datasets\mcv-scripted-nan-tw-v23.0\cv-corpus-23.0-2025-09-05\nan-tw\single_speaker\wavs\common_voice_nan-tw_32192854.wav|nan_tw_01|yue|goo1 sun4
E:\008-datasets\mcv-scripted-nan-tw-v23.0\cv-corpus-23.0-2025-09-05\nan-tw\single_speaker\wavs\common_voice_nan-tw_32192875.wav|nan_tw_01|yue|hun4 daa3 ba̍t1 ba̍t1
E:\008-datasets\mcv-scripted-nan-tw-v23.0\cv-corpus-23.0-2025-09-05\nan-tw\single_speaker\wavs\common_voice_nan-tw_32192876.wav|nan_tw_01|yue|meoi4 aa2 naa4
E:\008-datasets\mcv-scripted-nan-tw-v23.0\cv-corpus-23.0-2025-09-05\nan-tw\single_speaker\wavs\common_voice_nan-tw_32192877.wav|nan_tw_01|yue|maai3 gong2 kaat1 bo4 bang2
E:\008-datasets\mcv-scripted-nan-tw-v23.0\cv-corpus-23.0-2025-09-05\nan-tw\single_speaker\wavs\common_voice_nan-tw_32192878.wav|nan_tw_01|yue|ko1 gang1 gun2
E:\008-datasets\mcv-scripted-nan-tw-v23.0\cv-corpus-23.0-2025-09-05\nan-tw\single_speaker\wavs\common_voice_nan-tw_32192879.wav|nan_tw_01|yue|ci3 lung4 be1
E:\008-datasets\mcv-scripted-nan-tw-v23.0\cv-corpus-23.0-2025-09-05\nan-tw\single_speaker\wavs\common_voice_nan-tw_32192975.wav|nan_tw_01|yue|zia̍h1 gaat1 laau1 laau1 laau1
E:\008-datasets\mcv-scripted-nan-tw-v23.0\cv-corpus-23.0-2025-09-05\nan-tw\single_speaker\wavs\common_voice_nan-tw_32192976.wav|nan_tw_01|yue|bo4 det1 iu3 gin2
E:\008-datasets\mcv-scripted-nan-tw-v23.0\cv-corpus-23.0-2025-09-05\nan-tw\single_speaker\wavs\common_voice_nan-tw_32192977.wav|nan_tw_01|yue|taau4 le4 le4 |1 taau4 lere4 lere4 |1 taau4 lo4 lo4
E:\008-datasets\mcv-scripted-nan-tw-v23.0\cv-corpus-23.0-2025-09-05\nan-tw\single_speaker\wavs\common_voice_nan-tw_32192978.wav|nan_tw_01|yue|moo4 li̍k1 doo1 baa4
E:\008-datasets\mcv-scripted-nan-tw-v23.0\cv-corpus-23.0-2025-09-05\nan-tw\single_speaker\wavs\common_voice_nan-tw_32192979.wav|nan_tw_01|yue|lam4 giann1 lung4 gang1 loo1 kaau2
E:\008-datasets\mcv-scripted-nan-tw-v23.0\cv-corpus-23.0-2025-09-05\nan-tw\single_speaker\wavs\common_voice_nan-tw_32192985.wav|nan_tw_01|yue|kuann3 tinn1 cin3 cin3
E:\008-datasets\mcv-scripted-nan-tw-v23.0\cv-corpus-23.0-2025-09-05\nan-tw\single_speaker\wavs\common_voice_nan-tw_32192986.wav|nan_tw_01|yue|baat1 poe3
E:\008-datasets\mcv-scripted-nan-tw-v23.0\cv-corpus-23.0-2025-09-05\nan-tw\single_speaker\wavs\common_voice_nan-tw_32192987.wav|nan_tw_01|yue|heoi1 hut1
E:\008-datasets\mcv-scripted-nan-tw-v23.0\cv-corpus-23.0-2025-09-05\nan-tw\single_speaker\wavs\common_voice_nan-tw_32192988.wav|nan_tw_01|yue|ip1 tip1
E:\008-datasets\mcv-scripted-nan-tw-v23.0\cv-corpus-23.0-2025-09-05\nan-tw\single_speaker\wavs\common_voice_nan-tw_32192989.wav|nan_tw_01|yue|li̍h1 hing1 san3 gaat1
E:\008-datasets\mcv-scripted-nan-tw-v23.0\cv-corpus-23.0-2025-09-05\nan-tw\single_speaker\wavs\common_voice_nan-tw_32192995.wav|nan_tw_01|yue|ki3 do3
E:\008-datasets\mcv-scripted-nan-tw-v23.0\cv-corpus-23.0-2025-09-05\nan-tw\single_speaker\wavs\common_voice_nan-tw_32192996.wav|nan_tw_01|yue|ni1 taau4 gaau3 ni4 bo2
E:\008-datasets\mcv-scripted-nan-tw-v23.0\cv-corpus-23.0-2025-09-05\nan-tw\single_speaker\wavs\common_voice_nan-tw_32193003.wav|nan_tw_01|yue|loo2 zaa4
E:\008-datasets\mcv-scripted-nan-tw-v23.0\cv-corpus-23.0-2025-09-05\nan-tw\single_speaker\wavs\common_voice_nan-tw_32193004.wav|nan_tw_01|yue|hun2 goe4
E:\008-datasets\mcv-scripted-nan-tw-v23.0\cv-corpus-23.0-2025-09-05\nan-tw\single_speaker\wavs\common_voice_nan-tw_32193005.wav|nan_tw_01|yue|tam4 zu2 ku1
E:\008-datasets\mcv-scripted-nan-tw-v23.0\cv-corpus-23.0-2025-09-05\nan-tw\single_speaker\wavs\common_voice_nan-tw_32193007.wav|nan_tw_01|yue|cut1 ki3 sng2
E:\008-datasets\mcv-scripted-nan-tw-v23.0\cv-corpus-23.0-2025-09-05\nan-tw\single_speaker\wavs\common_voice_nan-tw_32193008.wav|nan_tw_01|yue|co1 daa1
E:\008-datasets\mcv-scripted-nan-tw-v23.0\cv-corpus-23.0-2025-09-05\nan-tw\single_speaker\wavs\common_voice_nan-tw_32193009.wav|nan_tw_01|yue|taau4 buann4
E:\008-datasets\mcv-scripted-nan-tw-v23.0\cv-corpus-23.0-2025-09-05\nan-tw\single_speaker\wavs\common_voice_nan-tw_32193010.wav|nan_tw_01|yue|ki1 maa4
E:\008-datasets\mcv-scripted-nan-tw-v23.0\cv-corpus-23.0-2025-09-05\nan-tw\single_speaker\wavs\common_voice_nan-tw_32193011.wav|nan_tw_01|yue|ne2 zinn4
E:\008-datasets\mcv-scripted-nan-tw-v23.0\cv-corpus-23.0-2025-09-05\nan-tw\single_speaker\wavs\common_voice_nan-tw_32193015.wav|nan_tw_01|yue|baa1 lun4 boo1 caau2
E:\008-datasets\mcv-scripted-nan-tw-v23.0\cv-corpus-23.0-2025-09-05\nan-tw\single_speaker\wavs\common_voice_nan-tw_32193016.wav|nan_tw_01|yue|taau4 ki2 sing1
E:\008-datasets\mcv-scripted-nan-tw-v23.0\cv-corpus-23.0-2025-09-05\nan-tw\single_speaker\wavs\common_voice_nan-tw_32193017.wav|nan_tw_01|yue|ze3 pin2 bun4
E:\008-datasets\mcv-scripted-nan-tw-v23.0\cv-corpus-23.0-2025-09-05\nan-tw\single_speaker\wavs\common_voice_nan-tw_32193018.wav|nan_tw_01|yue|su2 ung1 lang4
E:\008-datasets\mcv-scripted-nan-tw-v23.0\cv-corpus-23.0-2025-09-05\nan-tw\single_speaker\wavs\common_voice_nan-tw_32193019.wav|nan_tw_01|yue|sam1 ciann2 si3 goo1 ziann4
E:\008-datasets\mcv-scripted-nan-tw-v23.0\cv-corpus-23.0-2025-09-05\nan-tw\single_speaker\wavs\common_voice_nan-tw_32193020.wav|nan_tw_01|yue|li2 det1 gong2 siann2
E:\008-datasets\mcv-scripted-nan-tw-v23.0\cv-corpus-23.0-2025-09-05\nan-tw\single_speaker\wavs\common_voice_nan-tw_32193021.wav|nan_tw_01|yue|go1 ciu1
E:\008-datasets\mcv-scripted-nan-tw-v23.0\cv-corpus-23.0-2025-09-05\nan-tw\single_speaker\wavs\common_voice_nan-tw_32193022.wav|nan_tw_01|yue|ket1 bo4 cin1 soo1 laai4 ze2 dong1 siu1
E:\008-datasets\mcv-scripted-nan-tw-v23.0\cv-corpus-23.0-2025-09-05\nan-tw\single_speaker\wavs\common_voice_nan-tw_32193023.wav|nan_tw_01|yue|ci3 lo4 aa2 tang4
E:\008-datasets\mcv-scripted-nan-tw-v23.0\cv-corpus-23.0-2025-09-05\nan-tw\single_speaker\wavs\common_voice_nan-tw_32193024.wav|nan_tw_01|yue|cit1 goo2
E:\008-datasets\mcv-scripted-nan-tw-v23.0\cv-corpus-23.0-2025-09-05\nan-tw\single_speaker\wavs\common_voice_nan-tw_32193031.wav|nan_tw_01|yue|e4 nng1 ciu1
E:\008-datasets\mcv-scripted-nan-tw-v23.0\cv-corpus-23.0-2025-09-05\nan-tw\single_speaker\wavs\common_voice_nan-tw_32193032.wav|nan_tw_01|yue|to4 hng4 kun4 suann3
E:\008-datasets\mcv-scripted-nan-tw-v23.0\cv-corpus-23.0-2025-09-05\nan-tw\single_speaker\wavs\common_voice_nan-tw_32193033.wav|nan_tw_01|yue|too4 tot1 |1 too4 tut1
E:\008-datasets\mcv-scripted-nan-tw-v23.0\cv-corpus-23.0-2025-09-05\nan-tw\single_speaker\wavs\common_voice_nan-tw_32193034.wav|nan_tw_01|yue|gu1 gu1 seoi1 seoi1
E:\008-datasets\mcv-scripted-nan-tw-v23.0\cv-corpus-23.0-2025-09-05\nan-tw\single_speaker\wavs\common_voice_nan-tw_32193035.wav|nan_tw_01|yue|cin1 zu2 dong2
E:\008-datasets\mcv-scripted-nan-tw-v23.0\cv-corpus-23.0-2025-09-05\nan-tw\single_speaker\wavs\common_voice_nan-tw_32193036.wav|nan_tw_01|yue|aat1 aa2 tiann1 leoi4
E:\008-datasets\mcv-scripted-nan-tw-v23.0\cv-corpus-23.0-2025-09-05\nan-tw\single_speaker\wavs\common_voice_nan-tw_32193037.wav|nan_tw_01|yue|ji1 zeoi2
E:\008-datasets\mcv-scripted-nan-tw-v23.0\cv-corpus-23.0-2025-09-05\nan-tw\single_speaker\wavs\common_voice_nan-tw_32193038.wav|nan_tw_01|yue|du1 hong1 zinn3 zeoi2
E:\008-datasets\mcv-scripted-nan-tw-v23.0\cv-corpus-23.0-2025-09-05\nan-tw\single_speaker\wavs\common_voice_nan-tw_32193039.wav|nan_tw_01|yue|iu4 ciunn2 gok1 soe2
E:\008-datasets\mcv-scripted-nan-tw-v23.0\cv-corpus-23.0-2025-09-05\nan-tw\single_speaker\wavs\common_voice_nan-tw_32193045.wav|nan_tw_01|yue|i4 haa1 zip1 bo̍k1
E:\008-datasets\mcv-scripted-nan-tw-v23.0\cv-corpus-23.0-2025-09-05\nan-tw\single_speaker\wavs\common_voice_nan-tw_32193047.wav|nan_tw_01|yue|niu1 aa2 sung1 gaat1 i3 caau3 co1 e4
E:\008-datasets\mcv-scripted-nan-tw-v23.0\cv-corpus-23.0-2025-09-05\nan-tw\single_speaker\wavs\common_voice_nan-tw_32193048.wav|nan_tw_01|yue|laau2 poo3 |1 lo2 poo3
E:\008-datasets\mcv-scripted-nan-tw-v23.0\cv-corpus-23.0-2025-09-05\nan-tw\single_speaker\wavs\common_voice_nan-tw_32193050.wav|nan_tw_01|yue|hang3 zing2
E:\008-datasets\mcv-scripted-nan-tw-v23.0\cv-corpus-23.0-2025-09-05\nan-tw\single_speaker\wavs\common_voice_nan-tw_32193051.wav|nan_tw_01|yue|ziunn2 gang1 gok1
E:\008-datasets\mcv-scripted-nan-tw-v23.0\cv-corpus-23.0-2025-09-05\nan-tw\single_speaker\wavs\common_voice_nan-tw_32193053.wav|nan_tw_01|yue|gann2 ziah1 ni1
E:\008-datasets\mcv-scripted-nan-tw-v23.0\cv-corpus-23.0-2025-09-05\nan-tw\single_speaker\wavs\common_voice_nan-tw_32198869.wav|nan_tw_01|yue|goe4
E:\008-datasets\mcv-scripted-nan-tw-v23.0\cv-corpus-23.0-2025-09-05\nan-tw\single_speaker\wavs\common_voice_nan-tw_32198870.wav|nan_tw_01|yue|sam1 cin1
E:\008-datasets\mcv-scripted-nan-tw-v23.0\cv-corpus-23.0-2025-09-05\nan-tw\single_speaker\wavs\common_voice_nan-tw_32198871.wav|nan_tw_01|yue|nng1 baau1 bng1
E:\008-datasets\mcv-scripted-nan-tw-v23.0\cv-corpus-23.0-2025-09-05\nan-tw\single_speaker\wavs\common_voice_nan-tw_32198872.wav|nan_tw_01|yue|haai4 sing1 gok1 dung1 |1 hoai4 sang1 gok1 dung1
E:\008-datasets\mcv-scripted-nan-tw-v23.0\cv-corpus-23.0-2025-09-05\nan-tw\single_speaker\wavs\common_voice_nan-tw_32198873.wav|nan_tw_01|yue|m1 tang1 hoo1 daau1 iu4 dit1 lo̍h1 laai4
E:\008-datasets\mcv-scripted-nan-tw-v23.0\cv-corpus-23.0-2025-09-05\nan-tw\single_speaker\wavs\common_voice_nan-tw_32198874.wav|nan_tw_01|yue|lo̍k1 gok1 hung1
E:\008-datasets\mcv-scripted-nan-tw-v23.0\cv-corpus-23.0-2025-09-05\nan-tw\single_speaker\wavs\common_voice_nan-tw_32198875.wav|nan_tw_01|yue|be2 zeoi2
E:\008-datasets\mcv-scripted-nan-tw-v23.0\cv-corpus-23.0-2025-09-05\nan-tw\single_speaker\wavs\common_voice_nan-tw_32198876.wav|nan_tw_01|yue|taau1 laai4 am2 ki3
E:\008-datasets\mcv-scripted-nan-tw-v23.0\cv-corpus-23.0-2025-09-05\nan-tw\single_speaker\wavs\common_voice_nan-tw_32198877.wav|nan_tw_01|yue|zaat1 zaau2
E:\008-datasets\mcv-scripted-nan-tw-v23.0\cv-corpus-23.0-2025-09-05\nan-tw\single_speaker\wavs\common_voice_nan-tw_32198878.wav|nan_tw_01|yue|kaai3 cu2
E:\008-datasets\mcv-scripted-nan-tw-v23.0\cv-corpus-23.0-2025-09-05\nan-tw\single_speaker\wavs\common_voice_nan-tw_32198879.wav|nan_tw_01|yue|li2 zuk1 seoi2
E:\008-datasets\mcv-scripted-nan-tw-v23.0\cv-corpus-23.0-2025-09-05\nan-tw\single_speaker\wavs\common_voice_nan-tw_32198880.wav|nan_tw_01|yue|da̍t1 sing4 bo̍k1 biu1
E:\008-datasets\mcv-scripted-nan-tw-v23.0\cv-corpus-23.0-2025-09-05\nan-tw\single_speaker\wavs\common_voice_nan-tw_32198881.wav|nan_tw_01|yue|din1 naau2 aa2 po1
E:\008-datasets\mcv-scripted-nan-tw-v23.0\cv-corpus-23.0-2025-09-05\nan-tw\single_speaker\wavs\common_voice_nan-tw_32198882.wav|nan_tw_01|yue|sam1 dung4 boo1
E:\008-datasets\mcv-scripted-nan-tw-v23.0\cv-corpus-23.0-2025-09-05\nan-tw\single_speaker\wavs\common_voice_nan-tw_32198883.wav|nan_tw_01|yue|gng2 saai1 zong3 zo̍k1 zu1 di1 ku1
E:\008-datasets\mcv-scripted-nan-tw-v23.0\cv-corpus-23.0-2025-09-05\nan-tw\single_speaker\wavs\common_voice_nan-tw_32198884.wav|nan_tw_01|yue|li2 m1 tang1 di1 he1 kang1 ceoi3 boo1 zi̍h1 lun1 zo1 o1
E:\008-datasets\mcv-scripted-nan-tw-v23.0\cv-corpus-23.0-2025-09-05\nan-tw\single_speaker\wavs\common_voice_nan-tw_32198885.wav|nan_tw_01|yue|ha̍k1 din4
E:\008-datasets\mcv-scripted-nan-tw-v23.0\cv-corpus-23.0-2025-09-05\nan-tw\single_speaker\wavs\common_voice_nan-tw_32198886.wav|nan_tw_01|yue|hun1 aa2 gong1 gun2 |1 hoan1 aa2 gong1 goan2
E:\008-datasets\mcv-scripted-nan-tw-v23.0\cv-corpus-23.0-2025-09-05\nan-tw\single_speaker\wavs\common_voice_nan-tw_32198887.wav|nan_tw_01|yue|ki2 ging1
E:\008-datasets\mcv-scripted-nan-tw-v23.0\cv-corpus-23.0-2025-09-05\nan-tw\single_speaker\wavs\common_voice_nan-tw_32198888.wav|nan_tw_01|yue|ne2 zinn4 pinn3
E:\008-datasets\mcv-scripted-nan-tw-v23.0\cv-corpus-23.0-2025-09-05\nan-tw\single_speaker\wavs\common_voice_nan-tw_38069395.wav|nan_tw_01|yue|ge1 daau1
E:\008-datasets\mcv-scripted-nan-tw-v23.0\cv-corpus-23.0-2025-09-05\nan-tw\single_speaker\wavs\common_voice_nan-tw_38069396.wav|nan_tw_01|yue|bun4 paai3 |1 mng4 paai3
E:\008-datasets\mcv-scripted-nan-tw-v23.0\cv-corpus-23.0-2025-09-05\nan-tw\single_speaker\wavs\common_voice_nan-tw_38069397.wav|nan_tw_01|yue|paat1 diann1
E:\008-datasets\mcv-scripted-nan-tw-v23.0\cv-corpus-23.0-2025-09-05\nan-tw\single_speaker\wavs\common_voice_nan-tw_38069398.wav|nan_tw_01|yue|hong4 ke1 dung1 goe4
E:\008-datasets\mcv-scripted-nan-tw-v23.0\cv-corpus-23.0-2025-09-05\nan-tw\single_speaker\wavs\common_voice_nan-tw_38069399.wav|nan_tw_01|yue|lam4 iu2
E:\008-datasets\mcv-scripted-nan-tw-v23.0\cv-corpus-23.0-2025-09-05\nan-tw\single_speaker\wavs\common_voice_nan-tw_38069425.wav|nan_tw_01|yue|dinn4 buann3
E:\008-datasets\mcv-scripted-nan-tw-v23.0\cv-corpus-23.0-2025-09-05\nan-tw\single_speaker\wavs\common_voice_nan-tw_38069426.wav|nan_tw_01|yue|i1 bo4 da̍h1 gaa2 e4 kaa1 gaa2 bo4 da̍h1 i1 e4 taau4
E:\008-datasets\mcv-scripted-nan-tw-v23.0\cv-corpus-23.0-2025-09-05\nan-tw\single_speaker\wavs\common_voice_nan-tw_38069427.wav|nan_tw_01|yue|cu1 bang1
E:\008-datasets\mcv-scripted-nan-tw-v23.0\cv-corpus-23.0-2025-09-05\nan-tw\single_speaker\wavs\common_voice_nan-tw_38069428.wav|nan_tw_01|yue|zong2 poo1
E:\008-datasets\mcv-scripted-nan-tw-v23.0\cv-corpus-23.0-2025-09-05\nan-tw\single_speaker\wavs\common_voice_nan-tw_38069429.wav|nan_tw_01|yue|bo4 ji1 tin1 su1
E:\008-datasets\mcv-scripted-nan-tw-v23.0\cv-corpus-23.0-2025-09-05\nan-tw\single_speaker\wavs\common_voice_nan-tw_38069452.wav|nan_tw_01|yue|m1 bat1 bo2
E:\008-datasets\mcv-scripted-nan-tw-v23.0\cv-corpus-23.0-2025-09-05\nan-tw\single_speaker\wavs\common_voice_nan-tw_38069453.wav|nan_tw_01|yue|taai1 in1 tng4 joe1 benn1
E:\008-datasets\mcv-scripted-nan-tw-v23.0\cv-corpus-23.0-2025-09-05\nan-tw\single_speaker\wavs\common_voice_nan-tw_38069454.wav|nan_tw_01|yue|kaai2 sun4 dung1 haa4
E:\008-datasets\mcv-scripted-nan-tw-v23.0\cv-corpus-23.0-2025-09-05\nan-tw\single_speaker\wavs\common_voice_nan-tw_38069455.wav|nan_tw_01|yue|sing1 hut1 iu4
E:\008-datasets\mcv-scripted-nan-tw-v23.0\cv-corpus-23.0-2025-09-05\nan-tw\single_speaker\wavs\common_voice_nan-tw_38069456.wav|nan_tw_01|yue|too4 gat1 cu3
E:\008-datasets\mcv-scripted-nan-tw-v23.0\cv-corpus-23.0-2025-09-05\nan-tw\single_speaker\wavs\common_voice_nan-tw_38069463.wav|nan_tw_01|yue|hin2 ling4
E:\008-datasets\mcv-scripted-nan-tw-v23.0\cv-corpus-23.0-2025-09-05\nan-tw\single_speaker\wavs\common_voice_nan-tw_38069465.wav|nan_tw_01|yue|gaau1 le1 ke4
E:\008-datasets\mcv-scripted-nan-tw-v23.0\cv-corpus-23.0-2025-09-05\nan-tw\single_speaker\wavs\common_voice_nan-tw_38069466.wav|nan_tw_01|yue|sik1 ge1 hu̍t1
E:\008-datasets\mcv-scripted-nan-tw-v23.0\cv-corpus-23.0-2025-09-05\nan-tw\single_speaker\wavs\common_voice_nan-tw_38069468.wav|nan_tw_01|yue|im4 liu4
E:\008-datasets\mcv-scripted-nan-tw-v23.0\cv-corpus-23.0-2025-09-05\nan-tw\single_speaker\wavs\common_voice_nan-tw_38069469.wav|nan_tw_01|yue|ung4 hong1
E:\008-datasets\mcv-scripted-nan-tw-v23.0\cv-corpus-23.0-2025-09-05\nan-tw\single_speaker\wavs\common_voice_nan-tw_38069487.wav|nan_tw_01|yue|ji̍t1 giu2 tann1 hung1 sing4 goo3 hung1
E:\008-datasets\mcv-scripted-nan-tw-v23.0\cv-corpus-23.0-2025-09-05\nan-tw\single_speaker\wavs\common_voice_nan-tw_38069489.wav|nan_tw_01|yue|haai2 se1 aa2
E:\008-datasets\mcv-scripted-nan-tw-v23.0\cv-corpus-23.0-2025-09-05\nan-tw\single_speaker\wavs\common_voice_nan-tw_38069491.wav|nan_tw_01|yue|cheoi2 sung1 hung1
E:\008-datasets\mcv-scripted-nan-tw-v23.0\cv-corpus-23.0-2025-09-05\nan-tw\single_speaker\wavs\common_voice_nan-tw_38069492.wav|nan_tw_01|yue|u1 dang1 dio̍h1 aa2
E:\008-datasets\mcv-scripted-nan-tw-v23.0\cv-corpus-23.0-2025-09-05\nan-tw\single_speaker\wavs\common_voice_nan-tw_38069494.wav|nan_tw_01|yue|gainn3 sik1
E:\008-datasets\mcv-scripted-nan-tw-v23.0\cv-corpus-23.0-2025-09-05\nan-tw\single_speaker\wavs\common_voice_nan-tw_38069517.wav|nan_tw_01|yue|jiu4 hi4 zinn3
E:\008-datasets\mcv-scripted-nan-tw-v23.0\cv-corpus-23.0-2025-09-05\nan-tw\single_speaker\wavs\common_voice_nan-tw_38069518.wav|nan_tw_01|yue|goo1 gip1 jia̍t1 daai3 ki3 sun4
E:\008-datasets\mcv-scripted-nan-tw-v23.0\cv-corpus-23.0-2025-09-05\nan-tw\single_speaker\wavs\common_voice_nan-tw_38069519.wav|nan_tw_01|yue|gin3 sing4 gok1 dung1 |1 gin3 sang4 gok1 dung1
E:\008-datasets\mcv-scripted-nan-tw-v23.0\cv-corpus-23.0-2025-09-05\nan-tw\single_speaker\wavs\common_voice_nan-tw_38069520.wav|nan_tw_01|yue|dang1 mng4 inn4 kun4
E:\008-datasets\mcv-scripted-nan-tw-v23.0\cv-corpus-23.0-2025-09-05\nan-tw\single_speaker\wavs\common_voice_nan-tw_38069521.wav|nan_tw_01|yue|i1 bet1 suann1 e4 si4 zun1
E:\008-datasets\mcv-scripted-nan-tw-v23.0\cv-corpus-23.0-2025-09-05\nan-tw\single_speaker\wavs\common_voice_nan-tw_38069550.wav|nan_tw_01|yue|hng1 dun1 gaau3 ha̍k1
E:\008-datasets\mcv-scripted-nan-tw-v23.0\cv-corpus-23.0-2025-09-05\nan-tw\single_speaker\wavs\common_voice_nan-tw_38069551.wav|nan_tw_01|yue|sam1 ce1 ho4 |1 sann1 ce1 ho4
E:\008-datasets\mcv-scripted-nan-tw-v23.0\cv-corpus-23.0-2025-09-05\nan-tw\single_speaker\wavs\common_voice_nan-tw_38069552.wav|nan_tw_01|yue|ceoi3 da̍h1 tut1
E:\008-datasets\mcv-scripted-nan-tw-v23.0\cv-corpus-23.0-2025-09-05\nan-tw\single_speaker\wavs\common_voice_nan-tw_38069553.wav|nan_tw_01|yue|iu2 e1 saai2
E:\008-datasets\mcv-scripted-nan-tw-v23.0\cv-corpus-23.0-2025-09-05\nan-tw\single_speaker\wavs\common_voice_nan-tw_38069554.wav|nan_tw_01|yue|ting3 haau1 diann2 jia̍t1 e4 si4 aai3 guann2 gin2 he1 iu4 lo̍h1 ki3
E:\008-datasets\mcv-scripted-nan-tw-v23.0\cv-corpus-23.0-2025-09-05\nan-tw\single_speaker\wavs\common_voice_nan-tw_38069580.wav|nan_tw_01|yue|piu1 sang3
E:\008-datasets\mcv-scripted-nan-tw-v23.0\cv-corpus-23.0-2025-09-05\nan-tw\single_speaker\wavs\common_voice_nan-tw_38069581.wav|nan_tw_01|yue|sim1 laai1 e4 gaa1
E:\008-datasets\mcv-scripted-nan-tw-v23.0\cv-corpus-23.0-2025-09-05\nan-tw\single_speaker\wavs\common_voice_nan-tw_38069582.wav|nan_tw_01|yue|zi̍k1
E:\008-datasets\mcv-scripted-nan-tw-v23.0\cv-corpus-23.0-2025-09-05\nan-tw\single_speaker\wavs\common_voice_nan-tw_38069583.wav|nan_tw_01|yue|lia̍t1 su1 hung1
E:\008-datasets\mcv-scripted-nan-tw-v23.0\cv-corpus-23.0-2025-09-05\nan-tw\single_speaker\wavs\common_voice_nan-tw_38069584.wav|nan_tw_01|yue|aau1 ia̍h1
E:\008-datasets\mcv-scripted-nan-tw-v23.0\cv-corpus-23.0-2025-09-05\nan-tw\single_speaker\wavs\common_voice_nan-tw_38069590.wav|nan_tw_01|yue|do3 hiann3
E:\008-datasets\mcv-scripted-nan-tw-v23.0\cv-corpus-23.0-2025-09-05\nan-tw\single_speaker\wavs\common_voice_nan-tw_38069591.wav|nan_tw_01|yue|daa1 diu1 diann4
E:\008-datasets\mcv-scripted-nan-tw-v23.0\cv-corpus-23.0-2025-09-05\nan-tw\single_speaker\wavs\common_voice_nan-tw_38069592.wav|nan_tw_01|yue|sam1 hin4
E:\008-datasets\mcv-scripted-nan-tw-v23.0\cv-corpus-23.0-2025-09-05\nan-tw\single_speaker\wavs\common_voice_nan-tw_38069593.wav|nan_tw_01|yue|zing2 taau4 aa2
E:\008-datasets\mcv-scripted-nan-tw-v23.0\cv-corpus-23.0-2025-09-05\nan-tw\single_speaker\wavs\common_voice_nan-tw_38069594.wav|nan_tw_01|yue|haau2 bin1
E:\008-datasets\mcv-scripted-nan-tw-v23.0\cv-corpus-23.0-2025-09-05\nan-tw\single_speaker\wavs\common_voice_nan-tw_38069605.wav|nan_tw_01|yue|gaau3 de3
E:\008-datasets\mcv-scripted-nan-tw-v23.0\cv-corpus-23.0-2025-09-05\nan-tw\single_speaker\wavs\common_voice_nan-tw_38069606.wav|nan_tw_01|yue|jia̍t1 gun3
E:\008-datasets\mcv-scripted-nan-tw-v23.0\cv-corpus-23.0-2025-09-05\nan-tw\single_speaker\wavs\common_voice_nan-tw_38069607.wav|nan_tw_01|yue|daa1 siann1 e4
E:\008-datasets\mcv-scripted-nan-tw-v23.0\cv-corpus-23.0-2025-09-05\nan-tw\single_speaker\wavs\common_voice_nan-tw_38069608.wav|nan_tw_01|yue|bun1 bun1 but1 lo̍k1
E:\008-datasets\mcv-scripted-nan-tw-v23.0\cv-corpus-23.0-2025-09-05\nan-tw\single_speaker\wavs\common_voice_nan-tw_38069609.wav|nan_tw_01|yue|lam4 in2 un4
E:\008-datasets\mcv-scripted-nan-tw-v23.0\cv-corpus-23.0-2025-09-05\nan-tw\single_speaker\wavs\common_voice_nan-tw_38069620.wav|nan_tw_01|yue|daa1 diann2 caai3
E:\008-datasets\mcv-scripted-nan-tw-v23.0\cv-corpus-23.0-2025-09-05\nan-tw\single_speaker\wavs\common_voice_nan-tw_38069621.wav|nan_tw_01|yue|gim1 suann1 go1 dung1 |1 gim1 soa1 go1 dung1
E:\008-datasets\mcv-scripted-nan-tw-v23.0\cv-corpus-23.0-2025-09-05\nan-tw\single_speaker\wavs\common_voice_nan-tw_38069622.wav|nan_tw_01|yue|naa2 ba̍t1 aa2 zip1 |1 naa2 bua̍t1 aa2 zip1
E:\008-datasets\mcv-scripted-nan-tw-v23.0\cv-corpus-23.0-2025-09-05\nan-tw\single_speaker\wavs\common_voice_nan-tw_38069623.wav|nan_tw_01|yue|gun2 m1 si1 zi̍t1 e4 bo4 gam2 zing4 e4 lang4
E:\008-datasets\mcv-scripted-nan-tw-v23.0\cv-corpus-23.0-2025-09-05\nan-tw\single_speaker\wavs\common_voice_nan-tw_43282968.wav|nan_tw_01|yue|poo1
E:\008-datasets\mcv-scripted-nan-tw-v23.0\cv-corpus-23.0-2025-09-05\nan-tw\single_speaker\wavs\common_voice_nan-tw_43282974.wav|nan_tw_01|yue|jiu3 |1 liu3
E:\008-datasets\mcv-scripted-nan-tw-v23.0\cv-corpus-23.0-2025-09-05\nan-tw\single_speaker\wavs\common_voice_nan-tw_43282975.wav|nan_tw_01|yue|han4 ban1
E:\008-datasets\mcv-scripted-nan-tw-v23.0\cv-corpus-23.0-2025-09-05\nan-tw\single_speaker\wavs\common_voice_nan-tw_43282981.wav|nan_tw_01|yue|aat1 naa1
E:\008-datasets\mcv-scripted-nan-tw-v23.0\cv-corpus-23.0-2025-09-05\nan-tw\single_speaker\wavs\common_voice_nan-tw_43282990.wav|nan_tw_01|yue|ooh1
E:\008-datasets\mcv-scripted-nan-tw-v23.0\cv-corpus-23.0-2025-09-05\nan-tw\single_speaker\wavs\common_voice_nan-tw_43282991.wav|nan_tw_01|yue|du3
E:\008-datasets\mcv-scripted-nan-tw-v23.0\cv-corpus-23.0-2025-09-05\nan-tw\single_speaker\wavs\common_voice_nan-tw_43283089.wav|nan_tw_01|yue|ziu4
E:\008-datasets\mcv-scripted-nan-tw-v23.0\cv-corpus-23.0-2025-09-05\nan-tw\single_speaker\wavs\common_voice_nan-tw_43283093.wav|nan_tw_01|yue|paat1 sng3
E:\008-datasets\mcv-scripted-nan-tw-v23.0\cv-corpus-23.0-2025-09-05\nan-tw\single_speaker\wavs\common_voice_nan-tw_43283105.wav|nan_tw_01|yue|kuinn3 ua̍h1 |1 kuann3 ua̍h1 |1 kuainn3 ua̍h1
E:\008-datasets\mcv-scripted-nan-tw-v23.0\cv-corpus-23.0-2025-09-05\nan-tw\single_speaker\wavs\common_voice_nan-tw_43283114.wav|nan_tw_01|yue|gin2
E:\008-datasets\mcv-scripted-nan-tw-v23.0\cv-corpus-23.0-2025-09-05\nan-tw\single_speaker\wavs\common_voice_nan-tw_43283122.wav|nan_tw_01|yue|gaau3
E:\008-datasets\mcv-scripted-nan-tw-v23.0\cv-corpus-23.0-2025-09-05\nan-tw\single_speaker\wavs\common_voice_nan-tw_43283132.wav|nan_tw_01|yue|su1
E:\008-datasets\mcv-scripted-nan-tw-v23.0\cv-corpus-23.0-2025-09-05\nan-tw\single_speaker\wavs\common_voice_nan-tw_43283144.wav|nan_tw_01|yue|hin1
E:\008-datasets\mcv-scripted-nan-tw-v23.0\cv-corpus-23.0-2025-09-05\nan-tw\single_speaker\wavs\common_voice_nan-tw_43283146.wav|nan_tw_01|yue|ciann3
E:\008-datasets\mcv-scripted-nan-tw-v23.0\cv-corpus-23.0-2025-09-05\nan-tw\single_speaker\wavs\common_voice_nan-tw_43283148.wav|nan_tw_01|yue|ji̍p1 |1 li̍p1
E:\008-datasets\mcv-scripted-nan-tw-v23.0\cv-corpus-23.0-2025-09-05\nan-tw\single_speaker\wavs\common_voice_nan-tw_43283164.wav|nan_tw_01|yue|oo1 am3
E:\008-datasets\mcv-scripted-nan-tw-v23.0\cv-corpus-23.0-2025-09-05\nan-tw\single_speaker\wavs\common_voice_nan-tw_43283169.wav|nan_tw_01|yue|cenn1 hun1 |1 cinn1 hun1 |1 senn1 hun1 |1 sinn1 hun1
E:\008-datasets\mcv-scripted-nan-tw-v23.0\cv-corpus-23.0-2025-09-05\nan-tw\single_speaker\wavs\common_voice_nan-tw_43283180.wav|nan_tw_01|yue|ziah1 got1
E:\008-datasets\mcv-scripted-nan-tw-v23.0\cv-corpus-23.0-2025-09-05\nan-tw\single_speaker\wavs\common_voice_nan-tw_43283190.wav|nan_tw_01|yue|be1 dang3 |1 bo1 dang3
E:\008-datasets\mcv-scripted-nan-tw-v23.0\cv-corpus-23.0-2025-09-05\nan-tw\single_speaker\wavs\common_voice_nan-tw_43283192.wav|nan_tw_01|yue|tin4
E:\008-datasets\mcv-scripted-nan-tw-v23.0\cv-corpus-23.0-2025-09-05\nan-tw\single_speaker\wavs\common_voice_nan-tw_43283216.wav|nan_tw_01|yue|daa1 guann1
E:\008-datasets\mcv-scripted-nan-tw-v23.0\cv-corpus-23.0-2025-09-05\nan-tw\single_speaker\wavs\common_voice_nan-tw_43283234.wav|nan_tw_01|yue|sit1 naat1 |1 sit1 naa3 |1 sinnh1 naa3
